student_id,department,course,semester,enrollment_status,gender,year,age,gpa,credits,tuition_fee,scholarship_amount,enrollment_date
STU00001,Mathematics,Calculus I,Fall 2024,Enrolled,Male,Freshman,24,2.82,1,20593.82,7374.85,2024-08-30
STU00002,Business Administration,Management,Spring 2023,Enrolled,Male,Graduate,28,3.36,1,6161.67,3202.25,2023-01-13
STU00003,Psychology,Cognitive Psychology,Fall 2024,Completed,Male,Senior,25,2.81,3,8668.09,1582.32,2024-09-02
STU00004,Computer Science,Algorithms,Fall 2024,Enrolled,Male,Junior,29,2.84,1,5461.25,1719.56,2024-08-21
STU00005,Mathematics,Statistics,Spring 2023,Dropped,Female,Freshman,29,3.21,4,12649.24,7462.27,2023-01-12
STU00006,Psychology,Intro to Psychology,Spring 2025,Enrolled,Female,Graduate,26,2.72,3,17150.9,1754.79,2025-01-12
STU00007,Business Administration,Finance,Fall 2024,Enrolled,Male,Junior,19,2.8,1,6953.44,2854.66,2024-08-26
STU00008,Biology,Cell Biology,Spring 2024,Completed,Female,Sophomore,29,3.57,3,7440.76,2210.7,2024-01-22
STU00009,English,American Literature,Fall 2024,Completed,Female,Freshman,20,2.99,2,18250.45,3413.32,2024-08-17
STU00010,Psychology,Cognitive Psychology,Fall 2023,Enrolled,Non-binary,Graduate,27,3.29,2,15934.21,1767.31,2023-09-01
STU00011,English,Creative Writing,Fall 2023,Enrolled,Male,Junior,27,2.01,1,23533.18,10269.01,2023-08-29
STU00012,Biology,Anatomy,Spring 2025,Enrolled,Female,Senior,25,2.58,4,16408.88,5127.78,2025-01-13
STU00013,Physics,Thermodynamics,Spring 2023,Completed,Female,Graduate,26,2.36,4,21574.75,4618.12,2023-01-22
STU00014,Business Administration,Management,Spring 2024,Waitlisted,Male,Senior,26,2.74,1,10925.47,1083.37,2024-01-14
STU00015,Computer Science,Data Structures,Fall 2023,Enrolled,Female,Graduate,30,2.76,1,5110.44,2500.42,2023-08-31
STU00016,History,Ancient Civilizations,Fall 2024,Completed,Male,Graduate,29,3.41,1,19580.14,9060.95,2024-08-16
STU00017,Mathematics,Probability,Spring 2025,Dropped,Female,Junior,27,2.68,1,22262.07,8325.54,2025-01-07
STU00018,Chemistry,Analytical Chemistry,Fall 2023,Enrolled,Female,Junior,18,2.95,2,6271.17,1170.13,2023-08-19
STU00019,Psychology,Intro to Psychology,Spring 2025,Enrolled,Female,Graduate,24,2.31,2,16224.87,3727.76,2025-01-20
STU00020,Physics,Thermodynamics,Spring 2025,Completed,Female,Graduate,24,3.42,1,20215.7,6807.97,2025-01-19
STU00021,Business Administration,Accounting,Spring 2024,Enrolled,Male,Junior,24,3.02,2,9034.38,4855.6,2024-01-24
STU00022,Computer Science,Machine Learning,Spring 2025,Waitlisted,Male,Senior,21,2.62,1,16265.51,6787.75,2025-01-10
STU00023,Psychology,Cognitive Psychology,Spring 2023,Completed,Female,Junior,24,3.54,4,9061.22,5126.04,2023-01-16
STU00024,Biology,Anatomy,Spring 2025,Completed,Female,Senior,28,4.0,3,18895.7,9982.23,2025-01-15
STU00025,Economics,Game Theory,Spring 2024,Enrolled,Male,Freshman,26,3.05,2,9368.81,2341.32,2024-01-18
STU00026,Business Administration,Finance,Spring 2023,Completed,Male,Freshman,27,2.62,1,7441.76,1590.89,2023-01-10
STU00027,English,Creative Writing,Spring 2024,Enrolled,Female,Graduate,22,2.9,2,21360.3,11031.28,2024-01-14
STU00028,Business Administration,Entrepreneurship,Spring 2024,Dropped,Female,Sophomore,23,2.37,1,15214.95,3810.53,2024-01-12
STU00029,Mathematics,Probability,Spring 2024,Completed,Male,Freshman,18,2.93,1,23858.19,4626.62,2024-01-16
STU00030,Computer Science,Operating Systems,Fall 2024,Dropped,Male,Sophomore,21,2.7,2,12272.59,7155.77,2024-08-31
STU00031,Psychology,Abnormal Psychology,Spring 2023,Enrolled,Male,Freshman,29,3.09,4,11017.57,1882.95,2023-01-26
STU00032,Psychology,Intro to Psychology,Spring 2023,Waitlisted,Female,Freshman,28,2.26,2,17191.29,5185.02,2023-01-14
STU00033,Physics,Quantum Physics,Spring 2024,Enrolled,Male,Freshman,18,3.82,2,15618.69,4196.27,2024-01-13
STU00034,History,World History,Spring 2025,Enrolled,Female,Senior,24,3.63,3,18442.71,8427.8,2025-01-22
STU00035,History,Modern History,Fall 2024,Completed,Male,Sophomore,23,3.8,1,17670.59,5680.47,2024-08-27
STU00036,Business Administration,Business Ethics,Fall 2024,Completed,Male,Graduate,22,2.4,4,8014.35,2443.73,2024-08-27
STU00037,Psychology,Developmental Psychology,Fall 2023,Waitlisted,Male,Sophomore,20,3.95,1,5331.76,1638.21,2023-09-02
STU00038,Business Administration,Marketing,Fall 2024,Enrolled,Male,Graduate,25,3.54,2,17903.46,1873.06,2024-08-12
STU00039,Business Administration,Entrepreneurship,Spring 2023,Enrolled,Female,Graduate,29,3.41,3,7750.42,1586.04,2023-01-27
STU00040,Chemistry,Organic Chemistry,Fall 2024,Enrolled,Male,Sophomore,24,3.02,3,15828.96,6608.13,2024-08-18
STU00041,Economics,Econometrics,Spring 2025,Waitlisted,Male,Graduate,33,2.24,1,24925.07,14437.89,2025-01-10
STU00042,Mathematics,Discrete Math,Fall 2023,Enrolled,Female,Freshman,22,3.16,2,22652.73,2564.84,2023-08-23
STU00043,English,British Literature,Fall 2023,Dropped,Female,Graduate,24,3.51,1,22126.49,5370.21,2023-08-15
STU00044,Psychology,Social Psychology,Spring 2025,Enrolled,Female,Junior,25,3.34,1,22018.57,12360.81,2025-01-09
STU00045,Mathematics,Probability,Fall 2024,Enrolled,Female,Junior,23,3.53,2,12445.66,7020.35,2024-08-29
STU00046,Chemistry,Physical Chemistry,Spring 2024,Waitlisted,Female,Freshman,19,3.99,4,14712.28,3958.4,2024-01-16
STU00047,Chemistry,General Chemistry,Spring 2023,Dropped,Female,Junior,21,2.61,2,11507.99,5154.37,2023-01-17
STU00048,Economics,Game Theory,Fall 2024,Completed,Male,Sophomore,24,3.49,1,19418.8,3589.3,2024-08-27
STU00049,English,Poetry,Fall 2024,Completed,Male,Junior,29,4.0,1,10009.24,3542.5,2024-08-17
STU00050,English,American Literature,Fall 2024,Completed,Male,Graduate,34,3.17,4,14734.84,8010.73,2024-08-13
STU00051,Business Administration,Business Ethics,Fall 2023,Waitlisted,Female,Sophomore,22,4.0,4,14850.35,1739.66,2023-08-30
STU00052,Computer Science,Algorithms,Fall 2024,Enrolled,Female,Sophomore,20,3.15,3,16440.08,7581.05,2024-08-28
STU00053,Physics,Relativity,Spring 2023,Waitlisted,Female,Sophomore,29,2.99,2,5309.13,2957.14,2023-01-26
STU00054,Economics,Econometrics,Fall 2023,Dropped,Male,Freshman,22,3.46,2,16445.85,9673.43,2023-09-03
STU00055,History,European History,Fall 2023,Enrolled,Female,Junior,22,2.8,4,14705.6,3288.35,2023-08-24
STU00056,Psychology,Social Psychology,Spring 2025,Enrolled,Non-binary,Sophomore,23,2.69,3,18920.6,6471.54,2025-01-23
STU00057,Computer Science,Data Structures,Fall 2024,Enrolled,Female,Senior,23,2.45,1,10905.81,2110.61,2024-08-19
STU00058,History,Modern History,Fall 2023,Enrolled,Male,Graduate,22,2.72,2,7732.43,3288.96,2023-08-21
STU00059,English,Composition,Spring 2023,Completed,Male,Junior,27,3.36,1,22341.45,12241.87,2023-01-16
STU00060,Chemistry,Physical Chemistry,Fall 2023,Completed,Male,Junior,26,3.36,2,17557.89,2046.62,2023-08-22
STU00061,Biology,Microbiology,Fall 2024,Enrolled,Female,Sophomore,29,2.32,3,18440.52,3630.78,2024-09-02
STU00062,History,Modern History,Spring 2025,Enrolled,Male,Graduate,31,4.0,3,22208.09,3334.56,2025-01-15
STU00063,Economics,International Economics,Spring 2024,Enrolled,Male,Sophomore,23,3.28,1,11533.02,5728.7,2024-01-19
STU00064,Chemistry,Physical Chemistry,Fall 2024,Completed,Male,Sophomore,29,2.16,3,17457.81,893.99,2024-08-24
STU00065,Biology,Genetics,Spring 2023,Enrolled,Non-binary,Graduate,25,3.93,1,7767.06,618.62,2023-01-27
STU00066,Economics,International Economics,Spring 2025,Completed,Female,Senior,29,2.73,4,19291.9,475.36,2025-01-24
STU00067,History,US History,Spring 2023,Completed,Female,Freshman,29,2.67,4,8686.67,421.51,2023-01-18
STU00068,Biology,Genetics,Spring 2025,Completed,Male,Graduate,33,3.52,2,13179.06,1370.31,2025-01-06
STU00069,Mathematics,Statistics,Spring 2023,Completed,Female,Graduate,23,2.94,3,8657.32,4854.75,2023-01-10
STU00070,Economics,Game Theory,Spring 2025,Waitlisted,Male,Graduate,34,3.0,4,19757.94,6571.74,2025-01-08
STU00071,Physics,Relativity,Spring 2025,Completed,Female,Junior,29,2.51,4,7403.29,1518.62,2025-01-10
STU00072,Biology,Ecology,Spring 2024,Completed,Male,Junior,18,3.21,3,11228.27,6598.93,2024-01-12
STU00073,Psychology,Intro to Psychology,Spring 2023,Enrolled,Female,Sophomore,29,2.83,1,14293.48,5572.52,2023-01-19
STU00074,History,Ancient Civilizations,Spring 2024,Completed,Male,Senior,23,3.65,4,17701.87,481.18,2024-01-17
STU00075,Business Administration,Business Ethics,Spring 2023,Waitlisted,Female,Senior,27,3.1,1,15787.55,6478.87,2023-01-25
STU00076,English,British Literature,Spring 2025,Waitlisted,Female,Senior,25,3.48,2,23877.83,13528.01,2025-01-25
STU00077,Economics,Macroeconomics,Fall 2023,Completed,Male,Senior,25,3.47,2,7570.01,3684.49,2023-08-25
STU00078,Economics,Macroeconomics,Spring 2025,Completed,Female,Graduate,26,4.0,1,17518.79,8623.73,2025-01-13
STU00079,Mathematics,Probability,Spring 2024,Waitlisted,Male,Junior,27,2.77,4,9291.78,2103.25,2024-01-26
STU00080,English,American Literature,Spring 2024,Enrolled,Female,Junior,19,2.67,4,18660.14,797.03,2024-01-15
STU00081,Chemistry,General Chemistry,Spring 2024,Completed,Male,Junior,27,2.54,2,10213.89,3039.88,2024-01-28
STU00082,Mathematics,Differential Equations,Spring 2025,Enrolled,Male,Sophomore,19,3.74,2,17578.86,9254.97,2025-01-09
STU00083,Computer Science,Algorithms,Fall 2023,Completed,Male,Sophomore,26,2.79,4,8548.79,3850.11,2023-08-17
STU00084,Chemistry,Biochemistry,Fall 2023,Completed,Female,Freshman,18,3.54,2,19632.96,1504.16,2023-08-31
STU00085,Chemistry,General Chemistry,Fall 2024,Waitlisted,Female,Senior,24,3.62,4,16237.33,2324.51,2024-08-24
STU00086,Biology,Cell Biology,Fall 2024,Dropped,Male,Junior,24,3.21,1,20090.86,1243.11,2024-08-28
STU00087,Business Administration,Marketing,Spring 2024,Completed,Male,Graduate,22,3.75,3,11400.99,6125.91,2024-01-24
STU00088,Computer Science,Operating Systems,Spring 2025,Enrolled,Non-binary,Senior,21,3.11,2,5216.75,2833.89,2025-01-17
STU00089,History,US History,Fall 2024,Waitlisted,Male,Graduate,30,3.26,4,24012.14,8261.68,2024-08-26
STU00090,Economics,International Economics,Spring 2025,Completed,Male,Sophomore,22,3.03,1,6834.08,2470.28,2025-01-25
STU00091,Chemistry,Analytical Chemistry,Fall 2023,Completed,Female,Senior,28,2.93,3,23618.58,13806.22,2023-08-28
STU00092,Computer Science,Networks,Spring 2025,Enrolled,Male,Junior,27,3.22,3,13830.61,7366.49,2025-01-16
STU00093,Chemistry,Physical Chemistry,Fall 2024,Enrolled,Male,Sophomore,28,3.41,1,7022.45,354.38,2024-08-24
STU00094,Biology,Evolution,Spring 2024,Completed,Male,Senior,25,3.78,4,6455.26,3183.19,2024-01-09
STU00095,Economics,Microeconomics,Spring 2023,Enrolled,Female,Junior,22,2.31,3,16626.11,8610.38,2023-01-29
STU00096,Economics,Game Theory,Fall 2024,Completed,Female,Junior,18,3.14,3,23944.97,14165.86,2024-08-15
STU00097,Economics,Econometrics,Fall 2023,Enrolled,Female,Junior,21,2.74,1,20542.94,6882.76,2023-08-24
STU00098,Psychology,Cognitive Psychology,Fall 2023,Completed,Male,Graduate,31,2.99,3,11605.05,3025.1,2023-08-27
STU00099,Mathematics,Differential Equations,Fall 2023,Enrolled,Male,Freshman,19,2.76,2,7376.36,520.15,2023-08-23
STU00100,Chemistry,General Chemistry,Spring 2025,Completed,Female,Sophomore,24,3.08,4,19920.9,6972.74,2025-01-22
STU00101,Mathematics,Differential Equations,Spring 2023,Enrolled,Male,Junior,26,2.93,2,24264.45,176.95,2023-01-22
STU00102,Computer Science,Databases,Spring 2025,Completed,Female,Senior,22,3.33,4,5868.02,3255.5,2025-01-10
STU00103,Mathematics,Discrete Math,Fall 2024,Enrolled,Male,Graduate,25,3.34,3,15461.96,5839.04,2024-08-25
STU00104,Mathematics,Calculus II,Spring 2023,Dropped,Female,Graduate,22,3.13,2,17551.16,6153.24,2023-01-25
STU00105,Psychology,Abnormal Psychology,Spring 2024,Completed,Female,Senior,24,4.0,3,10547.62,1190.54,2024-01-15
STU00106,Business Administration,Entrepreneurship,Spring 2023,Waitlisted,Male,Sophomore,27,2.7,2,9587.89,1529.87,2023-01-14
STU00107,Chemistry,General Chemistry,Fall 2023,Enrolled,Male,Freshman,26,2.94,4,5646.32,947.78,2023-09-04
STU00108,Economics,Game Theory,Spring 2024,Enrolled,Male,Junior,21,2.27,4,17055.64,2772.81,2024-01-20
STU00109,Mathematics,Probability,Fall 2023,Enrolled,Female,Graduate,24,3.47,2,13364.86,7479.47,2023-09-01
STU00110,History,World History,Fall 2024,Completed,Female,Sophomore,28,3.84,1,5904.37,93.41,2024-08-12
STU00111,Computer Science,Algorithms,Spring 2025,Completed,Female,Junior,23,3.25,4,12617.82,7342.92,2025-01-22
STU00112,Mathematics,Statistics,Fall 2024,Completed,Female,Graduate,34,2.55,4,6270.24,138.53,2024-08-12
STU00113,Economics,Microeconomics,Fall 2024,Waitlisted,Female,Graduate,26,3.1,3,20379.75,11552.45,2024-08-21
STU00114,Computer Science,Data Structures,Fall 2023,Completed,Female,Graduate,24,3.12,1,9946.96,2688.93,2023-08-28
STU00115,Chemistry,Physical Chemistry,Spring 2023,Dropped,Male,Senior,18,3.16,3,9572.86,3858.06,2023-01-11
STU00116,Physics,Optics,Spring 2024,Dropped,Non-binary,Senior,29,3.36,3,10373.45,138.08,2024-01-09
STU00117,History,European History,Fall 2023,Enrolled,Male,Senior,23,3.16,4,22043.63,7299.62,2023-08-19
STU00118,Chemistry,Analytical Chemistry,Spring 2025,Completed,Male,Junior,28,3.88,3,13069.66,1050.92,2025-01-20
STU00119,English,Creative Writing,Spring 2025,Completed,Female,Freshman,24,3.42,4,19081.6,2438.22,2025-01-11
STU00120,History,World History,Fall 2023,Enrolled,Female,Senior,29,3.78,1,24609.25,8978.75,2023-09-01
STU00121,Biology,Ecology,Fall 2024,Waitlisted,Male,Senior,28,3.23,1,15948.93,4314.92,2024-08-26
STU00122,Computer Science,Machine Learning,Fall 2024,Enrolled,Male,Senior,29,2.87,1,10959.19,3442.95,2024-08-28
STU00123,Biology,Cell Biology,Spring 2024,Enrolled,Female,Senior,22,3.0,3,21841.83,10076.74,2024-01-27
STU00124,Psychology,Social Psychology,Spring 2024,Completed,Male,Senior,25,3.81,2,5917.23,2204.07,2024-01-09
STU00125,History,US History,Spring 2025,Completed,Female,Freshman,28,2.19,3,15745.27,4346.82,2025-01-21
STU00126,History,European History,Spring 2025,Completed,Female,Junior,28,3.56,3,7776.54,2990.27,2025-01-13
STU00127,Business Administration,Entrepreneurship,Spring 2025,Completed,Male,Graduate,25,3.47,4,14479.23,5799.43,2025-01-23
STU00128,English,British Literature,Fall 2024,Completed,Male,Junior,27,2.95,2,9476.98,4672.86,2024-08-29
STU00129,Biology,Anatomy,Spring 2024,Waitlisted,Male,Junior,29,2.98,4,15974.31,5122.23,2024-01-19
STU00130,History,Ancient Civilizations,Spring 2025,Dropped,Female,Sophomore,27,3.06,4,22884.35,1767.79,2025-01-18
STU00131,Computer Science,Algorithms,Spring 2024,Completed,Female,Senior,28,2.75,1,22471.57,12416.07,2024-01-24
STU00132,Psychology,Abnormal Psychology,Spring 2023,Enrolled,Female,Sophomore,27,3.21,1,22366.02,1134.19,2023-01-12
STU00133,Economics,Econometrics,Spring 2024,Completed,Female,Junior,21,2.83,4,14690.46,5449.47,2024-01-21
STU00134,English,Linguistics,Fall 2024,Dropped,Female,Freshman,25,2.49,1,19410.32,726.04,2024-08-30
STU00135,Biology,Evolution,Fall 2024,Enrolled,Male,Freshman,24,3.53,4,19992.32,365.53,2024-08-29
STU00136,Mathematics,Differential Equations,Fall 2024,Waitlisted,Male,Junior,27,3.34,1,12082.93,2879.34,2024-08-16
STU00137,Computer Science,Web Dev,Spring 2025,Enrolled,Male,Sophomore,29,2.78,2,7395.24,3951.4,2025-01-25
STU00138,Psychology,Abnormal Psychology,Fall 2024,Dropped,Male,Freshman,26,2.56,4,18582.05,8798.65,2024-08-24
STU00139,Business Administration,Business Ethics,Fall 2023,Waitlisted,Male,Senior,19,3.14,3,16736.82,7485.77,2023-08-31
STU00140,Economics,Econometrics,Fall 2024,Waitlisted,Male,Junior,29,2.67,2,7551.61,1285.78,2024-08-17
STU00141,Mathematics,Statistics,Spring 2025,Waitlisted,Male,Senior,21,3.56,3,12121.93,7175.08,2025-01-10
STU00142,Economics,Econometrics,Fall 2023,Enrolled,Female,Sophomore,26,4.0,4,9744.54,595.09,2023-08-20
STU00143,Business Administration,Accounting,Fall 2024,Waitlisted,Male,Senior,23,2.77,3,8731.34,1493.56,2024-08-20
STU00144,Computer Science,Intro to CS,Spring 2025,Completed,Female,Junior,24,2.86,2,6032.71,66.03,2025-01-10
STU00145,Business Administration,Accounting,Fall 2023,Enrolled,Male,Sophomore,21,3.5,1,5106.0,2987.22,2023-08-20
STU00146,Computer Science,Databases,Spring 2025,Enrolled,Male,Sophomore,20,3.17,1,21417.23,9232.42,2025-01-16
STU00147,Chemistry,Biochemistry,Fall 2024,Enrolled,Male,Graduate,29,3.72,3,9101.55,5286.15,2024-08-15
STU00148,Psychology,Developmental Psychology,Spring 2025,Dropped,Male,Senior,20,3.06,3,8990.14,3971.38,2025-01-17
STU00149,English,Creative Writing,Spring 2024,Enrolled,Female,Sophomore,18,2.34,4,16624.76,1539.75,2024-01-11
STU00150,Psychology,Social Psychology,Spring 2023,Enrolled,Male,Freshman,28,3.5,4,16877.66,3739.05,2023-01-19
STU00151,English,Linguistics,Fall 2024,Enrolled,Male,Junior,22,3.6,1,10092.81,4126.97,2024-08-28
STU00152,Biology,Microbiology,Spring 2023,Waitlisted,Female,Graduate,30,2.81,2,16912.77,4785.4,2023-01-12
STU00153,Mathematics,Probability,Spring 2025,Waitlisted,Male,Senior,18,3.33,1,13170.37,7372.28,2025-01-16
STU00154,Physics,Mechanics,Spring 2025,Enrolled,Female,Freshman,26,3.42,2,9100.04,2070.6,2025-01-06
STU00155,Psychology,Cognitive Psychology,Spring 2024,Enrolled,Female,Graduate,29,3.39,4,20010.04,9599.26,2024-01-10
STU00156,Business Administration,Business Ethics,Fall 2024,Waitlisted,Female,Senior,22,3.35,4,8728.1,1234.28,2024-08-25
STU00157,Chemistry,General Chemistry,Fall 2024,Enrolled,Male,Sophomore,27,2.96,3,16766.13,6870.58,2024-08-19
STU00158,Mathematics,Probability,Spring 2024,Waitlisted,Female,Freshman,24,3.4,4,19275.65,10405.0,2024-01-13
STU00159,Chemistry,Organic Chemistry,Spring 2025,Waitlisted,Female,Freshman,18,3.11,2,9644.25,5205.43,2025-01-07
STU00160,Business Administration,Marketing,Spring 2023,Enrolled,Non-binary,Graduate,26,3.94,2,23129.44,8662.97,2023-01-28
STU00161,Mathematics,Differential Equations,Spring 2025,Enrolled,Male,Sophomore,23,3.18,3,11698.11,977.53,2025-01-20
STU00162,Physics,Optics,Spring 2023,Waitlisted,Male,Sophomore,18,3.38,3,15669.22,8403.96,2023-01-13
STU00163,Physics,Mechanics,Fall 2024,Enrolled,Male,Sophomore,23,3.51,3,20571.44,1766.61,2024-08-15
STU00164,Computer Science,Algorithms,Fall 2023,Enrolled,Male,Freshman,23,3.6,1,19281.28,5714.76,2023-08-24
STU00165,Economics,International Economics,Spring 2025,Completed,Male,Graduate,22,3.14,2,12576.43,3448.46,2025-01-25
STU00166,Business Administration,Marketing,Fall 2024,Waitlisted,Female,Junior,25,2.63,4,15045.77,4873.57,2024-08-26
STU00167,Computer Science,Intro to CS,Spring 2025,Dropped,Male,Freshman,21,3.58,4,17822.95,7420.93,2025-01-09
STU00168,Economics,Microeconomics,Spring 2025,Enrolled,Male,Sophomore,27,3.59,3,10035.98,2081.64,2025-01-16
STU00169,Business Administration,Business Ethics,Fall 2024,Completed,Male,Graduate,31,2.51,3,13471.94,2327.38,2024-08-22
STU00170,Economics,Game Theory,Fall 2024,Enrolled,Female,Graduate,33,2.76,2,23237.05,1939.59,2024-08-29
STU00171,History,Ancient Civilizations,Spring 2025,Completed,Female,Senior,26,3.53,4,16859.26,1033.94,2025-01-21
STU00172,Mathematics,Linear Algebra,Spring 2024,Completed,Male,Sophomore,21,2.63,4,20801.69,287.35,2024-01-17
STU00173,Mathematics,Calculus I,Spring 2025,Enrolled,Male,Junior,18,4.0,2,13482.61,5957.51,2025-01-13
STU00174,Psychology,Intro to Psychology,Fall 2024,Completed,Male,Freshman,26,3.77,4,23511.37,6359.91,2024-08-25
STU00175,English,Linguistics,Spring 2025,Completed,Female,Freshman,22,3.13,3,16825.51,4028.05,2025-01-14
STU00176,Business Administration,Accounting,Spring 2024,Completed,Male,Senior,22,3.65,2,11703.94,5637.93,2024-01-28
STU00177,Mathematics,Linear Algebra,Spring 2025,Enrolled,Female,Graduate,31,2.59,2,15747.91,8691.48,2025-01-07
STU00178,History,Modern History,Spring 2025,Dropped,Female,Graduate,28,2.27,1,11939.06,5283.04,2025-01-22
STU00179,Business Administration,Business Ethics,Spring 2025,Enrolled,Male,Junior,28,3.34,3,8310.27,168.93,2025-01-06
STU00180,English,Creative Writing,Fall 2023,Enrolled,Female,Freshman,18,2.34,2,20609.91,3432.63,2023-09-01
STU00181,Computer Science,Data Structures,Fall 2024,Enrolled,Male,Junior,22,3.32,2,14179.78,4741.48,2024-09-02
STU00182,English,British Literature,Fall 2024,Dropped,Female,Freshman,29,3.11,1,15701.39,1737.79,2024-08-18
STU00183,Physics,Electromagnetism,Spring 2025,Enrolled,Male,Senior,18,2.66,4,13535.78,6495.4,2025-01-22
STU00184,Economics,Game Theory,Spring 2024,Enrolled,Female,Freshman,25,2.29,3,16749.07,2954.98,2024-01-26
STU00185,History,World History,Fall 2023,Completed,Female,Junior,19,1.77,1,13015.26,4370.32,2023-08-18
STU00186,Biology,Microbiology,Spring 2025,Enrolled,Male,Sophomore,18,3.65,2,11687.26,529.46,2025-01-08
STU00187,Chemistry,Biochemistry,Fall 2023,Enrolled,Female,Sophomore,27,3.52,2,13174.68,200.67,2023-09-01
STU00188,History,Modern History,Fall 2024,Completed,Female,Junior,24,2.44,1,18178.48,295.54,2024-08-14
STU00189,History,World History,Spring 2024,Completed,Male,Junior,25,3.11,4,16900.98,3440.41,2024-01-12
STU00190,Business Administration,Management,Fall 2024,Completed,Male,Freshman,20,2.39,3,22749.21,7598.99,2024-08-19
STU00191,Physics,Optics,Spring 2024,Completed,Male,Senior,19,3.72,1,24252.99,13742.86,2024-01-28
STU00192,Biology,Microbiology,Fall 2024,Completed,Male,Junior,24,3.31,3,22926.72,178.85,2024-08-18
STU00193,Biology,Ecology,Spring 2025,Enrolled,Female,Graduate,22,3.26,2,13428.49,7192.34,2025-01-20
STU00194,English,British Literature,Fall 2024,Dropped,Female,Sophomore,22,2.47,1,11836.35,1842.38,2024-08-13
STU00195,Physics,Thermodynamics,Fall 2023,Completed,Female,Freshman,20,2.32,2,17482.98,4294.64,2023-08-23
STU00196,Economics,International Economics,Spring 2025,Dropped,Male,Graduate,23,3.4,3,22221.36,2926.69,2025-01-17
STU00197,English,American Literature,Spring 2024,Completed,Female,Junior,25,3.18,1,24707.35,6983.27,2024-01-24
STU00198,English,Poetry,Spring 2023,Completed,Male,Junior,19,2.61,3,5449.39,878.48,2023-01-17
STU00199,Mathematics,Probability,Spring 2025,Waitlisted,Female,Graduate,23,2.43,4,7787.12,3901.02,2025-01-09
STU00200,Economics,Game Theory,Fall 2024,Dropped,Female,Senior,27,3.47,2,15513.8,1598.04,2024-08-16
STU00201,English,Poetry,Spring 2024,Enrolled,Male,Freshman,28,3.16,3,21301.09,6365.93,2024-01-09
STU00202,Mathematics,Discrete Math,Fall 2024,Enrolled,Female,Senior,18,3.76,2,13104.96,3911.55,2024-08-23
STU00203,English,British Literature,Spring 2025,Enrolled,Female,Graduate,28,2.65,1,19643.69,2955.17,2025-01-18
STU00204,English,Creative Writing,Fall 2023,Completed,Male,Junior,26,2.65,2,14885.48,5120.26,2023-08-31
STU00205,English,Creative Writing,Fall 2024,Enrolled,Male,Senior,27,3.8,2,13440.72,2853.77,2024-09-02
STU00206,Business Administration,Business Ethics,Spring 2025,Enrolled,Male,Junior,28,2.85,2,8687.42,470.88,2025-01-24
STU00207,Psychology,Intro to Psychology,Fall 2024,Completed,Male,Junior,27,3.51,3,19430.66,7116.34,2024-09-02
STU00208,Physics,Electromagnetism,Spring 2024,Dropped,Male,Sophomore,19,3.04,2,12932.99,7403.52,2024-01-12
STU00209,Mathematics,Linear Algebra,Spring 2025,Enrolled,Female,Graduate,29,3.4,1,6028.52,1795.41,2025-01-18
STU00210,English,Poetry,Spring 2023,Enrolled,Male,Graduate,32,2.34,2,11684.88,5404.81,2023-01-30
STU00211,Economics,Microeconomics,Spring 2024,Completed,Male,Senior,26,3.19,3,14909.83,6158.38,2024-01-17
STU00212,Economics,Macroeconomics,Fall 2024,Enrolled,Female,Senior,26,2.93,2,9928.04,4879.25,2024-08-16
STU00213,English,Linguistics,Spring 2025,Waitlisted,Male,Junior,29,2.56,4,16804.61,3639.62,2025-01-17
STU00214,Psychology,Developmental Psychology,Spring 2024,Enrolled,Male,Graduate,32,3.56,2,23346.27,1916.52,2024-01-17
STU00215,Chemistry,General Chemistry,Fall 2024,Waitlisted,Female,Freshman,26,2.44,1,15838.02,8295.44,2024-08-19
STU00216,Chemistry,General Chemistry,Spring 2025,Enrolled,Female,Sophomore,22,2.99,4,20180.72,8767.76,2025-01-21
STU00217,Mathematics,Calculus II,Spring 2025,Waitlisted,Female,Senior,23,3.78,1,6031.92,2424.53,2025-01-15
STU00218,History,Modern History,Spring 2024,Enrolled,Male,Sophomore,24,3.61,1,24987.07,8332.79,2024-01-14
STU00219,English,Creative Writing,Spring 2025,Completed,Female,Sophomore,22,2.69,1,7305.64,1848.75,2025-01-23
STU00220,Chemistry,Analytical Chemistry,Fall 2024,Enrolled,Female,Senior,21,3.41,1,21890.99,4191.26,2024-08-21
STU00221,Mathematics,Calculus I,Fall 2023,Dropped,Female,Graduate,28,3.15,4,9600.18,694.48,2023-08-16
STU00222,Mathematics,Differential Equations,Fall 2023,Enrolled,Male,Senior,20,2.87,4,18925.78,3859.44,2023-08-26
STU00223,Mathematics,Calculus I,Spring 2025,Completed,Female,Graduate,28,3.31,2,20814.46,3980.8,2025-01-23
STU00224,Physics,Thermodynamics,Spring 2024,Completed,Male,Senior,18,2.14,2,22719.55,8395.28,2024-01-09
STU00225,Mathematics,Discrete Math,Spring 2025,Enrolled,Female,Graduate,28,3.23,1,5004.75,556.95,2025-01-23
STU00226,History,Ancient Civilizations,Spring 2023,Enrolled,Male,Freshman,20,3.09,3,6400.59,36.43,2023-01-26
STU00227,Mathematics,Linear Algebra,Fall 2023,Completed,Male,Graduate,34,3.09,3,16615.14,2708.47,2023-08-24
STU00228,Physics,Mechanics,Spring 2024,Enrolled,Female,Senior,26,2.82,4,11727.41,3676.68,2024-01-08
STU00229,Physics,Electromagnetism,Spring 2023,Dropped,Male,Junior,18,2.95,2,10744.78,1910.26,2023-01-14
STU00230,Computer Science,Machine Learning,Spring 2025,Enrolled,Male,Senior,26,2.7,4,10545.31,5759.88,2025-01-20
STU00231,Chemistry,General Chemistry,Spring 2025,Enrolled,Male,Freshman,26,2.98,3,7488.75,4297.41,2025-01-10
STU00232,Chemistry,General Chemistry,Spring 2025,Completed,Male,Senior,22,2.66,4,6788.22,1700.78,2025-01-19
STU00233,English,American Literature,Spring 2024,Completed,Female,Graduate,29,4.0,3,8340.68,4960.21,2024-01-15
STU00234,Mathematics,Probability,Spring 2024,Completed,Non-binary,Sophomore,21,2.77,3,21756.51,3009.83,2024-01-26
STU00235,English,Creative Writing,Spring 2023,Completed,Male,Graduate,34,2.89,4,24145.41,11969.45,2023-01-14
STU00236,Physics,Relativity,Spring 2024,Completed,Female,Junior,22,3.05,4,17595.56,2283.81,2024-01-16
STU00237,Chemistry,General Chemistry,Spring 2023,Completed,Male,Sophomore,20,3.42,1,10204.67,3154.76,2023-01-27
STU00238,Physics,Optics,Fall 2024,Completed,Male,Sophomore,18,4.0,3,8077.92,3954.14,2024-08-17
STU00239,English,Composition,Spring 2025,Enrolled,Male,Senior,25,1.98,3,10459.19,2991.39,2025-01-08
STU00240,English,Composition,Spring 2025,Completed,Female,Senior,26,2.66,3,22043.87,468.51,2025-01-20
STU00241,Chemistry,Organic Chemistry,Spring 2025,Enrolled,Male,Graduate,29,3.16,4,10627.82,1611.07,2025-01-11
STU00242,Psychology,Intro to Psychology,Fall 2023,Enrolled,Male,Graduate,29,3.21,3,18914.29,553.62,2023-09-01
STU00243,Economics,Macroeconomics,Spring 2023,Waitlisted,Male,Senior,23,3.55,1,16426.38,6525.66,2023-01-17
STU00244,English,Linguistics,Spring 2024,Enrolled,Female,Junior,28,3.12,2,22289.86,9815.25,2024-01-26
STU00245,Physics,Thermodynamics,Spring 2024,Enrolled,Male,Sophomore,25,2.78,2,8208.0,1644.93,2024-01-20
STU00246,Economics,Microeconomics,Spring 2024,Completed,Male,Graduate,30,2.86,2,23601.81,1498.73,2024-01-13
STU00247,Business Administration,Marketing,Spring 2023,Enrolled,Female,Senior,29,3.02,4,11702.38,5220.49,2023-01-27
STU00248,History,Modern History,Spring 2023,Waitlisted,Female,Senior,21,3.17,4,16123.63,7319.83,2023-01-21
STU00249,Psychology,Social Psychology,Spring 2023,Dropped,Female,Graduate,28,3.43,2,7316.88,1653.74,2023-01-22
STU00250,Physics,Quantum Physics,Spring 2024,Waitlisted,Female,Graduate,24,2.15,2,7568.97,1286.77,2024-01-14
STU00251,Chemistry,Organic Chemistry,Fall 2023,Waitlisted,Male,Graduate,31,3.69,3,12843.02,1383.17,2023-08-19
STU00252,Mathematics,Linear Algebra,Fall 2023,Waitlisted,Male,Junior,23,2.98,1,23744.57,9800.13,2023-09-01
STU00253,Psychology,Cognitive Psychology,Fall 2024,Completed,Male,Graduate,25,3.64,3,6347.01,2217.03,2024-08-12
STU00254,Business Administration,Marketing,Spring 2025,Enrolled,Male,Graduate,27,2.59,3,17418.31,478.05,2025-01-23
STU00255,Biology,Anatomy,Spring 2024,Completed,Female,Graduate,34,4.0,3,16887.92,3887.05,2024-01-18
STU00256,Chemistry,Analytical Chemistry,Fall 2023,Dropped,Male,Senior,18,2.73,1,11472.2,3363.49,2023-09-02
STU00257,Computer Science,Algorithms,Spring 2024,Completed,Male,Graduate,32,2.82,2,10472.53,6265.45,2024-01-24
STU00258,English,Linguistics,Fall 2023,Waitlisted,Male,Senior,20,4.0,2,14027.74,1377.16,2023-08-25
STU00259,English,Poetry,Fall 2024,Enrolled,Male,Junior,21,3.33,4,9601.07,756.57,2024-08-14
STU00260,Biology,Genetics,Spring 2023,Enrolled,Male,Graduate,22,3.39,4,24264.73,455.73,2023-01-30
STU00261,Biology,Genetics,Spring 2025,Waitlisted,Female,Sophomore,22,2.49,2,10484.3,6189.79,2025-01-06
STU00262,Economics,Game Theory,Spring 2024,Waitlisted,Female,Freshman,27,3.93,4,22881.98,3157.09,2024-01-10
STU00263,Psychology,Abnormal Psychology,Spring 2025,Enrolled,Male,Freshman,18,2.47,3,22287.16,6327.9,2025-01-13
STU00264,Economics,Game Theory,Spring 2025,Completed,Male,Graduate,33,3.82,1,8710.51,4539.69,2025-01-26
STU00265,Mathematics,Statistics,Spring 2023,Enrolled,Male,Senior,25,3.38,3,20220.48,7597.49,2023-01-21
STU00266,Computer Science,Operating Systems,Spring 2023,Completed,Male,Junior,22,3.32,1,23236.72,13489.07,2023-01-29
STU00267,History,Modern History,Spring 2024,Completed,Female,Graduate,30,2.39,1,16168.25,2187.95,2024-01-28
STU00268,Physics,Mechanics,Spring 2024,Dropped,Male,Junior,22,3.4,2,16805.28,4368.5,2024-01-20
STU00269,Biology,Anatomy,Spring 2024,Completed,Male,Sophomore,18,2.87,3,17000.41,2975.03,2024-01-20
STU00270,Economics,Game Theory,Spring 2024,Completed,Female,Junior,26,1.89,3,22202.45,10388.76,2024-01-15
STU00271,Physics,Quantum Physics,Spring 2025,Completed,Male,Junior,28,2.62,4,9840.9,5825.79,2025-01-20
STU00272,Business Administration,Accounting,Spring 2024,Enrolled,Male,Freshman,23,3.08,4,17363.11,7318.19,2024-01-17
STU00273,Business Administration,Accounting,Spring 2025,Completed,Female,Freshman,25,2.66,4,12012.54,239.31,2025-01-25
STU00274,Chemistry,Physical Chemistry,Fall 2024,Completed,Female,Sophomore,27,3.12,4,12938.47,1030.28,2024-08-18
STU00275,Physics,Relativity,Fall 2023,Completed,Female,Sophomore,27,3.59,1,9003.0,904.71,2023-08-31
STU00276,Economics,Econometrics,Spring 2024,Completed,Male,Graduate,29,3.41,4,17728.6,7514.9,2024-01-13
STU00277,Computer Science,Algorithms,Spring 2024,Completed,Non-binary,Senior,26,4.0,4,22419.38,9605.63,2024-01-27
STU00278,English,American Literature,Spring 2024,Completed,Female,Junior,28,3.28,4,14687.97,5823.66,2024-01-23
STU00279,Biology,Genetics,Fall 2023,Enrolled,Female,Junior,21,3.78,3,14618.08,357.45,2023-08-24
STU00280,Biology,Evolution,Fall 2024,Enrolled,Male,Junior,28,3.33,3,19496.53,6940.12,2024-08-23
STU00281,Mathematics,Discrete Math,Fall 2024,Enrolled,Non-binary,Junior,26,2.94,2,24517.31,4955.87,2024-08-19
STU00282,Chemistry,General Chemistry,Fall 2023,Completed,Male,Senior,24,3.31,3,13673.11,358.19,2023-08-26
STU00283,Economics,Macroeconomics,Fall 2023,Completed,Female,Junior,19,3.35,2,14865.54,727.16,2023-09-02
STU00284,Mathematics,Discrete Math,Fall 2024,Enrolled,Male,Graduate,24,2.1,2,9411.22,2362.59,2024-08-26
STU00285,Biology,Cell Biology,Spring 2023,Enrolled,Male,Sophomore,18,2.93,1,24215.61,6042.87,2023-01-29
STU00286,Psychology,Cognitive Psychology,Spring 2024,Waitlisted,Female,Senior,22,3.28,2,11918.7,2653.38,2024-01-27
STU00287,Chemistry,Biochemistry,Fall 2023,Enrolled,Female,Graduate,33,2.32,2,19505.15,5695.53,2023-08-16
STU00288,Psychology,Intro to Psychology,Spring 2025,Enrolled,Female,Sophomore,19,4.0,1,20859.12,8197.75,2025-01-24
STU00289,History,Ancient Civilizations,Fall 2023,Completed,Female,Junior,20,2.66,1,12676.94,3543.05,2023-09-04
STU00290,Computer Science,Databases,Fall 2024,Enrolled,Non-binary,Junior,18,2.42,4,7631.35,3277.63,2024-08-27
STU00291,Psychology,Developmental Psychology,Spring 2024,Waitlisted,Female,Senior,24,2.41,3,15252.3,3779.81,2024-01-13
STU00292,Biology,Cell Biology,Spring 2024,Completed,Female,Sophomore,26,3.82,1,9944.62,5195.57,2024-01-22
STU00293,English,British Literature,Fall 2024,Dropped,Male,Senior,25,4.0,4,6905.23,2701.84,2024-08-13
STU00294,Psychology,Social Psychology,Spring 2023,Completed,Male,Sophomore,20,3.54,4,18134.73,3538.34,2023-01-17
STU00295,English,American Literature,Spring 2023,Enrolled,Male,Junior,29,2.32,3,6469.93,658.99,2023-01-19
STU00296,Chemistry,Physical Chemistry,Fall 2024,Enrolled,Female,Sophomore,27,2.96,1,18387.81,1608.09,2024-08-16
STU00297,Mathematics,Statistics,Fall 2023,Completed,Female,Junior,21,3.39,1,10050.56,2166.4,2023-08-25
STU00298,Chemistry,Biochemistry,Fall 2024,Enrolled,Male,Sophomore,22,3.16,4,12134.64,3884.39,2024-08-28
STU00299,Business Administration,Accounting,Spring 2024,Completed,Male,Graduate,22,2.87,2,22284.32,7462.67,2024-01-27
STU00300,Biology,Evolution,Spring 2025,Waitlisted,Male,Senior,19,4.0,3,24733.86,1824.93,2025-01-10
STU00301,Mathematics,Discrete Math,Spring 2023,Dropped,Female,Sophomore,21,3.17,2,9494.02,1025.41,2023-01-14
STU00302,Physics,Thermodynamics,Spring 2025,Completed,Female,Graduate,22,2.86,4,15144.7,377.77,2025-01-15
STU00303,Mathematics,Discrete Math,Spring 2024,Enrolled,Male,Senior,21,3.56,4,14094.8,4360.33,2024-01-25
STU00304,Business Administration,Marketing,Fall 2024,Completed,Male,Freshman,24,3.27,4,18337.29,1536.5,2024-08-24
STU00305,Chemistry,General Chemistry,Fall 2024,Completed,Male,Junior,21,2.63,1,18468.65,10747.78,2024-08-12
STU00306,Psychology,Intro to Psychology,Spring 2025,Enrolled,Female,Freshman,24,3.42,3,18452.04,4912.86,2025-01-10
STU00307,History,US History,Spring 2025,Dropped,Non-binary,Senior,23,3.5,3,24572.63,5518.47,2025-01-23
STU00308,History,Ancient Civilizations,Spring 2025,Waitlisted,Male,Graduate,23,2.49,2,17356.94,9048.92,2025-01-13
STU00309,English,Creative Writing,Fall 2023,Completed,Female,Sophomore,18,3.65,1,9313.5,3681.92,2023-09-04
STU00310,Computer Science,Databases,Spring 2024,Completed,Male,Senior,22,3.69,2,16543.7,3460.02,2024-01-09
STU00311,Biology,Microbiology,Spring 2024,Enrolled,Female,Freshman,19,2.29,1,22328.77,13308.0,2024-01-20
STU00312,History,Modern History,Spring 2025,Waitlisted,Male,Sophomore,26,3.57,1,6809.63,1179.51,2025-01-16
STU00313,Mathematics,Discrete Math,Spring 2023,Completed,Female,Freshman,21,3.71,2,23513.5,6181.78,2023-01-11
STU00314,Computer Science,Operating Systems,Spring 2024,Completed,Female,Freshman,19,3.45,2,22557.82,4293.15,2024-01-20
STU00315,Psychology,Social Psychology,Fall 2023,Waitlisted,Female,Graduate,32,2.37,3,17981.49,3542.87,2023-08-15
STU00316,Biology,Ecology,Spring 2025,Waitlisted,Female,Senior,29,2.65,3,17196.64,5813.55,2025-01-24
STU00317,Chemistry,General Chemistry,Fall 2024,Completed,Female,Sophomore,29,4.0,4,15913.74,4243.43,2024-08-17
STU00318,Psychology,Abnormal Psychology,Spring 2023,Enrolled,Female,Senior,27,3.66,3,16741.23,1691.98,2023-01-23
STU00319,History,Ancient Civilizations,Spring 2023,Enrolled,Female,Senior,27,3.1,2,15847.27,9047.0,2023-01-11
STU00320,Biology,Ecology,Spring 2025,Enrolled,Male,Freshman,23,3.91,4,23284.73,11369.0,2025-01-17
STU00321,History,Modern History,Spring 2024,Enrolled,Male,Junior,22,3.82,1,15672.05,5716.27,2024-01-23
STU00322,Economics,Econometrics,Spring 2023,Completed,Male,Junior,24,2.19,4,21259.71,9160.25,2023-01-20
STU00323,Business Administration,Entrepreneurship,Spring 2023,Enrolled,Female,Graduate,34,2.96,2,22934.29,980.86,2023-01-24
STU00324,Economics,Macroeconomics,Spring 2025,Enrolled,Female,Freshman,26,3.73,2,18093.86,4126.21,2025-01-09
STU00325,Biology,Evolution,Spring 2023,Waitlisted,Male,Sophomore,22,2.4,2,8326.63,3084.28,2023-01-30
STU00326,History,US History,Fall 2024,Dropped,Male,Graduate,25,3.05,3,18401.92,10263.92,2024-08-14
STU00327,Chemistry,Biochemistry,Spring 2024,Waitlisted,Male,Senior,25,3.56,3,19323.01,3160.75,2024-01-11
STU00328,Biology,Ecology,Fall 2023,Enrolled,Female,Sophomore,27,2.31,1,7437.72,808.4,2023-08-26
STU00329,Chemistry,Physical Chemistry,Spring 2025,Completed,Male,Sophomore,27,2.83,2,10905.57,5191.54,2025-01-15
STU00330,English,American Literature,Spring 2024,Dropped,Female,Junior,25,3.36,3,24258.54,7038.07,2024-01-14
STU00331,Economics,International Economics,Spring 2024,Completed,Male,Sophomore,23,2.81,4,17663.03,10082.8,2024-01-28
STU00332,Physics,Optics,Spring 2025,Waitlisted,Female,Freshman,23,3.13,1,16870.77,8034.64,2025-01-20
STU00333,Computer Science,Operating Systems,Spring 2023,Completed,Male,Sophomore,27,2.87,1,23117.82,10679.67,2023-01-26
STU00334,Biology,Anatomy,Spring 2024,Enrolled,Female,Graduate,31,2.56,4,10112.9,1832.82,2024-01-26
STU00335,Economics,Microeconomics,Spring 2023,Completed,Male,Graduate,25,4.0,3,6910.71,2586.79,2023-01-10
STU00336,Psychology,Social Psychology,Spring 2023,Dropped,Female,Sophomore,24,2.69,1,16732.17,1686.75,2023-01-12
STU00337,Mathematics,Discrete Math,Spring 2023,Enrolled,Female,Junior,29,2.92,3,6914.29,98.07,2023-01-24
STU00338,History,World History,Spring 2024,Completed,Female,Sophomore,20,3.33,3,17141.88,5622.85,2024-01-17
STU00339,Mathematics,Probability,Spring 2025,Completed,Male,Senior,26,3.83,4,14935.34,8851.75,2025-01-08
STU00340,History,Modern History,Spring 2024,Completed,Female,Freshman,24,2.26,4,18902.89,4585.68,2024-01-14
STU00341,History,European History,Fall 2024,Waitlisted,Male,Graduate,30,3.38,1,10483.21,499.54,2024-08-19
STU00342,Biology,Genetics,Spring 2025,Completed,Female,Junior,22,3.91,1,22883.82,2634.39,2025-01-13
STU00343,Mathematics,Probability,Spring 2025,Waitlisted,Female,Freshman,18,2.78,2,6388.48,1989.6,2025-01-07
STU00344,English,Creative Writing,Spring 2025,Completed,Female,Senior,29,2.49,1,21007.13,2945.77,2025-01-26
STU00345,Chemistry,Organic Chemistry,Fall 2024,Completed,Female,Graduate,29,3.27,3,15659.16,3047.28,2024-08-14
STU00346,History,US History,Spring 2025,Completed,Male,Junior,23,3.52,1,18389.74,10969.18,2025-01-07
STU00347,Mathematics,Statistics,Fall 2023,Enrolled,Female,Graduate,27,3.94,4,14304.11,516.17,2023-08-26
STU00348,English,Creative Writing,Fall 2024,Dropped,Male,Sophomore,27,3.31,3,24152.51,2540.4,2024-08-26
STU00349,Psychology,Abnormal Psychology,Spring 2024,Completed,Female,Freshman,26,2.94,3,13453.78,6633.84,2024-01-19
STU00350,Biology,Evolution,Spring 2023,Enrolled,Male,Sophomore,18,2.51,4,11017.06,6486.2,2023-01-12
STU00351,English,British Literature,Spring 2023,Enrolled,Male,Junior,24,2.55,3,24849.67,13821.4,2023-01-21
STU00352,Mathematics,Calculus II,Spring 2023,Completed,Female,Graduate,22,2.94,4,21840.67,6826.84,2023-01-15
STU00353,Mathematics,Calculus I,Spring 2023,Completed,Female,Junior,23,3.2,4,7554.27,3744.2,2023-01-15
STU00354,Computer Science,Databases,Spring 2024,Dropped,Female,Graduate,25,2.95,2,19174.89,416.02,2024-01-08
STU00355,Business Administration,Entrepreneurship,Fall 2023,Enrolled,Male,Junior,24,2.71,3,6752.85,3796.28,2023-08-23
STU00356,Economics,Macroeconomics,Spring 2023,Completed,Male,Senior,18,2.43,1,11110.49,2646.4,2023-01-13
STU00357,English,British Literature,Spring 2025,Completed,Female,Graduate,23,3.52,2,14939.27,8893.27,2025-01-10
STU00358,Economics,Microeconomics,Spring 2023,Enrolled,Male,Graduate,25,3.12,4,9170.21,5120.25,2023-01-19
STU00359,English,Composition,Spring 2024,Dropped,Female,Graduate,27,2.88,2,22559.49,11749.75,2024-01-13
STU00360,Chemistry,Biochemistry,Fall 2024,Completed,Male,Sophomore,20,3.68,4,20800.61,3802.51,2024-08-20
STU00361,English,British Literature,Fall 2024,Completed,Non-binary,Sophomore,22,3.46,3,16503.27,4746.55,2024-08-12
STU00362,History,European History,Spring 2025,Enrolled,Male,Graduate,25,3.16,2,17127.42,1430.46,2025-01-21
STU00363,Business Administration,Entrepreneurship,Fall 2023,Dropped,Male,Senior,23,2.84,2,24055.95,11910.59,2023-08-27
STU00364,Economics,Econometrics,Spring 2025,Enrolled,Female,Senior,22,3.57,4,7435.24,2133.47,2025-01-09
STU00365,Physics,Relativity,Fall 2023,Enrolled,Male,Senior,26,3.05,4,20534.47,1503.56,2023-08-27
STU00366,Mathematics,Statistics,Spring 2025,Completed,Male,Graduate,25,3.07,4,13790.23,874.28,2025-01-11
STU00367,Psychology,Intro to Psychology,Spring 2025,Enrolled,Female,Graduate,34,3.12,1,12295.96,2851.14,2025-01-10
STU00368,Mathematics,Differential Equations,Fall 2023,Completed,Male,Graduate,24,2.98,1,8835.65,1122.6,2023-08-25
STU00369,Business Administration,Business Ethics,Fall 2024,Enrolled,Female,Senior,19,3.17,1,24673.58,3540.86,2024-08-14
STU00370,Computer Science,Data Structures,Fall 2023,Completed,Female,Graduate,26,2.93,2,7427.7,1351.58,2023-09-02
STU00371,Economics,Econometrics,Spring 2024,Dropped,Female,Graduate,28,2.91,2,15188.44,9082.96,2024-01-24
STU00372,English,Creative Writing,Spring 2024,Enrolled,Female,Freshman,22,3.19,1,17304.39,3179.72,2024-01-27
STU00373,Physics,Thermodynamics,Fall 2023,Completed,Male,Senior,21,1.82,3,7614.21,4050.47,2023-08-17
STU00374,Economics,Microeconomics,Spring 2024,Completed,Male,Junior,24,3.57,1,15510.09,4482.12,2024-01-14
STU00375,Mathematics,Calculus I,Spring 2025,Completed,Female,Sophomore,22,3.31,2,9971.61,800.54,2025-01-26
STU00376,Psychology,Cognitive Psychology,Fall 2024,Enrolled,Male,Senior,23,3.05,2,20806.75,7267.57,2024-08-18
STU00377,History,US History,Fall 2023,Completed,Male,Graduate,26,2.6,2,15959.19,4350.9,2023-09-03
STU00378,Economics,Game Theory,Spring 2024,Enrolled,Male,Junior,24,3.08,1,7984.76,609.4,2024-01-09
STU00379,Business Administration,Marketing,Spring 2025,Completed,Male,Sophomore,21,3.47,4,21213.72,7816.17,2025-01-11
STU00380,Mathematics,Linear Algebra,Fall 2024,Completed,Non-binary,Junior,27,2.48,4,20700.33,11079.87,2024-08-20
STU00381,Business Administration,Management,Fall 2024,Enrolled,Female,Graduate,22,3.33,2,21177.67,971.0,2024-08-12
STU00382,Chemistry,Physical Chemistry,Fall 2024,Completed,Male,Sophomore,27,3.18,3,23606.38,3584.28,2024-08-19
STU00383,Mathematics,Calculus II,Spring 2024,Enrolled,Male,Graduate,26,3.09,2,12726.98,3437.23,2024-01-24
STU00384,Business Administration,Management,Spring 2024,Completed,Female,Sophomore,18,3.76,2,6333.04,1969.86,2024-01-26
STU00385,Economics,Econometrics,Spring 2023,Enrolled,Male,Freshman,22,3.14,3,18604.56,465.18,2023-01-20
STU00386,Computer Science,Networks,Spring 2023,Dropped,Non-binary,Graduate,22,3.96,4,6441.69,275.41,2023-01-26
STU00387,History,Ancient Civilizations,Spring 2024,Dropped,Female,Freshman,22,1.88,1,14238.94,8471.5,2024-01-27
STU00388,Biology,Ecology,Spring 2023,Enrolled,Male,Senior,20,3.19,4,18227.41,2025.38,2023-01-20
STU00389,Psychology,Developmental Psychology,Spring 2023,Enrolled,Female,Junior,27,3.24,1,20287.45,3226.27,2023-01-15
STU00390,Economics,Game Theory,Fall 2023,Completed,Female,Sophomore,29,2.75,3,22978.02,10787.97,2023-08-22
STU00391,Computer Science,Networks,Fall 2023,Waitlisted,Male,Freshman,26,2.99,2,24196.53,6943.27,2023-09-01
STU00392,Biology,Evolution,Fall 2024,Enrolled,Female,Senior,27,3.04,2,20974.28,3685.04,2024-08-19
STU00393,Business Administration,Finance,Spring 2025,Dropped,Female,Graduate,23,3.83,3,19961.46,9722.47,2025-01-07
STU00394,Psychology,Social Psychology,Fall 2024,Enrolled,Non-binary,Junior,28,4.0,3,5874.71,390.58,2024-08-29
STU00395,Business Administration,Accounting,Spring 2025,Completed,Female,Freshman,24,2.98,2,16001.84,3731.5,2025-01-23
STU00396,History,World History,Spring 2025,Waitlisted,Male,Sophomore,23,2.71,2,10475.83,5834.94,2025-01-17
STU00397,Physics,Relativity,Fall 2023,Enrolled,Female,Senior,20,3.25,4,10718.14,5247.26,2023-08-21
STU00398,Physics,Optics,Fall 2024,Completed,Male,Freshman,18,3.51,1,10168.63,3319.14,2024-09-01
STU00399,History,Modern History,Fall 2024,Completed,Female,Senior,22,2.45,4,6077.16,1167.03,2024-09-02
STU00400,English,Poetry,Spring 2023,Dropped,Female,Senior,28,3.22,3,10386.63,3362.5,2023-01-22
STU00401,Mathematics,Differential Equations,Fall 2024,Enrolled,Male,Sophomore,19,3.26,4,6837.42,3959.4,2024-08-26
STU00402,Chemistry,Biochemistry,Spring 2025,Enrolled,Female,Graduate,24,2.76,4,8013.52,1646.22,2025-01-16
STU00403,English,Linguistics,Spring 2025,Enrolled,Female,Senior,22,3.22,1,10950.97,3712.52,2025-01-12
STU00404,Mathematics,Differential Equations,Fall 2023,Completed,Non-binary,Senior,29,4.0,2,17725.83,8094.91,2023-08-29
STU00405,Physics,Relativity,Fall 2023,Waitlisted,Female,Freshman,25,2.97,3,9933.58,4329.82,2023-08-15
STU00406,Chemistry,General Chemistry,Spring 2024,Waitlisted,Male,Senior,21,3.09,3,6983.56,1682.32,2024-01-17
STU00407,Biology,Microbiology,Fall 2024,Completed,Male,Senior,19,3.23,1,19661.43,7266.69,2024-08-13
STU00408,Physics,Optics,Fall 2023,Completed,Male,Junior,26,2.4,1,12505.2,4041.9,2023-08-18
STU00409,History,US History,Spring 2024,Enrolled,Male,Freshman,23,3.22,1,21653.61,143.32,2024-01-09
STU00410,English,British Literature,Spring 2025,Enrolled,Female,Sophomore,22,3.22,2,12358.82,2424.29,2025-01-24
STU00411,Mathematics,Discrete Math,Fall 2024,Completed,Male,Junior,24,3.22,2,7494.28,1732.87,2024-08-15
STU00412,Physics,Quantum Physics,Fall 2024,Completed,Male,Freshman,21,1.5,2,20608.0,2685.75,2024-08-16
STU00413,Mathematics,Discrete Math,Fall 2024,Enrolled,Male,Sophomore,23,3.94,2,5064.37,1882.7,2024-08-15
STU00414,Chemistry,General Chemistry,Fall 2023,Completed,Female,Junior,29,2.72,1,20883.95,1165.21,2023-08-21
STU00415,Chemistry,Organic Chemistry,Spring 2024,Completed,Female,Junior,21,4.0,1,7082.75,958.04,2024-01-27
STU00416,Biology,Microbiology,Spring 2024,Enrolled,Female,Freshman,21,3.14,1,6056.08,1768.12,2024-01-25
STU00417,English,British Literature,Spring 2023,Waitlisted,Female,Junior,20,3.49,2,14965.11,691.91,2023-01-22
STU00418,Economics,Microeconomics,Spring 2023,Enrolled,Male,Freshman,29,2.82,1,20697.94,8788.52,2023-01-13
STU00419,History,Modern History,Fall 2023,Completed,Female,Senior,20,2.53,4,11563.86,3011.36,2023-09-01
STU00420,Mathematics,Probability,Fall 2024,Completed,Male,Junior,21,3.0,1,6250.84,3005.53,2024-08-26
STU00421,Psychology,Cognitive Psychology,Spring 2025,Enrolled,Male,Graduate,32,2.65,1,8469.6,3239.89,2025-01-25
STU00422,Chemistry,Analytical Chemistry,Fall 2024,Dropped,Male,Freshman,28,3.63,4,18718.23,11131.28,2024-08-22
STU00423,Mathematics,Statistics,Fall 2024,Enrolled,Female,Sophomore,24,4.0,1,8689.53,1888.59,2024-08-29
STU00424,Computer Science,Algorithms,Fall 2024,Enrolled,Female,Graduate,24,3.87,3,5523.93,80.18,2024-09-02
STU00425,Physics,Thermodynamics,Spring 2023,Dropped,Male,Freshman,23,2.15,1,23813.58,3704.87,2023-01-23
STU00426,English,Composition,Fall 2023,Enrolled,Female,Graduate,31,3.19,1,22454.61,11343.17,2023-08-19
STU00427,Economics,International Economics,Spring 2024,Enrolled,Female,Sophomore,21,3.0,3,14659.38,1174.04,2024-01-11
STU00428,Physics,Thermodynamics,Spring 2025,Waitlisted,Female,Freshman,24,3.8,2,23078.27,12592.29,2025-01-09
STU00429,Psychology,Intro to Psychology,Spring 2023,Waitlisted,Male,Senior,23,2.96,3,23452.46,6642.59,2023-01-30
STU00430,History,US History,Fall 2023,Waitlisted,Male,Senior,25,2.6,2,6141.09,1039.76,2023-08-21
STU00431,English,American Literature,Spring 2024,Completed,Male,Freshman,20,3.54,3,24496.69,5456.01,2024-01-17
STU00432,Mathematics,Discrete Math,Fall 2024,Enrolled,Male,Graduate,30,2.75,1,20534.21,805.35,2024-08-24
STU00433,History,World History,Spring 2025,Waitlisted,Female,Junior,21,1.89,3,11946.87,6450.12,2025-01-23
STU00434,Mathematics,Discrete Math,Spring 2024,Enrolled,Male,Junior,25,3.54,2,15966.41,1226.11,2024-01-23
STU00435,Economics,Econometrics,Fall 2024,Completed,Female,Sophomore,24,3.68,2,20754.26,7775.69,2024-08-16
STU00436,Physics,Mechanics,Spring 2025,Enrolled,Female,Freshman,27,2.91,3,24591.02,2138.9,2025-01-10
STU00437,Computer Science,Operating Systems,Spring 2025,Completed,Male,Graduate,29,2.47,2,23940.72,13895.52,2025-01-14
STU00438,History,Ancient Civilizations,Spring 2025,Waitlisted,Male,Junior,18,2.56,1,8024.94,1084.89,2025-01-15
STU00439,Computer Science,Machine Learning,Spring 2025,Completed,Female,Junior,26,3.2,4,15467.82,1065.13,2025-01-07
STU00440,Mathematics,Discrete Math,Spring 2023,Enrolled,Female,Freshman,29,3.67,1,19456.29,789.95,2023-01-26
STU00441,History,US History,Fall 2023,Enrolled,Male,Senior,18,2.43,3,21938.37,5642.07,2023-08-19
STU00442,English,Composition,Fall 2023,Enrolled,Male,Graduate,23,3.38,1,18283.76,2370.57,2023-08-24
STU00443,Physics,Mechanics,Fall 2023,Completed,Male,Graduate,23,3.04,3,19985.67,3484.55,2023-08-29
STU00444,Biology,Microbiology,Fall 2023,Enrolled,Male,Sophomore,25,3.66,3,7238.72,1546.07,2023-08-17
STU00445,Business Administration,Marketing,Fall 2023,Waitlisted,Male,Sophomore,20,2.79,3,10172.42,1005.28,2023-08-18
STU00446,History,Modern History,Spring 2023,Enrolled,Female,Sophomore,21,3.4,1,15387.72,1891.59,2023-01-30
STU00447,History,Ancient Civilizations,Fall 2024,Completed,Male,Freshman,23,2.85,2,23932.76,8044.02,2024-08-28
STU00448,Mathematics,Calculus I,Spring 2023,Dropped,Male,Sophomore,19,2.76,4,6304.09,1754.8,2023-01-17
STU00449,English,Linguistics,Fall 2024,Completed,Female,Junior,29,3.01,1,7109.47,2801.62,2024-08-29
STU00450,Computer Science,Data Structures,Fall 2023,Completed,Female,Freshman,28,4.0,3,20512.24,11870.15,2023-08-26
STU00451,Mathematics,Calculus I,Spring 2025,Enrolled,Female,Senior,27,2.97,4,20149.64,3342.12,2025-01-13
STU00452,Economics,Microeconomics,Spring 2024,Completed,Male,Sophomore,24,2.74,3,17853.49,2097.87,2024-01-21
STU00453,Chemistry,Analytical Chemistry,Spring 2025,Enrolled,Female,Sophomore,25,1.72,3,16156.4,1609.51,2025-01-21
STU00454,Economics,International Economics,Spring 2025,Completed,Male,Senior,20,3.63,2,12262.01,6600.78,2025-01-16
STU00455,History,US History,Fall 2024,Dropped,Male,Graduate,29,4.0,1,5667.67,1236.78,2024-08-27
STU00456,History,European History,Spring 2024,Dropped,Male,Graduate,32,3.19,3,11263.24,5396.85,2024-01-21
STU00457,History,European History,Fall 2023,Enrolled,Male,Junior,23,2.67,1,24768.32,7212.92,2023-09-04
STU00458,Economics,Game Theory,Spring 2024,Completed,Male,Sophomore,22,3.67,1,19503.71,3779.95,2024-01-13
STU00459,Biology,Evolution,Fall 2023,Completed,Female,Freshman,27,2.51,2,5252.15,1763.95,2023-08-15
STU00460,Business Administration,Management,Spring 2024,Dropped,Female,Sophomore,21,2.97,2,19387.07,10355.7,2024-01-12
STU00461,Business Administration,Accounting,Spring 2025,Completed,Female,Freshman,20,3.27,3,21381.27,6937.71,2025-01-24
STU00462,Business Administration,Entrepreneurship,Spring 2023,Waitlisted,Female,Senior,29,2.95,3,11287.0,3190.84,2023-01-24
STU00463,Physics,Quantum Physics,Spring 2023,Enrolled,Female,Freshman,29,2.04,4,14884.25,7396.72,2023-01-25
STU00464,Computer Science,Web Dev,Spring 2025,Enrolled,Male,Sophomore,22,2.8,3,7258.86,379.69,2025-01-06
STU00465,Computer Science,Intro to CS,Spring 2023,Completed,Male,Freshman,22,3.53,3,19793.43,2271.42,2023-01-20
STU00466,Mathematics,Linear Algebra,Fall 2024,Completed,Female,Junior,26,3.02,3,13710.11,4748.49,2024-08-28
STU00467,English,American Literature,Spring 2025,Completed,Male,Senior,22,3.31,3,10079.5,188.18,2025-01-21
STU00468,Physics,Relativity,Spring 2025,Completed,Female,Junior,19,3.29,2,11502.08,4736.51,2025-01-20
STU00469,Business Administration,Finance,Spring 2024,Completed,Male,Sophomore,24,3.33,1,24834.85,1082.86,2024-01-10
STU00470,Business Administration,Management,Spring 2025,Dropped,Female,Sophomore,21,2.6,3,22327.73,2887.38,2025-01-20
STU00471,Business Administration,Finance,Fall 2024,Enrolled,Female,Junior,22,3.36,1,22424.09,10306.98,2024-08-14
STU00472,Biology,Ecology,Spring 2025,Enrolled,Female,Freshman,29,3.19,3,18299.7,2857.9,2025-01-06
STU00473,Economics,Microeconomics,Fall 2023,Enrolled,Male,Junior,23,3.44,1,7219.79,1936.59,2023-08-20
STU00474,Computer Science,Intro to CS,Spring 2024,Completed,Non-binary,Senior,21,4.0,4,12632.24,976.59,2024-01-26
STU00475,History,European History,Fall 2024,Enrolled,Male,Graduate,32,2.83,2,19798.08,10905.69,2024-09-02
STU00476,Physics,Quantum Physics,Spring 2023,Dropped,Male,Junior,26,3.05,3,10844.36,5926.03,2023-01-19
STU00477,Mathematics,Calculus I,Spring 2024,Waitlisted,Male,Freshman,20,3.54,1,10630.42,5566.64,2024-01-21
STU00478,English,Poetry,Spring 2025,Waitlisted,Female,Senior,25,2.84,2,19073.72,6187.88,2025-01-13
STU00479,Business Administration,Management,Fall 2023,Enrolled,Male,Sophomore,18,2.16,4,16967.15,3025.97,2023-08-28
STU00480,Psychology,Developmental Psychology,Fall 2023,Enrolled,Male,Freshman,26,2.95,4,5962.86,3230.3,2023-08-22
STU00481,Business Administration,Entrepreneurship,Spring 2025,Enrolled,Male,Senior,19,3.58,1,22846.05,2540.44,2025-01-21
STU00482,Chemistry,Physical Chemistry,Spring 2024,Enrolled,Male,Junior,18,3.96,1,10705.81,2756.85,2024-01-18
STU00483,Economics,Microeconomics,Fall 2023,Enrolled,Female,Junior,19,4.0,1,10046.14,1327.45,2023-08-26
STU00484,Psychology,Abnormal Psychology,Fall 2023,Waitlisted,Male,Senior,18,3.53,1,19751.31,6224.5,2023-08-23
STU00485,Chemistry,Analytical Chemistry,Spring 2024,Enrolled,Male,Freshman,21,2.84,2,23213.53,6468.68,2024-01-22
STU00486,Mathematics,Calculus I,Fall 2024,Dropped,Male,Graduate,30,3.22,2,11816.31,1168.57,2024-09-02
STU00487,Psychology,Intro to Psychology,Spring 2025,Dropped,Male,Graduate,29,3.06,4,20776.05,7973.09,2025-01-12
STU00488,Business Administration,Finance,Spring 2024,Enrolled,Female,Freshman,29,3.42,2,7084.5,1634.44,2024-01-20
STU00489,Mathematics,Differential Equations,Spring 2024,Waitlisted,Male,Sophomore,20,3.31,2,17013.02,7590.47,2024-01-08
STU00490,Physics,Mechanics,Spring 2024,Waitlisted,Male,Sophomore,25,3.17,3,17682.08,752.54,2024-01-25
STU00491,English,Linguistics,Spring 2025,Enrolled,Male,Senior,18,3.15,3,23147.6,3317.38,2025-01-15
STU00492,Chemistry,Physical Chemistry,Spring 2024,Waitlisted,Female,Graduate,22,2.87,4,14009.31,3975.6,2024-01-10
STU00493,Mathematics,Statistics,Spring 2023,Completed,Female,Freshman,25,1.84,1,14485.77,5135.5,2023-01-15
STU00494,Business Administration,Marketing,Spring 2025,Waitlisted,Female,Senior,18,2.38,3,5153.28,677.35,2025-01-16
STU00495,History,Ancient Civilizations,Fall 2024,Completed,Male,Senior,21,2.95,2,21051.71,7225.56,2024-08-21
STU00496,Business Administration,Entrepreneurship,Fall 2024,Completed,Male,Junior,28,2.72,2,5887.76,981.45,2024-08-16
STU00497,Computer Science,Networks,Spring 2025,Waitlisted,Male,Junior,18,2.66,3,11904.46,3624.28,2025-01-14
STU00498,Chemistry,Analytical Chemistry,Spring 2025,Completed,Non-binary,Sophomore,24,3.23,2,14870.93,6265.94,2025-01-24
STU00499,Chemistry,Analytical Chemistry,Spring 2025,Enrolled,Female,Graduate,32,2.9,1,12891.52,3262.8,2025-01-17
STU00500,Biology,Microbiology,Fall 2023,Dropped,Female,Graduate,29,2.77,3,23152.22,9918.86,2023-08-26
STU00501,Computer Science,Algorithms,Spring 2023,Completed,Male,Graduate,34,3.56,1,24101.21,11875.12,2023-01-17
STU00502,Physics,Electromagnetism,Spring 2025,Enrolled,Male,Freshman,26,2.83,4,17728.03,543.92,2025-01-18
STU00503,Computer Science,Web Dev,Fall 2024,Enrolled,Female,Graduate,28,3.51,4,21007.1,8352.4,2024-08-16
STU00504,Mathematics,Probability,Spring 2023,Enrolled,Female,Sophomore,20,2.5,4,16926.43,5581.49,2023-01-26
STU00505,Business Administration,Entrepreneurship,Spring 2024,Enrolled,Female,Freshman,18,2.26,3,19997.02,4951.37,2024-01-16
STU00506,Computer Science,Operating Systems,Spring 2023,Waitlisted,Female,Sophomore,27,2.65,2,12238.4,4359.27,2023-01-19
STU00507,Biology,Evolution,Fall 2023,Completed,Female,Freshman,19,2.95,4,17757.54,7894.8,2023-08-20
STU00508,Physics,Relativity,Fall 2023,Dropped,Male,Graduate,24,2.94,3,15679.35,1337.17,2023-08-31
STU00509,Chemistry,Analytical Chemistry,Spring 2025,Waitlisted,Male,Sophomore,26,2.25,4,14720.01,5097.83,2025-01-10
STU00510,Chemistry,Physical Chemistry,Spring 2025,Enrolled,Male,Graduate,26,2.78,3,21160.45,2743.05,2025-01-11
STU00511,Psychology,Developmental Psychology,Fall 2024,Enrolled,Male,Freshman,29,3.62,3,13077.96,609.02,2024-08-20
STU00512,Chemistry,Biochemistry,Spring 2025,Enrolled,Female,Junior,22,2.93,2,22234.85,7874.95,2025-01-17
STU00513,Physics,Optics,Spring 2025,Waitlisted,Female,Graduate,23,2.64,4,16585.33,7556.45,2025-01-13
STU00514,English,Linguistics,Spring 2023,Enrolled,Female,Junior,28,2.02,3,16643.97,3706.67,2023-01-13
STU00515,History,Ancient Civilizations,Spring 2024,Enrolled,Female,Graduate,33,2.61,2,8337.2,2153.65,2024-01-11
STU00516,English,Linguistics,Fall 2024,Completed,Female,Senior,22,3.84,3,22801.94,4732.01,2024-08-31
STU00517,Psychology,Social Psychology,Spring 2025,Dropped,Female,Sophomore,20,3.12,3,17738.05,3624.99,2025-01-16
STU00518,Mathematics,Statistics,Spring 2023,Enrolled,Female,Sophomore,18,3.02,3,7025.2,3570.79,2023-01-17
STU00519,Mathematics,Calculus II,Spring 2024,Completed,Male,Junior,19,3.24,3,16193.77,1022.73,2024-01-24
STU00520,Chemistry,Physical Chemistry,Fall 2023,Waitlisted,Male,Graduate,34,3.68,1,24440.51,3350.6,2023-08-17
STU00521,Economics,Macroeconomics,Spring 2024,Waitlisted,Male,Junior,28,2.22,4,11264.13,993.91,2024-01-28
STU00522,Computer Science,Algorithms,Spring 2023,Enrolled,Male,Graduate,31,2.37,4,23001.66,1602.83,2023-01-19
STU00523,Physics,Thermodynamics,Spring 2025,Enrolled,Male,Junior,29,3.45,2,17058.86,8461.61,2025-01-22
STU00524,English,Linguistics,Spring 2023,Completed,Male,Sophomore,28,2.93,2,24222.71,5660.58,2023-01-22
STU00525,Economics,Microeconomics,Spring 2023,Completed,Male,Senior,23,2.5,4,16074.23,5224.49,2023-01-30
STU00526,History,World History,Spring 2023,Enrolled,Male,Freshman,28,3.17,3,21770.98,4652.71,2023-01-11
STU00527,Psychology,Cognitive Psychology,Spring 2023,Enrolled,Female,Sophomore,20,3.12,3,18547.75,2615.65,2023-01-20
STU00528,Chemistry,Organic Chemistry,Spring 2023,Completed,Male,Freshman,24,2.44,1,15896.55,1576.07,2023-01-12
STU00529,Chemistry,Biochemistry,Spring 2024,Completed,Female,Senior,19,1.83,2,24876.97,13139.74,2024-01-15
STU00530,English,Composition,Spring 2024,Enrolled,Female,Senior,23,2.96,1,16387.55,6102.66,2024-01-12
STU00531,Biology,Genetics,Fall 2024,Enrolled,Female,Graduate,28,2.87,2,14510.92,4727.87,2024-08-30
STU00532,Mathematics,Linear Algebra,Fall 2024,Dropped,Male,Junior,28,3.05,1,23189.09,10047.51,2024-08-24
STU00533,Business Administration,Marketing,Fall 2024,Completed,Male,Freshman,29,2.76,4,18615.12,5213.52,2024-08-23
STU00534,Economics,International Economics,Spring 2023,Enrolled,Female,Sophomore,23,3.14,1,7975.92,2214.16,2023-01-25
STU00535,Chemistry,Analytical Chemistry,Fall 2024,Completed,Male,Graduate,33,3.66,2,16774.63,3777.61,2024-08-17
STU00536,History,World History,Spring 2024,Completed,Male,Freshman,28,3.07,4,9064.46,4143.17,2024-01-22
STU00537,Biology,Anatomy,Fall 2023,Enrolled,Female,Sophomore,28,2.03,3,16545.58,8592.89,2023-08-28
STU00538,History,European History,Fall 2023,Completed,Female,Senior,28,4.0,3,13151.68,6529.96,2023-08-29
STU00539,Biology,Cell Biology,Spring 2023,Enrolled,Male,Graduate,25,3.05,4,24922.46,889.31,2023-01-22
STU00540,Physics,Mechanics,Spring 2025,Enrolled,Female,Junior,18,3.8,2,17803.97,3188.0,2025-01-13
STU00541,Economics,Econometrics,Fall 2023,Enrolled,Female,Freshman,20,2.55,3,5615.8,3273.56,2023-08-30
STU00542,English,Linguistics,Fall 2023,Completed,Male,Freshman,19,2.68,1,14536.87,5998.4,2023-08-25
STU00543,Physics,Relativity,Fall 2024,Enrolled,Female,Graduate,24,2.71,3,10987.91,2364.92,2024-08-13
STU00544,Mathematics,Linear Algebra,Spring 2025,Enrolled,Male,Senior,26,3.3,3,10575.2,1336.95,2025-01-20
STU00545,History,Ancient Civilizations,Spring 2025,Completed,Female,Freshman,20,2.83,2,5286.31,2340.36,2025-01-10
STU00546,Computer Science,Algorithms,Spring 2023,Waitlisted,Female,Graduate,22,3.53,4,6380.59,21.69,2023-01-17
STU00547,Physics,Optics,Spring 2024,Enrolled,Male,Sophomore,22,3.33,4,22688.49,9529.63,2024-01-15
STU00548,Economics,Microeconomics,Spring 2025,Completed,Male,Junior,24,3.34,1,14752.56,687.32,2025-01-09
STU00549,Psychology,Developmental Psychology,Fall 2024,Enrolled,Female,Junior,23,3.34,1,17641.8,6108.02,2024-08-13
STU00550,History,US History,Spring 2024,Completed,Female,Sophomore,20,2.17,1,15451.53,2777.25,2024-01-15
STU00551,Computer Science,Algorithms,Spring 2024,Completed,Female,Sophomore,18,3.83,1,19141.73,576.85,2024-01-09
STU00552,Economics,Econometrics,Fall 2023,Waitlisted,Male,Sophomore,27,3.1,4,13057.47,2313.45,2023-08-16
STU00553,History,US History,Spring 2023,Completed,Female,Freshman,24,2.3,4,8046.59,1285.05,2023-01-16
STU00554,Economics,Econometrics,Spring 2023,Completed,Female,Freshman,22,2.72,4,21844.61,7195.36,2023-01-30
STU00555,History,World History,Fall 2024,Enrolled,Male,Graduate,34,2.27,3,17956.35,1324.32,2024-08-28
STU00556,Psychology,Developmental Psychology,Fall 2023,Completed,Female,Junior,24,3.7,1,15061.68,4060.78,2023-08-24
STU00557,Biology,Microbiology,Spring 2024,Dropped,Female,Junior,21,2.78,4,18652.34,2707.56,2024-01-21
STU00558,Mathematics,Calculus I,Spring 2025,Enrolled,Male,Junior,21,3.19,3,11063.88,1924.92,2025-01-09
STU00559,Mathematics,Calculus I,Spring 2025,Completed,Female,Senior,28,2.73,1,14933.91,2547.19,2025-01-23
STU00560,Chemistry,Physical Chemistry,Fall 2023,Enrolled,Female,Sophomore,25,3.54,4,17591.15,573.46,2023-08-26
STU00561,Biology,Evolution,Spring 2024,Dropped,Male,Graduate,22,2.79,1,10523.39,4463.87,2024-01-25
STU00562,Economics,International Economics,Fall 2024,Waitlisted,Male,Senior,25,3.11,1,5076.4,751.79,2024-08-22
STU00563,Psychology,Intro to Psychology,Fall 2024,Completed,Female,Graduate,30,2.43,2,21854.24,4108.79,2024-08-15
STU00564,Business Administration,Finance,Fall 2024,Enrolled,Male,Graduate,23,2.69,3,22837.44,5944.37,2024-08-28
STU00565,Psychology,Abnormal Psychology,Spring 2024,Completed,Female,Sophomore,23,3.3,3,6785.79,2797.18,2024-01-08
STU00566,History,European History,Spring 2025,Completed,Male,Senior,29,3.05,3,17654.24,7455.64,2025-01-15
STU00567,Psychology,Social Psychology,Fall 2024,Waitlisted,Female,Sophomore,24,3.38,2,8656.14,1446.13,2024-08-22
STU00568,Business Administration,Business Ethics,Fall 2023,Enrolled,Female,Sophomore,18,2.92,3,18522.16,10490.75,2023-08-23
STU00569,Mathematics,Differential Equations,Spring 2024,Completed,Female,Senior,22,4.0,3,24989.32,1571.45,2024-01-23
STU00570,History,World History,Spring 2024,Enrolled,Male,Freshman,24,2.89,2,15008.02,3896.64,2024-01-22
STU00571,Chemistry,Organic Chemistry,Spring 2025,Completed,Male,Freshman,19,3.74,3,5057.63,2606.57,2025-01-18
STU00572,Biology,Anatomy,Spring 2023,Dropped,Male,Graduate,23,3.42,2,16041.39,4001.98,2023-01-11
STU00573,Psychology,Abnormal Psychology,Fall 2023,Dropped,Female,Junior,26,2.91,1,22603.13,2925.85,2023-08-27
STU00574,History,Ancient Civilizations,Spring 2024,Dropped,Female,Graduate,28,4.0,1,17155.04,3039.55,2024-01-15
STU00575,Computer Science,Databases,Fall 2023,Waitlisted,Female,Senior,24,3.29,2,24491.84,767.06,2023-08-22
STU00576,English,Poetry,Fall 2024,Completed,Female,Sophomore,23,2.81,3,8984.31,4798.78,2024-08-22
STU00577,Economics,Macroeconomics,Spring 2025,Enrolled,Non-binary,Graduate,24,3.6,1,20640.31,6734.59,2025-01-20
STU00578,History,World History,Spring 2024,Completed,Male,Graduate,26,3.36,3,18760.89,2722.83,2024-01-13
STU00579,Computer Science,Web Dev,Spring 2024,Waitlisted,Male,Junior,25,3.35,1,23976.92,452.04,2024-01-10
STU00580,Business Administration,Business Ethics,Fall 2023,Dropped,Female,Freshman,23,3.51,3,15618.75,5577.13,2023-08-25
STU00581,Psychology,Cognitive Psychology,Spring 2025,Completed,Female,Sophomore,26,3.11,4,18550.85,3471.2,2025-01-21
STU00582,Psychology,Developmental Psychology,Spring 2024,Enrolled,Female,Junior,18,3.37,3,15425.92,9033.55,2024-01-28
STU00583,English,British Literature,Fall 2023,Dropped,Female,Graduate,31,3.44,1,7404.14,1179.85,2023-09-04
STU00584,Mathematics,Probability,Spring 2024,Enrolled,Female,Graduate,30,3.4,2,20462.84,6359.37,2024-01-27
STU00585,Computer Science,Web Dev,Spring 2024,Dropped,Male,Junior,26,3.59,3,24483.89,12443.61,2024-01-16
STU00586,Computer Science,Web Dev,Spring 2024,Completed,Female,Junior,28,2.42,2,21595.26,7853.94,2024-01-15
STU00587,English,Poetry,Spring 2023,Enrolled,Non-binary,Graduate,34,2.3,1,6313.9,864.63,2023-01-11
STU00588,Mathematics,Calculus II,Fall 2024,Dropped,Female,Senior,19,2.69,1,14681.54,6584.18,2024-08-23
STU00589,Biology,Anatomy,Spring 2025,Waitlisted,Female,Senior,27,3.18,1,9783.18,3115.38,2025-01-25
STU00590,Physics,Mechanics,Spring 2024,Enrolled,Male,Freshman,19,3.11,2,17891.82,6025.54,2024-01-16
STU00591,Chemistry,Physical Chemistry,Spring 2023,Dropped,Female,Senior,18,2.77,4,7816.06,2918.89,2023-01-19
STU00592,Economics,International Economics,Spring 2024,Enrolled,Female,Graduate,32,2.8,1,16565.97,1460.75,2024-01-28
STU00593,Business Administration,Marketing,Spring 2025,Completed,Female,Freshman,25,2.45,3,18482.61,2882.23,2025-01-22
STU00594,Psychology,Intro to Psychology,Fall 2023,Completed,Female,Junior,21,3.89,4,11746.8,5109.73,2023-08-29
STU00595,History,Ancient Civilizations,Spring 2025,Enrolled,Male,Sophomore,26,3.66,2,23612.14,7045.57,2025-01-14
STU00596,History,Modern History,Fall 2023,Completed,Male,Junior,28,3.66,1,5891.28,1469.2,2023-08-20
STU00597,Psychology,Developmental Psychology,Spring 2023,Enrolled,Female,Senior,28,2.75,1,23981.42,13846.54,2023-01-15
STU00598,Chemistry,Organic Chemistry,Fall 2024,Waitlisted,Male,Senior,23,3.73,2,23573.21,10761.47,2024-08-25
STU00599,Physics,Electromagnetism,Fall 2023,Dropped,Male,Sophomore,27,3.01,1,16217.49,8406.77,2023-08-22
STU00600,Psychology,Abnormal Psychology,Fall 2024,Enrolled,Female,Junior,29,2.44,1,22953.49,9287.2,2024-08-28
STU00601,Biology,Evolution,Fall 2024,Waitlisted,Male,Sophomore,28,3.32,1,9839.54,5671.28,2024-08-27
STU00602,Chemistry,Physical Chemistry,Spring 2023,Enrolled,Female,Junior,21,3.29,3,24028.6,14342.47,2023-01-21
STU00603,Business Administration,Finance,Fall 2024,Enrolled,Male,Senior,28,3.51,2,8521.91,1093.99,2024-08-29
STU00604,Computer Science,Web Dev,Fall 2023,Enrolled,Female,Senior,27,3.06,3,5283.8,2629.4,2023-08-16
STU00605,English,American Literature,Fall 2024,Enrolled,Male,Senior,18,3.11,3,24546.16,11153.43,2024-08-24
STU00606,Chemistry,Analytical Chemistry,Fall 2024,Enrolled,Female,Junior,27,3.39,2,14538.0,6265.86,2024-08-26
STU00607,Psychology,Cognitive Psychology,Fall 2023,Waitlisted,Male,Freshman,18,3.84,1,24203.36,11088.71,2023-09-05
STU00608,Psychology,Intro to Psychology,Spring 2025,Completed,Female,Sophomore,29,2.99,1,5242.06,28.43,2025-01-10
STU00609,Psychology,Social Psychology,Fall 2024,Waitlisted,Male,Sophomore,29,2.47,3,11433.4,5817.6,2024-08-19
STU00610,History,US History,Spring 2025,Completed,Female,Sophomore,28,3.4,4,10076.42,1486.12,2025-01-08
STU00611,Psychology,Developmental Psychology,Spring 2023,Enrolled,Male,Sophomore,29,2.7,2,10777.7,2572.66,2023-01-11
STU00612,Psychology,Cognitive Psychology,Spring 2024,Enrolled,Female,Sophomore,20,3.27,4,14893.5,4581.72,2024-01-14
STU00613,English,Creative Writing,Fall 2023,Completed,Male,Junior,18,2.73,2,5652.36,195.69,2023-08-21
STU00614,Computer Science,Machine Learning,Spring 2024,Dropped,Male,Senior,28,3.22,1,10510.96,3922.94,2024-01-20
STU00615,Computer Science,Web Dev,Spring 2023,Waitlisted,Female,Junior,21,3.72,3,13312.08,6767.37,2023-01-10
STU00616,Business Administration,Entrepreneurship,Fall 2024,Enrolled,Male,Graduate,31,2.14,1,22547.11,13181.57,2024-08-21
STU00617,Psychology,Social Psychology,Spring 2024,Waitlisted,Female,Junior,28,2.9,3,24009.18,8378.56,2024-01-18
STU00618,Economics,International Economics,Spring 2025,Enrolled,Female,Senior,25,3.44,2,16601.78,5146.87,2025-01-24
STU00619,Biology,Cell Biology,Spring 2024,Enrolled,Male,Sophomore,20,2.99,3,23075.15,11710.86,2024-01-12
STU00620,Business Administration,Business Ethics,Spring 2025,Completed,Male,Junior,22,2.54,1,20262.17,10007.41,2025-01-25
STU00621,Economics,International Economics,Spring 2024,Completed,Female,Senior,19,3.3,1,8722.72,1735.29,2024-01-14
STU00622,Biology,Cell Biology,Spring 2023,Completed,Male,Graduate,33,2.44,1,17720.85,3874.0,2023-01-24
STU00623,Business Administration,Finance,Spring 2023,Enrolled,Male,Senior,20,1.8,1,21217.57,10640.52,2023-01-13
STU00624,Chemistry,General Chemistry,Fall 2023,Completed,Male,Senior,19,3.2,2,20478.12,4332.38,2023-08-18
STU00625,Biology,Microbiology,Fall 2024,Dropped,Female,Sophomore,20,1.64,3,5908.07,1028.11,2024-08-24
STU00626,Physics,Relativity,Fall 2024,Waitlisted,Female,Freshman,22,3.72,2,12836.48,4210.63,2024-08-20
STU00627,History,Ancient Civilizations,Spring 2023,Enrolled,Female,Graduate,30,2.78,4,12243.53,5312.19,2023-01-17
STU00628,Physics,Optics,Spring 2023,Completed,Female,Freshman,24,3.17,1,9071.57,54.92,2023-01-29
STU00629,Mathematics,Statistics,Fall 2024,Waitlisted,Female,Freshman,20,2.8,4,19634.49,7547.13,2024-08-20
STU00630,Psychology,Abnormal Psychology,Spring 2024,Enrolled,Female,Sophomore,22,2.62,4,20181.38,7381.92,2024-01-12
STU00631,History,European History,Fall 2024,Completed,Female,Graduate,30,2.67,1,7507.13,1517.78,2024-08-26
STU00632,History,US History,Fall 2023,Dropped,Female,Freshman,23,2.64,3,13115.02,1735.03,2023-09-05
STU00633,Business Administration,Entrepreneurship,Spring 2024,Enrolled,Female,Freshman,22,2.51,1,12613.79,3136.82,2024-01-17
STU00634,Psychology,Intro to Psychology,Spring 2024,Enrolled,Female,Senior,27,3.17,3,5413.43,873.79,2024-01-16
STU00635,Mathematics,Calculus II,Spring 2024,Completed,Male,Graduate,22,3.43,4,10931.2,4685.71,2024-01-28
STU00636,Business Administration,Accounting,Fall 2024,Waitlisted,Male,Sophomore,22,2.35,4,7050.32,2173.7,2024-08-30
STU00637,Psychology,Developmental Psychology,Spring 2024,Enrolled,Female,Junior,21,3.08,3,8180.5,884.45,2024-01-14
STU00638,Business Administration,Accounting,Spring 2025,Enrolled,Male,Freshman,28,3.32,2,21070.36,1542.74,2025-01-12
STU00639,Economics,Macroeconomics,Spring 2023,Completed,Female,Graduate,34,2.89,1,21141.42,2476.6,2023-01-22
STU00640,Physics,Quantum Physics,Spring 2025,Enrolled,Male,Sophomore,23,3.44,4,11712.21,6876.42,2025-01-08
STU00641,Business Administration,Management,Spring 2023,Enrolled,Male,Graduate,22,3.63,1,16241.46,9229.28,2023-01-10
STU00642,History,Ancient Civilizations,Fall 2024,Completed,Female,Graduate,22,3.57,1,12610.35,1233.56,2024-08-15
STU00643,Physics,Relativity,Spring 2024,Enrolled,Female,Graduate,23,3.23,3,17318.24,8762.46,2024-01-11
STU00644,Biology,Cell Biology,Spring 2025,Completed,Female,Graduate,29,2.94,2,19097.42,9363.02,2025-01-06
STU00645,Computer Science,Web Dev,Fall 2023,Enrolled,Male,Junior,18,1.93,4,11176.69,3234.07,2023-08-22
STU00646,English,Linguistics,Spring 2024,Completed,Female,Freshman,20,3.77,1,24049.34,3271.59,2024-01-18
STU00647,Psychology,Social Psychology,Fall 2024,Completed,Female,Junior,27,3.39,3,17500.58,3323.88,2024-09-02
STU00648,Biology,Anatomy,Spring 2025,Completed,Male,Freshman,20,3.61,3,15030.31,639.31,2025-01-19
STU00649,Physics,Quantum Physics,Spring 2024,Completed,Female,Junior,25,3.11,1,9950.2,972.03,2024-01-08
STU00650,Psychology,Social Psychology,Spring 2025,Dropped,Female,Senior,18,3.15,4,5395.91,1264.85,2025-01-10
STU00651,Business Administration,Management,Spring 2025,Dropped,Non-binary,Senior,28,3.44,4,13610.8,7170.04,2025-01-10
STU00652,Business Administration,Marketing,Spring 2024,Enrolled,Male,Sophomore,23,3.03,2,9942.63,2122.88,2024-01-25
STU00653,English,Composition,Spring 2025,Completed,Male,Junior,26,2.54,2,6131.71,1375.67,2025-01-09
STU00654,Chemistry,General Chemistry,Spring 2024,Completed,Male,Graduate,22,3.72,2,17834.69,7185.37,2024-01-22
STU00655,Economics,Econometrics,Spring 2024,Waitlisted,Male,Sophomore,24,2.92,4,20018.8,1217.62,2024-01-25
STU00656,Biology,Genetics,Fall 2024,Waitlisted,Male,Sophomore,27,2.44,2,23294.62,160.46,2024-08-21
STU00657,Business Administration,Accounting,Fall 2023,Enrolled,Female,Senior,18,3.16,1,24579.15,8192.16,2023-09-01
STU00658,Psychology,Intro to Psychology,Spring 2025,Enrolled,Male,Graduate,31,2.63,3,16643.66,2041.58,2025-01-22
STU00659,Economics,Macroeconomics,Spring 2025,Waitlisted,Male,Sophomore,29,3.19,2,15335.8,6810.58,2025-01-07
STU00660,Computer Science,Operating Systems,Spring 2024,Completed,Female,Senior,29,2.75,2,15992.13,6618.62,2024-01-18
STU00661,Economics,Microeconomics,Fall 2024,Completed,Female,Freshman,24,3.06,2,6841.34,2458.96,2024-08-31
STU00662,History,Modern History,Spring 2023,Enrolled,Female,Sophomore,20,3.19,3,17970.1,2883.14,2023-01-11
STU00663,Biology,Ecology,Spring 2024,Completed,Male,Senior,23,3.69,4,17200.15,3229.23,2024-01-11
STU00664,Biology,Microbiology,Fall 2024,Enrolled,Female,Junior,28,3.61,4,16953.37,8809.94,2024-08-12
STU00665,Physics,Optics,Spring 2023,Completed,Male,Freshman,20,2.99,3,16751.72,7047.18,2023-01-22
STU00666,Biology,Anatomy,Spring 2024,Enrolled,Male,Sophomore,29,3.24,4,17549.73,4060.45,2024-01-14
STU00667,Computer Science,Algorithms,Spring 2024,Enrolled,Female,Graduate,22,3.45,3,9409.67,4097.3,2024-01-21
STU00668,Economics,Econometrics,Fall 2023,Waitlisted,Male,Freshman,27,3.13,2,19788.16,2548.73,2023-08-20
STU00669,Computer Science,Machine Learning,Spring 2025,Completed,Female,Senior,18,3.95,3,11540.89,6163.23,2025-01-26
STU00670,Chemistry,Biochemistry,Spring 2024,Completed,Female,Junior,26,3.09,1,13680.42,2123.57,2024-01-16
STU00671,History,World History,Spring 2024,Completed,Female,Graduate,32,3.11,2,17265.83,6606.13,2024-01-17
STU00672,Chemistry,Biochemistry,Fall 2023,Completed,Female,Senior,19,3.06,1,19281.05,1057.27,2023-08-31
STU00673,History,Modern History,Fall 2023,Completed,Male,Sophomore,22,3.28,3,5274.91,786.1,2023-08-28
STU00674,History,Modern History,Fall 2024,Dropped,Male,Sophomore,22,3.38,3,6542.9,3577.01,2024-08-22
STU00675,Biology,Ecology,Fall 2023,Enrolled,Male,Senior,19,3.44,3,18457.43,898.68,2023-08-30
STU00676,Economics,Econometrics,Fall 2024,Completed,Male,Sophomore,24,3.84,2,21769.84,10516.01,2024-08-30
STU00677,Computer Science,Algorithms,Fall 2024,Completed,Female,Freshman,21,3.14,2,9005.64,3332.72,2024-08-12
STU00678,Physics,Quantum Physics,Spring 2023,Enrolled,Female,Graduate,28,3.47,1,19758.35,6181.78,2023-01-28
STU00679,Computer Science,Operating Systems,Spring 2024,Waitlisted,Male,Graduate,31,2.41,2,20994.38,4202.32,2024-01-08
STU00680,Mathematics,Probability,Spring 2025,Enrolled,Male,Junior,23,2.93,4,22196.48,466.23,2025-01-26
STU00681,Physics,Electromagnetism,Spring 2024,Enrolled,Male,Junior,19,2.43,3,19109.22,4902.68,2024-01-11
STU00682,Economics,International Economics,Spring 2025,Completed,Male,Senior,19,3.45,2,17986.45,10104.22,2025-01-23
STU00683,Psychology,Cognitive Psychology,Fall 2024,Completed,Female,Graduate,23,3.85,4,16976.91,2048.42,2024-09-02
STU00684,Psychology,Developmental Psychology,Fall 2023,Enrolled,Female,Freshman,24,3.1,4,6123.52,1804.34,2023-08-18
STU00685,Chemistry,Biochemistry,Spring 2024,Enrolled,Male,Graduate,33,3.23,2,13193.42,5186.39,2024-01-08
STU00686,English,British Literature,Spring 2024,Enrolled,Female,Senior,23,2.91,3,8189.85,788.5,2024-01-12
STU00687,Computer Science,Operating Systems,Spring 2025,Completed,Female,Graduate,22,3.37,3,22633.81,11056.06,2025-01-25
STU00688,Biology,Microbiology,Spring 2025,Completed,Male,Senior,20,2.58,4,7208.64,1250.79,2025-01-09
STU00689,Biology,Ecology,Spring 2023,Completed,Female,Graduate,33,3.15,3,15711.08,3364.24,2023-01-29
STU00690,Chemistry,Physical Chemistry,Spring 2025,Completed,Female,Sophomore,25,2.27,2,20785.86,3838.68,2025-01-10
STU00691,Chemistry,General Chemistry,Fall 2024,Completed,Male,Graduate,25,2.41,4,10429.98,1450.5,2024-08-28
STU00692,Biology,Ecology,Spring 2023,Enrolled,Female,Sophomore,22,3.82,1,23071.17,1074.76,2023-01-22
STU00693,Chemistry,Biochemistry,Spring 2023,Completed,Male,Freshman,20,3.25,2,20889.71,11084.62,2023-01-21
STU00694,Computer Science,Networks,Fall 2023,Completed,Female,Senior,24,2.02,3,14236.87,3540.85,2023-09-05
STU00695,Economics,Microeconomics,Spring 2024,Dropped,Female,Freshman,26,3.34,3,8585.07,3574.56,2024-01-22
STU00696,History,World History,Fall 2024,Enrolled,Female,Junior,24,2.64,4,13592.17,6040.03,2024-09-01
STU00697,Computer Science,Data Structures,Spring 2025,Completed,Male,Senior,19,3.83,2,10935.73,3552.16,2025-01-22
STU00698,Computer Science,Machine Learning,Spring 2024,Dropped,Female,Sophomore,28,3.18,4,19648.28,10393.89,2024-01-17
STU00699,History,European History,Spring 2025,Enrolled,Female,Graduate,33,2.61,1,9237.89,1723.8,2025-01-12
STU00700,Chemistry,Analytical Chemistry,Fall 2024,Enrolled,Female,Sophomore,24,3.2,1,9874.59,1585.47,2024-09-02
STU00701,Biology,Evolution,Spring 2024,Enrolled,Female,Graduate,33,3.23,1,13294.72,6013.46,2024-01-08
STU00702,History,US History,Spring 2023,Enrolled,Female,Senior,20,3.12,2,18579.57,4591.36,2023-01-19
STU00703,English,Creative Writing,Fall 2023,Completed,Female,Junior,18,2.79,1,15933.71,5501.04,2023-08-30
STU00704,Computer Science,Web Dev,Fall 2024,Completed,Female,Sophomore,18,2.57,4,14914.08,8350.04,2024-08-18
STU00705,Biology,Ecology,Spring 2025,Dropped,Female,Senior,25,2.6,2,12837.19,6898.77,2025-01-12
STU00706,Computer Science,Operating Systems,Spring 2024,Enrolled,Female,Senior,27,3.43,4,15156.1,3812.71,2024-01-24
STU00707,Psychology,Social Psychology,Fall 2024,Completed,Female,Graduate,22,3.31,3,13162.38,6994.12,2024-08-22
STU00708,English,Linguistics,Spring 2024,Waitlisted,Female,Graduate,31,3.53,2,10065.45,60.26,2024-01-16
STU00709,Mathematics,Discrete Math,Fall 2023,Enrolled,Male,Junior,25,2.99,4,22483.41,2744.37,2023-08-26
STU00710,Computer Science,Operating Systems,Fall 2024,Waitlisted,Female,Junior,20,3.91,2,10710.18,3415.97,2024-08-30
STU00711,English,Linguistics,Spring 2023,Waitlisted,Female,Sophomore,20,2.7,4,12756.52,6150.21,2023-01-28
STU00712,Psychology,Cognitive Psychology,Fall 2024,Enrolled,Female,Freshman,19,3.07,1,6339.47,3337.16,2024-08-23
STU00713,Psychology,Intro to Psychology,Spring 2023,Waitlisted,Male,Freshman,26,3.43,2,15911.7,9372.38,2023-01-27
STU00714,Mathematics,Statistics,Fall 2023,Enrolled,Female,Senior,19,3.33,4,15267.36,9061.65,2023-09-03
STU00715,Psychology,Developmental Psychology,Fall 2024,Enrolled,Male,Graduate,34,2.16,1,9402.23,1977.4,2024-08-19
STU00716,Computer Science,Machine Learning,Fall 2024,Waitlisted,Female,Senior,28,3.41,1,19132.69,4298.89,2024-08-31
STU00717,English,Poetry,Fall 2024,Waitlisted,Female,Freshman,28,3.74,3,5167.27,674.85,2024-08-28
STU00718,Psychology,Intro to Psychology,Fall 2024,Dropped,Male,Sophomore,26,3.58,1,5106.27,2464.78,2024-08-26
STU00719,Mathematics,Probability,Fall 2023,Enrolled,Male,Sophomore,26,2.27,2,15960.65,4990.0,2023-08-21
STU00720,Psychology,Developmental Psychology,Spring 2024,Enrolled,Female,Junior,27,4.0,4,20170.04,177.03,2024-01-26
STU00721,History,World History,Fall 2023,Enrolled,Male,Junior,29,2.74,2,8899.5,4754.52,2023-08-31
STU00722,Psychology,Developmental Psychology,Spring 2024,Enrolled,Male,Junior,24,3.36,3,17108.24,4446.4,2024-01-11
STU00723,History,Ancient Civilizations,Spring 2025,Enrolled,Male,Graduate,31,4.0,2,8129.53,2311.65,2025-01-18
STU00724,History,Modern History,Spring 2025,Enrolled,Non-binary,Senior,28,3.65,4,10418.85,1264.35,2025-01-13
STU00725,Computer Science,Intro to CS,Spring 2025,Completed,Female,Junior,28,3.57,1,16158.55,5668.43,2025-01-23
STU00726,Chemistry,Organic Chemistry,Fall 2023,Enrolled,Female,Junior,29,3.53,2,13877.18,3753.3,2023-08-31
STU00727,Mathematics,Calculus I,Spring 2024,Enrolled,Male,Graduate,27,4.0,2,19964.66,2695.73,2024-01-20
STU00728,Biology,Ecology,Spring 2025,Enrolled,Male,Sophomore,29,3.37,1,14262.29,2382.87,2025-01-09
STU00729,English,Composition,Fall 2023,Dropped,Female,Graduate,28,3.52,1,21298.79,9942.6,2023-08-20
STU00730,Business Administration,Business Ethics,Fall 2023,Completed,Female,Freshman,25,2.48,1,6767.7,2838.17,2023-08-26
STU00731,English,British Literature,Spring 2025,Completed,Female,Freshman,18,2.87,2,10191.53,205.93,2025-01-26
STU00732,Business Administration,Marketing,Fall 2024,Completed,Male,Graduate,24,3.07,1,21486.54,8122.43,2024-08-25
STU00733,English,Poetry,Fall 2024,Enrolled,Female,Sophomore,19,2.92,1,9021.3,2783.26,2024-08-18
STU00734,History,Ancient Civilizations,Spring 2025,Completed,Male,Senior,25,3.81,3,18335.44,1037.72,2025-01-13
STU00735,History,US History,Spring 2023,Enrolled,Female,Freshman,28,3.4,4,24345.27,12075.04,2023-01-21
STU00736,Chemistry,General Chemistry,Spring 2024,Completed,Female,Sophomore,28,3.55,4,23671.42,11381.43,2024-01-17
STU00737,Psychology,Cognitive Psychology,Spring 2024,Completed,Male,Graduate,24,3.05,2,7601.61,102.28,2024-01-28
STU00738,Biology,Cell Biology,Fall 2023,Completed,Female,Graduate,24,2.85,1,13120.24,107.84,2023-08-30
STU00739,Mathematics,Probability,Spring 2024,Enrolled,Male,Junior,22,3.41,1,20246.05,473.0,2024-01-22
STU00740,Chemistry,Organic Chemistry,Spring 2025,Completed,Non-binary,Senior,28,3.76,2,5106.92,2875.44,2025-01-10
STU00741,Economics,Microeconomics,Spring 2025,Enrolled,Female,Sophomore,22,2.27,1,6386.57,2446.01,2025-01-24
STU00742,Mathematics,Probability,Spring 2023,Waitlisted,Female,Junior,28,2.36,1,18522.51,1538.5,2023-01-29
STU00743,English,Linguistics,Spring 2025,Enrolled,Male,Junior,20,2.94,2,12429.72,4612.87,2025-01-10
STU00744,Psychology,Cognitive Psychology,Fall 2023,Completed,Male,Senior,20,3.58,2,13861.19,4109.68,2023-09-05
STU00745,Computer Science,Operating Systems,Fall 2024,Completed,Male,Sophomore,18,3.45,1,15080.08,8588.41,2024-08-29
STU00746,Chemistry,Organic Chemistry,Spring 2025,Completed,Male,Freshman,28,3.07,1,18550.63,4153.0,2025-01-16
STU00747,History,European History,Fall 2024,Waitlisted,Male,Freshman,22,2.84,1,17885.13,10454.73,2024-09-02
STU00748,Chemistry,Analytical Chemistry,Fall 2023,Enrolled,Non-binary,Freshman,27,3.18,3,16093.75,7220.89,2023-08-21
STU00749,Economics,Game Theory,Fall 2024,Enrolled,Female,Senior,21,2.43,1,5846.85,2033.74,2024-08-28
STU00750,Computer Science,Machine Learning,Spring 2025,Enrolled,Female,Sophomore,19,2.91,1,5382.9,2516.3,2025-01-16
STU00751,English,Linguistics,Spring 2024,Completed,Male,Graduate,33,4.0,3,23204.26,8896.96,2024-01-20
STU00752,Computer Science,Databases,Spring 2025,Waitlisted,Female,Freshman,19,2.87,3,16452.14,2734.47,2025-01-09
STU00753,Biology,Genetics,Spring 2024,Enrolled,Male,Senior,23,3.98,2,12098.49,377.4,2024-01-15
STU00754,History,US History,Fall 2024,Completed,Male,Graduate,34,3.89,3,13466.7,683.29,2024-08-31
STU00755,Economics,Game Theory,Spring 2023,Completed,Female,Sophomore,21,3.51,2,16935.53,5096.67,2023-01-24
STU00756,Chemistry,Physical Chemistry,Spring 2025,Completed,Female,Sophomore,25,2.56,2,8933.07,3952.49,2025-01-14
STU00757,English,Creative Writing,Fall 2024,Waitlisted,Male,Junior,20,2.8,2,18824.24,6811.06,2024-08-19
STU00758,Computer Science,Web Dev,Spring 2025,Completed,Male,Senior,22,2.78,3,6247.88,1256.87,2025-01-12
STU00759,Physics,Electromagnetism,Spring 2023,Enrolled,Female,Graduate,26,3.0,3,6420.7,812.06,2023-01-11
STU00760,Business Administration,Entrepreneurship,Fall 2024,Completed,Male,Freshman,28,2.73,3,14382.14,2317.5,2024-08-21
STU00761,Mathematics,Probability,Spring 2025,Enrolled,Female,Senior,21,3.72,3,24706.08,2461.05,2025-01-13
STU00762,Physics,Quantum Physics,Spring 2024,Enrolled,Male,Freshman,25,1.83,4,5174.12,482.97,2024-01-18
STU00763,Computer Science,Databases,Spring 2025,Enrolled,Female,Sophomore,25,2.88,2,12073.93,2191.27,2025-01-09
STU00764,Mathematics,Calculus II,Spring 2025,Waitlisted,Female,Senior,22,3.65,3,8402.31,4528.36,2025-01-23
STU00765,Economics,Macroeconomics,Spring 2024,Dropped,Female,Senior,23,3.08,3,11048.39,3734.85,2024-01-12
STU00766,History,Modern History,Spring 2025,Completed,Female,Freshman,23,2.68,1,20611.12,3754.82,2025-01-08
STU00767,Economics,International Economics,Spring 2025,Enrolled,Non-binary,Graduate,33,3.05,4,6645.45,1832.49,2025-01-15
STU00768,Computer Science,Operating Systems,Spring 2024,Completed,Male,Junior,26,2.21,4,19303.73,3265.25,2024-01-09
STU00769,History,European History,Spring 2025,Enrolled,Male,Junior,26,2.83,1,15944.75,9488.14,2025-01-22
STU00770,Psychology,Cognitive Psychology,Spring 2024,Completed,Male,Graduate,31,2.55,1,11277.51,3640.53,2024-01-14
STU00771,Physics,Optics,Spring 2025,Completed,Male,Senior,18,3.11,3,14417.35,5675.14,2025-01-17
STU00772,Economics,Microeconomics,Fall 2023,Completed,Female,Sophomore,29,2.92,4,18740.78,7399.79,2023-08-17
STU00773,Mathematics,Linear Algebra,Fall 2023,Completed,Female,Sophomore,19,3.29,1,13322.91,4107.59,2023-08-22
STU00774,Mathematics,Calculus I,Fall 2024,Completed,Male,Senior,18,2.75,2,21357.13,6537.18,2024-08-24
STU00775,History,Modern History,Spring 2024,Dropped,Female,Graduate,30,3.65,2,13055.52,7600.16,2024-01-15
STU00776,Physics,Electromagnetism,Fall 2023,Completed,Male,Junior,26,3.12,4,19832.05,3324.83,2023-08-20
STU00777,Chemistry,Organic Chemistry,Spring 2023,Enrolled,Male,Graduate,29,2.81,3,9374.2,1028.37,2023-01-11
STU00778,Computer Science,Networks,Spring 2024,Completed,Female,Graduate,27,2.68,4,17077.02,5908.11,2024-01-15
STU00779,Biology,Genetics,Fall 2024,Completed,Male,Freshman,26,2.75,1,23777.9,12754.25,2024-08-23
STU00780,Biology,Anatomy,Fall 2023,Completed,Female,Sophomore,18,3.5,1,19589.28,6737.42,2023-08-19
STU00781,Physics,Electromagnetism,Spring 2023,Enrolled,Male,Freshman,21,2.55,3,9364.15,4910.96,2023-01-16
STU00782,English,Creative Writing,Spring 2023,Completed,Male,Junior,23,3.44,2,20033.52,7494.27,2023-01-19
STU00783,Economics,Game Theory,Spring 2024,Enrolled,Female,Junior,19,3.03,3,9641.11,1535.08,2024-01-08
STU00784,History,World History,Spring 2025,Dropped,Male,Senior,18,2.83,2,10878.98,1547.54,2025-01-18
STU00785,Mathematics,Probability,Spring 2025,Enrolled,Male,Sophomore,24,2.63,2,9762.93,5321.39,2025-01-12
STU00786,Business Administration,Marketing,Spring 2023,Completed,Female,Freshman,22,2.77,4,14325.99,6537.6,2023-01-25
STU00787,Business Administration,Business Ethics,Fall 2023,Completed,Male,Graduate,28,1.73,3,16938.21,10158.43,2023-09-01
STU00788,Physics,Optics,Fall 2024,Completed,Female,Senior,19,2.85,2,8414.17,153.8,2024-09-01
STU00789,Business Administration,Finance,Fall 2024,Waitlisted,Male,Freshman,24,2.49,4,18400.65,5170.55,2024-08-23
STU00790,Mathematics,Probability,Spring 2025,Dropped,Non-binary,Senior,22,3.43,1,6004.86,125.78,2025-01-06
STU00791,English,British Literature,Fall 2024,Completed,Male,Sophomore,26,3.7,3,8213.59,123.06,2024-08-13
STU00792,Chemistry,General Chemistry,Fall 2023,Completed,Male,Freshman,26,2.99,1,11720.14,3274.72,2023-08-27
STU00793,English,British Literature,Spring 2024,Completed,Non-binary,Sophomore,26,2.34,2,8469.92,1929.88,2024-01-15
STU00794,English,British Literature,Spring 2025,Completed,Male,Freshman,27,3.48,2,12841.87,5784.77,2025-01-16
STU00795,Economics,Macroeconomics,Fall 2024,Waitlisted,Female,Junior,18,3.24,4,22129.87,11087.94,2024-08-17
STU00796,History,World History,Spring 2025,Enrolled,Female,Junior,23,2.39,1,6323.3,72.68,2025-01-24
STU00797,Biology,Anatomy,Fall 2024,Dropped,Female,Junior,23,2.98,1,13371.65,2346.86,2024-09-01
STU00798,Physics,Thermodynamics,Spring 2025,Enrolled,Male,Graduate,24,2.87,2,10875.52,270.8,2025-01-12
STU00799,Business Administration,Entrepreneurship,Spring 2024,Completed,Female,Junior,29,3.95,3,8846.2,1569.25,2024-01-13
STU00800,Computer Science,Databases,Spring 2024,Completed,Male,Senior,24,3.64,3,16992.55,5162.31,2024-01-24
STU00801,Biology,Anatomy,Fall 2023,Enrolled,Female,Sophomore,28,2.82,1,18562.28,6047.83,2023-08-18
STU00802,Economics,Game Theory,Spring 2023,Completed,Female,Sophomore,24,2.09,3,13712.9,6536.78,2023-01-12
STU00803,Economics,Game Theory,Fall 2023,Enrolled,Female,Freshman,25,3.53,2,6779.79,4034.09,2023-08-15
STU00804,Biology,Evolution,Spring 2023,Enrolled,Female,Freshman,29,2.87,1,8714.66,1947.77,2023-01-13
STU00805,Chemistry,General Chemistry,Fall 2024,Completed,Male,Senior,23,3.26,1,8009.45,4652.26,2024-08-13
STU00806,Mathematics,Discrete Math,Spring 2025,Completed,Male,Junior,20,2.53,2,9933.17,2806.88,2025-01-15
STU00807,English,American Literature,Fall 2023,Enrolled,Male,Senior,26,3.51,1,16557.82,8984.54,2023-08-19
STU00808,Chemistry,Organic Chemistry,Fall 2023,Enrolled,Female,Graduate,24,3.51,1,20140.96,671.97,2023-08-29
STU00809,Biology,Anatomy,Spring 2024,Enrolled,Male,Junior,20,3.42,2,13223.95,3192.84,2024-01-25
STU00810,Physics,Mechanics,Fall 2023,Waitlisted,Female,Freshman,21,2.54,2,20149.29,3567.3,2023-08-30
STU00811,Computer Science,Networks,Spring 2025,Enrolled,Male,Freshman,24,3.03,4,19594.24,11053.75,2025-01-26
STU00812,History,US History,Fall 2024,Waitlisted,Female,Senior,26,2.63,3,22262.71,10986.58,2024-09-01
STU00813,Chemistry,Biochemistry,Spring 2025,Completed,Female,Graduate,34,2.19,1,14856.39,2673.63,2025-01-25
STU00814,Economics,Game Theory,Spring 2023,Dropped,Female,Senior,26,3.24,1,8288.11,579.75,2023-01-14
STU00815,Economics,Econometrics,Fall 2024,Completed,Male,Sophomore,23,2.96,2,19660.0,7769.57,2024-08-29
STU00816,Physics,Optics,Fall 2023,Enrolled,Male,Junior,22,3.46,3,21419.62,7281.88,2023-08-17
STU00817,Economics,International Economics,Spring 2023,Completed,Male,Senior,25,2.27,2,5216.22,2586.88,2023-01-14
STU00818,Chemistry,Biochemistry,Fall 2024,Enrolled,Male,Freshman,27,2.62,3,16537.15,4603.76,2024-08-24
STU00819,Psychology,Intro to Psychology,Spring 2025,Completed,Male,Senior,23,3.86,2,5648.87,2232.61,2025-01-17
STU00820,Business Administration,Finance,Fall 2024,Waitlisted,Male,Junior,29,3.4,2,22462.18,10640.23,2024-08-19
STU00821,Business Administration,Management,Spring 2025,Completed,Female,Graduate,34,2.87,2,20871.41,397.96,2025-01-26
STU00822,Physics,Relativity,Fall 2024,Completed,Female,Senior,25,2.34,1,11950.38,361.02,2024-08-31
STU00823,Business Administration,Entrepreneurship,Spring 2024,Completed,Female,Sophomore,26,2.89,3,9530.43,3510.84,2024-01-08
STU00824,History,World History,Fall 2024,Completed,Female,Senior,26,4.0,3,16552.64,3567.51,2024-09-01
STU00825,Economics,Microeconomics,Spring 2023,Dropped,Female,Freshman,18,2.86,2,6035.72,2018.26,2023-01-22
STU00826,Physics,Quantum Physics,Fall 2024,Enrolled,Female,Sophomore,18,3.31,2,21691.82,4663.76,2024-08-24
STU00827,English,British Literature,Fall 2024,Waitlisted,Male,Senior,23,2.46,3,7791.98,2695.12,2024-08-24
STU00828,Mathematics,Discrete Math,Spring 2023,Waitlisted,Male,Sophomore,18,3.23,3,10515.15,1288.61,2023-01-15
STU00829,Computer Science,Web Dev,Spring 2025,Waitlisted,Male,Graduate,26,3.2,3,15631.44,306.3,2025-01-10
STU00830,Mathematics,Differential Equations,Fall 2023,Enrolled,Male,Graduate,31,3.32,4,13154.96,1272.5,2023-09-01
STU00831,English,Linguistics,Spring 2024,Enrolled,Female,Sophomore,19,3.37,4,21897.25,2942.76,2024-01-19
STU00832,Physics,Electromagnetism,Fall 2024,Dropped,Male,Senior,24,2.99,2,15246.01,7076.33,2024-08-26
STU00833,Chemistry,Organic Chemistry,Spring 2023,Enrolled,Male,Senior,29,3.62,4,9629.6,3936.69,2023-01-25
STU00834,Physics,Mechanics,Spring 2023,Dropped,Female,Graduate,33,3.77,4,21293.42,7816.78,2023-01-26
STU00835,Business Administration,Finance,Spring 2024,Completed,Female,Senior,24,2.87,3,12097.95,2999.12,2024-01-21
STU00836,Biology,Genetics,Spring 2024,Enrolled,Female,Sophomore,22,2.96,3,6402.16,1518.31,2024-01-11
STU00837,History,Modern History,Fall 2024,Enrolled,Male,Senior,25,3.26,3,5838.3,1468.39,2024-08-24
STU00838,Mathematics,Discrete Math,Spring 2024,Completed,Male,Graduate,23,2.93,3,16140.81,2240.8,2024-01-22
STU00839,Economics,Game Theory,Spring 2023,Waitlisted,Male,Senior,28,2.66,1,21729.97,654.69,2023-01-21
STU00840,Psychology,Developmental Psychology,Fall 2023,Enrolled,Male,Freshman,20,2.54,4,12592.34,2391.94,2023-08-30
STU00841,Economics,Game Theory,Spring 2025,Completed,Male,Junior,20,2.96,3,5861.05,2746.36,2025-01-12
STU00842,Chemistry,Organic Chemistry,Spring 2023,Waitlisted,Female,Graduate,33,2.8,3,13878.08,7440.83,2023-01-14
STU00843,Computer Science,Networks,Fall 2024,Completed,Female,Junior,23,3.23,1,15009.55,3906.42,2024-08-26
STU00844,Chemistry,Analytical Chemistry,Spring 2023,Completed,Female,Junior,25,2.91,3,15949.43,2625.77,2023-01-19
STU00845,Physics,Optics,Fall 2023,Waitlisted,Male,Freshman,21,3.27,2,16188.11,8046.99,2023-08-25
STU00846,Business Administration,Business Ethics,Fall 2023,Completed,Female,Junior,18,2.97,2,18933.9,3684.68,2023-08-31
STU00847,Economics,Macroeconomics,Spring 2025,Waitlisted,Male,Freshman,26,3.33,2,21408.54,5659.22,2025-01-06
STU00848,Business Administration,Finance,Spring 2025,Dropped,Male,Senior,21,2.92,2,12645.05,4698.98,2025-01-18
STU00849,Economics,Macroeconomics,Fall 2023,Completed,Male,Junior,28,3.01,1,13619.68,2488.25,2023-08-23
STU00850,Computer Science,Algorithms,Spring 2024,Completed,Male,Graduate,28,2.42,2,6313.84,3360.68,2024-01-12
STU00851,History,Ancient Civilizations,Spring 2024,Enrolled,Female,Freshman,21,1.98,3,8204.51,841.47,2024-01-23
STU00852,Economics,International Economics,Fall 2024,Waitlisted,Female,Freshman,26,3.73,1,20944.22,9101.09,2024-08-25
STU00853,Psychology,Social Psychology,Spring 2025,Completed,Female,Junior,27,3.64,3,6047.83,579.23,2025-01-21
STU00854,Chemistry,Biochemistry,Spring 2025,Enrolled,Female,Senior,19,2.82,2,6536.15,921.57,2025-01-26
STU00855,Business Administration,Finance,Spring 2024,Completed,Non-binary,Junior,22,3.04,1,10290.32,1728.11,2024-01-09
STU00856,Computer Science,Data Structures,Spring 2023,Enrolled,Male,Senior,29,3.24,3,5718.6,3180.4,2023-01-20
STU00857,Biology,Evolution,Fall 2023,Enrolled,Male,Freshman,18,2.75,1,9957.47,4168.49,2023-08-27
STU00858,Business Administration,Business Ethics,Spring 2025,Enrolled,Female,Freshman,21,3.62,1,24476.01,7991.89,2025-01-20
STU00859,Mathematics,Differential Equations,Fall 2024,Enrolled,Female,Graduate,29,2.98,2,15997.37,485.42,2024-08-23
STU00860,Mathematics,Probability,Fall 2023,Enrolled,Female,Freshman,28,3.49,4,21112.98,2841.62,2023-08-18
STU00861,Chemistry,Analytical Chemistry,Fall 2024,Completed,Female,Junior,22,2.38,2,10594.92,2110.5,2024-08-18
STU00862,Mathematics,Linear Algebra,Spring 2025,Enrolled,Male,Freshman,21,3.53,3,14850.71,3939.36,2025-01-08
STU00863,Chemistry,Organic Chemistry,Spring 2024,Completed,Female,Graduate,25,3.35,4,9325.01,1167.05,2024-01-12
STU00864,Physics,Relativity,Spring 2024,Enrolled,Female,Sophomore,28,4.0,1,23216.05,7625.29,2024-01-13
STU00865,Economics,Econometrics,Spring 2023,Enrolled,Female,Junior,21,2.61,4,8425.9,4182.73,2023-01-22
STU00866,Computer Science,Networks,Spring 2023,Completed,Female,Senior,20,2.98,3,18943.27,2198.58,2023-01-13
STU00867,Physics,Relativity,Fall 2023,Enrolled,Male,Senior,23,2.47,4,7442.23,496.26,2023-08-20
STU00868,History,Ancient Civilizations,Spring 2025,Dropped,Female,Graduate,27,2.55,2,22502.36,10673.15,2025-01-25
STU00869,Computer Science,Operating Systems,Spring 2025,Dropped,Female,Graduate,30,2.62,3,5905.89,2325.93,2025-01-16
STU00870,English,Linguistics,Fall 2023,Enrolled,Non-binary,Freshman,22,3.16,3,6640.47,139.21,2023-08-26
STU00871,Psychology,Social Psychology,Spring 2023,Completed,Female,Sophomore,19,3.07,2,15092.38,1062.02,2023-01-19
STU00872,Psychology,Intro to Psychology,Spring 2025,Completed,Male,Senior,20,2.87,1,16556.14,8603.58,2025-01-24
STU00873,English,Composition,Spring 2023,Completed,Female,Sophomore,22,2.92,1,13928.84,5171.27,2023-01-26
STU00874,Biology,Cell Biology,Fall 2024,Completed,Female,Freshman,24,3.85,3,23688.66,9794.14,2024-08-12
STU00875,Economics,Game Theory,Spring 2025,Dropped,Non-binary,Freshman,28,3.83,1,5324.01,2614.24,2025-01-22
STU00876,English,Creative Writing,Spring 2024,Completed,Male,Sophomore,18,3.25,4,14844.65,1736.9,2024-01-22
STU00877,Psychology,Cognitive Psychology,Fall 2024,Enrolled,Male,Sophomore,29,3.43,4,17049.4,5233.88,2024-08-30
STU00878,Computer Science,Networks,Spring 2025,Completed,Male,Sophomore,27,3.42,1,10756.63,601.97,2025-01-16
STU00879,Physics,Relativity,Spring 2023,Enrolled,Female,Senior,20,3.69,2,16884.84,6110.46,2023-01-25
STU00880,Business Administration,Marketing,Spring 2025,Enrolled,Female,Graduate,23,2.51,2,16507.18,4249.57,2025-01-11
STU00881,Mathematics,Differential Equations,Fall 2023,Enrolled,Female,Senior,29,2.73,3,18847.09,2638.59,2023-08-27
STU00882,Mathematics,Probability,Fall 2024,Enrolled,Female,Sophomore,25,3.46,1,19941.57,2616.9,2024-08-16
STU00883,Business Administration,Finance,Spring 2024,Enrolled,Male,Senior,23,3.24,2,21988.93,593.66,2024-01-16
STU00884,English,Poetry,Fall 2023,Enrolled,Female,Sophomore,19,2.61,1,8669.05,3090.39,2023-08-26
STU00885,Business Administration,Management,Spring 2025,Enrolled,Female,Freshman,25,3.7,1,21840.31,6325.57,2025-01-07
STU00886,Physics,Mechanics,Fall 2024,Completed,Male,Senior,18,3.34,2,18456.94,8020.51,2024-09-02
STU00887,Biology,Genetics,Fall 2024,Completed,Male,Sophomore,28,3.68,1,12957.68,6266.17,2024-08-16
STU00888,Business Administration,Finance,Fall 2024,Completed,Male,Junior,29,3.35,3,8318.02,123.19,2024-09-01
STU00889,History,World History,Fall 2024,Enrolled,Non-binary,Freshman,27,3.71,3,7549.71,3624.8,2024-08-23
STU00890,Psychology,Developmental Psychology,Fall 2023,Dropped,Female,Junior,23,3.18,1,7865.63,3373.03,2023-08-18
STU00891,Biology,Cell Biology,Spring 2025,Completed,Non-binary,Senior,23,4.0,4,23005.28,10934.75,2025-01-06
STU00892,Physics,Electromagnetism,Fall 2024,Enrolled,Female,Junior,21,3.22,2,17289.72,6029.22,2024-08-24
STU00893,History,European History,Spring 2024,Dropped,Female,Freshman,28,2.7,1,13847.33,352.86,2024-01-19
STU00894,Computer Science,Algorithms,Fall 2023,Enrolled,Female,Freshman,18,2.91,2,18301.12,6111.61,2023-08-21
STU00895,Economics,Game Theory,Fall 2024,Completed,Female,Junior,29,3.06,2,14979.42,2860.43,2024-08-31
STU00896,Mathematics,Linear Algebra,Fall 2023,Enrolled,Male,Sophomore,24,3.5,4,19578.78,9160.76,2023-08-29
STU00897,Biology,Cell Biology,Spring 2024,Completed,Female,Sophomore,28,2.45,2,5257.95,1704.52,2024-01-15
STU00898,Business Administration,Management,Fall 2023,Enrolled,Male,Sophomore,28,2.72,3,21472.13,11579.33,2023-08-20
STU00899,Chemistry,Organic Chemistry,Spring 2024,Enrolled,Female,Junior,26,3.88,2,24776.71,3355.67,2024-01-15
STU00900,Mathematics,Differential Equations,Spring 2024,Completed,Female,Sophomore,24,2.56,3,14600.95,1209.09,2024-01-18
STU00901,Business Administration,Finance,Spring 2025,Completed,Female,Sophomore,24,3.08,2,15637.44,8196.69,2025-01-08
STU00902,Mathematics,Statistics,Spring 2025,Completed,Non-binary,Graduate,25,3.24,4,16654.29,8118.7,2025-01-26
STU00903,Economics,Econometrics,Spring 2023,Completed,Female,Sophomore,18,3.94,3,18643.83,3526.36,2023-01-28
STU00904,History,Modern History,Fall 2023,Waitlisted,Female,Graduate,22,2.63,1,17647.93,1358.81,2023-08-26
STU00905,History,World History,Spring 2023,Completed,Female,Freshman,29,2.31,4,21081.91,5387.75,2023-01-28
STU00906,Psychology,Abnormal Psychology,Spring 2024,Dropped,Female,Senior,23,3.34,4,6850.01,3207.23,2024-01-20
STU00907,Biology,Cell Biology,Fall 2024,Enrolled,Female,Sophomore,29,2.72,2,14841.09,7092.63,2024-08-22
STU00908,English,British Literature,Fall 2023,Waitlisted,Male,Junior,20,3.62,2,9520.66,3147.82,2023-08-30
STU00909,Economics,Game Theory,Fall 2024,Enrolled,Male,Sophomore,20,4.0,4,15827.49,817.0,2024-08-30
STU00910,Physics,Thermodynamics,Fall 2024,Completed,Male,Freshman,24,2.78,4,24509.46,6972.91,2024-08-25
STU00911,English,Poetry,Spring 2023,Completed,Male,Graduate,32,3.65,2,5831.58,1742.93,2023-01-15
STU00912,Mathematics,Discrete Math,Spring 2025,Completed,Male,Junior,21,3.34,1,11155.42,4107.23,2025-01-06
STU00913,Mathematics,Statistics,Spring 2024,Completed,Male,Sophomore,20,3.27,1,19604.43,4291.28,2024-01-18
STU00914,Psychology,Cognitive Psychology,Spring 2023,Enrolled,Female,Senior,24,3.74,2,14323.63,1632.34,2023-01-15
STU00915,Biology,Ecology,Spring 2024,Enrolled,Female,Junior,29,3.45,1,5418.68,1026.64,2024-01-20
STU00916,Mathematics,Linear Algebra,Spring 2024,Completed,Female,Freshman,26,2.98,4,21664.09,3938.76,2024-01-27
STU00917,Psychology,Developmental Psychology,Spring 2025,Completed,Male,Freshman,23,3.41,2,18522.1,3414.43,2025-01-14
STU00918,Economics,Microeconomics,Spring 2023,Waitlisted,Male,Freshman,24,3.19,1,20800.3,3968.48,2023-01-20
STU00919,Physics,Thermodynamics,Spring 2023,Enrolled,Male,Sophomore,26,2.8,1,11786.11,3577.78,2023-01-23
STU00920,Chemistry,Analytical Chemistry,Spring 2025,Completed,Male,Junior,20,3.02,4,18162.04,10872.7,2025-01-21
STU00921,Economics,Microeconomics,Fall 2023,Enrolled,Female,Sophomore,21,2.64,3,22665.47,5641.33,2023-08-24
STU00922,History,Modern History,Spring 2024,Completed,Male,Graduate,32,2.98,4,18193.81,4825.36,2024-01-27
STU00923,Economics,Econometrics,Fall 2024,Waitlisted,Male,Junior,27,3.19,2,24091.32,2188.92,2024-08-21
STU00924,Economics,Econometrics,Spring 2025,Dropped,Male,Junior,26,3.36,3,17036.13,5946.32,2025-01-11
STU00925,Economics,Macroeconomics,Fall 2024,Enrolled,Female,Sophomore,28,2.68,2,12834.85,1252.64,2024-08-28
STU00926,Physics,Electromagnetism,Fall 2023,Enrolled,Male,Sophomore,21,2.92,4,9176.62,322.46,2023-08-15
STU00927,Chemistry,Biochemistry,Fall 2023,Completed,Male,Junior,24,3.6,3,16539.63,3428.48,2023-09-02
STU00928,Physics,Thermodynamics,Spring 2024,Waitlisted,Female,Freshman,21,3.23,1,15805.58,751.84,2024-01-21
STU00929,History,Ancient Civilizations,Spring 2025,Waitlisted,Female,Sophomore,26,2.31,1,7869.39,715.07,2025-01-09
STU00930,Psychology,Developmental Psychology,Spring 2024,Completed,Male,Junior,22,2.7,2,6612.31,3727.63,2024-01-23
STU00931,Business Administration,Business Ethics,Spring 2025,Completed,Female,Senior,24,2.38,1,11300.21,5365.86,2025-01-17
STU00932,Physics,Relativity,Fall 2024,Enrolled,Male,Sophomore,21,3.11,4,20669.39,3436.11,2024-08-18
STU00933,English,Creative Writing,Fall 2023,Completed,Male,Graduate,34,3.32,2,16612.9,9329.18,2023-08-24
STU00934,Chemistry,Organic Chemistry,Spring 2023,Completed,Male,Freshman,18,1.83,4,7982.82,3764.34,2023-01-16
STU00935,Biology,Microbiology,Fall 2023,Completed,Female,Junior,26,3.28,4,12030.85,4406.02,2023-08-21
STU00936,Physics,Relativity,Spring 2025,Enrolled,Male,Junior,22,2.36,3,7329.18,558.91,2025-01-12
STU00937,English,British Literature,Spring 2025,Waitlisted,Male,Senior,28,3.91,4,23110.78,11583.67,2025-01-16
STU00938,Economics,Econometrics,Fall 2023,Completed,Female,Senior,21,2.97,2,8988.23,1426.28,2023-08-16
STU00939,Business Administration,Entrepreneurship,Spring 2023,Enrolled,Male,Graduate,34,3.07,3,13907.73,121.56,2023-01-25
STU00940,Mathematics,Discrete Math,Spring 2025,Enrolled,Male,Junior,24,3.47,4,17101.79,2262.44,2025-01-22
STU00941,Physics,Optics,Spring 2024,Completed,Female,Sophomore,26,3.35,2,10667.28,5358.63,2024-01-14
STU00942,History,European History,Fall 2024,Enrolled,Female,Graduate,31,3.38,3,6602.11,1750.22,2024-08-26
STU00943,Economics,Game Theory,Fall 2024,Enrolled,Female,Sophomore,20,2.84,3,12734.14,390.81,2024-08-26
STU00944,Chemistry,Analytical Chemistry,Spring 2023,Completed,Male,Sophomore,23,2.83,4,15234.15,4417.55,2023-01-17
STU00945,Biology,Cell Biology,Spring 2023,Enrolled,Non-binary,Freshman,25,3.0,3,15113.93,562.61,2023-01-22
STU00946,Business Administration,Management,Fall 2024,Waitlisted,Female,Senior,25,3.19,1,16477.32,5595.88,2024-08-27
STU00947,English,Poetry,Fall 2024,Enrolled,Male,Graduate,30,3.37,1,5973.9,351.29,2024-08-17
STU00948,Physics,Thermodynamics,Spring 2024,Completed,Male,Freshman,19,3.13,3,8705.54,2827.23,2024-01-12
STU00949,English,Composition,Fall 2024,Waitlisted,Male,Junior,29,2.86,1,6543.75,667.02,2024-08-28
STU00950,Psychology,Cognitive Psychology,Spring 2025,Enrolled,Male,Sophomore,29,3.51,3,7465.68,2322.85,2025-01-14
STU00951,English,Linguistics,Spring 2025,Enrolled,Female,Junior,21,3.26,1,7851.13,1800.14,2025-01-19
STU00952,Psychology,Developmental Psychology,Spring 2024,Enrolled,Male,Junior,29,3.17,3,6535.16,16.42,2024-01-26
STU00953,Economics,International Economics,Spring 2024,Waitlisted,Male,Sophomore,25,2.95,2,13308.86,191.69,2024-01-08
STU00954,Biology,Anatomy,Fall 2024,Dropped,Female,Graduate,25,1.8,1,8541.65,504.42,2024-08-14
STU00955,History,Ancient Civilizations,Spring 2025,Enrolled,Male,Freshman,27,3.87,4,11307.27,2667.25,2025-01-18
STU00956,English,British Literature,Fall 2024,Enrolled,Male,Graduate,26,3.43,3,6939.31,745.41,2024-08-26
STU00957,Physics,Relativity,Fall 2023,Completed,Male,Sophomore,19,3.36,2,14501.8,8026.17,2023-08-29
STU00958,Biology,Ecology,Spring 2023,Enrolled,Male,Freshman,19,4.0,1,17554.91,6819.64,2023-01-28
STU00959,Computer Science,Networks,Spring 2025,Enrolled,Male,Graduate,24,3.7,1,24232.32,10617.29,2025-01-14
STU00960,Economics,Microeconomics,Spring 2025,Enrolled,Male,Freshman,18,2.54,1,13193.46,7743.67,2025-01-24
STU00961,Mathematics,Discrete Math,Fall 2023,Waitlisted,Male,Junior,19,2.8,1,19631.24,4383.11,2023-09-03
STU00962,Mathematics,Calculus II,Spring 2025,Waitlisted,Female,Junior,18,3.51,3,24143.94,12894.86,2025-01-08
STU00963,Physics,Optics,Spring 2025,Completed,Female,Freshman,25,1.99,1,15392.23,9203.26,2025-01-21
STU00964,Business Administration,Marketing,Spring 2024,Completed,Non-binary,Sophomore,29,3.65,1,18509.12,4397.78,2024-01-21
STU00965,Mathematics,Calculus II,Spring 2025,Waitlisted,Male,Graduate,29,3.78,2,14676.05,3684.18,2025-01-18
STU00966,Economics,Microeconomics,Fall 2023,Enrolled,Male,Sophomore,28,2.52,2,11997.09,1754.95,2023-09-04
STU00967,History,World History,Spring 2025,Enrolled,Male,Graduate,30,2.79,2,9492.05,393.85,2025-01-20
STU00968,Economics,Econometrics,Fall 2024,Completed,Male,Junior,25,2.6,4,10090.81,2863.94,2024-08-27
STU00969,Mathematics,Statistics,Fall 2023,Completed,Male,Senior,21,2.58,2,19894.73,4922.79,2023-09-04
STU00970,Psychology,Abnormal Psychology,Fall 2023,Waitlisted,Male,Freshman,27,3.71,4,15263.5,1195.17,2023-08-31
STU00971,English,American Literature,Spring 2023,Completed,Female,Senior,24,3.39,4,6218.57,2589.48,2023-01-11
STU00972,Psychology,Intro to Psychology,Spring 2023,Enrolled,Female,Freshman,26,2.97,2,11380.9,2837.35,2023-01-20
STU00973,Mathematics,Linear Algebra,Spring 2025,Enrolled,Female,Senior,26,2.94,1,11373.79,714.34,2025-01-08
STU00974,Biology,Microbiology,Fall 2024,Enrolled,Female,Graduate,28,3.0,3,16477.01,602.09,2024-08-30
STU00975,History,European History,Spring 2024,Completed,Male,Senior,19,2.66,3,7507.51,1142.4,2024-01-08
STU00976,Physics,Quantum Physics,Spring 2023,Enrolled,Female,Sophomore,21,3.79,1,10510.73,3118.67,2023-01-20
STU00977,Mathematics,Probability,Spring 2023,Enrolled,Female,Sophomore,19,3.21,4,21203.22,5466.28,2023-01-25
STU00978,Business Administration,Business Ethics,Fall 2023,Enrolled,Female,Freshman,23,3.55,4,23260.83,7984.83,2023-09-02
STU00979,Economics,Macroeconomics,Fall 2023,Completed,Female,Graduate,22,2.68,3,9937.14,1826.94,2023-08-27
STU00980,Psychology,Developmental Psychology,Spring 2023,Dropped,Non-binary,Freshman,23,2.78,4,16793.07,678.88,2023-01-18
STU00981,Economics,Econometrics,Spring 2025,Completed,Male,Sophomore,28,2.36,3,10665.69,2561.77,2025-01-14
STU00982,Physics,Quantum Physics,Spring 2024,Enrolled,Male,Freshman,21,3.15,4,17987.58,7218.88,2024-01-16
STU00983,Psychology,Developmental Psychology,Fall 2024,Completed,Female,Graduate,31,4.0,1,18260.54,7440.07,2024-08-24
STU00984,History,European History,Spring 2024,Waitlisted,Female,Junior,21,2.36,3,24938.99,10776.0,2024-01-16
STU00985,English,Creative Writing,Spring 2023,Enrolled,Female,Junior,25,2.4,1,6142.34,507.22,2023-01-20
STU00986,English,Composition,Spring 2023,Enrolled,Male,Junior,20,3.64,1,23064.47,340.68,2023-01-13
STU00987,Biology,Genetics,Fall 2023,Enrolled,Male,Freshman,25,2.19,3,23234.52,561.66,2023-08-21
STU00988,Mathematics,Linear Algebra,Fall 2023,Completed,Male,Senior,19,2.57,4,18609.59,10403.11,2023-08-21
STU00989,Chemistry,General Chemistry,Fall 2024,Completed,Non-binary,Senior,25,2.33,4,22725.76,2064.01,2024-08-29
STU00990,English,Poetry,Spring 2023,Completed,Female,Sophomore,21,2.4,3,12871.11,1009.49,2023-01-11
STU00991,Economics,Game Theory,Spring 2025,Completed,Male,Junior,26,3.37,3,9136.36,2765.33,2025-01-08
STU00992,History,US History,Spring 2024,Dropped,Female,Graduate,23,3.91,2,9131.62,1716.38,2024-01-12
STU00993,Chemistry,Biochemistry,Spring 2023,Waitlisted,Male,Sophomore,20,3.51,1,21241.55,10517.26,2023-01-24
STU00994,Business Administration,Marketing,Fall 2024,Enrolled,Female,Graduate,30,3.12,4,11474.62,5268.19,2024-08-25
STU00995,History,US History,Spring 2024,Enrolled,Female,Graduate,22,3.72,3,5511.4,2605.69,2024-01-23
STU00996,History,Modern History,Fall 2023,Completed,Male,Graduate,27,3.79,4,7180.27,1070.75,2023-08-30
STU00997,Psychology,Cognitive Psychology,Spring 2025,Completed,Female,Sophomore,21,4.0,4,23524.1,12298.14,2025-01-15
STU00998,Biology,Evolution,Spring 2025,Completed,Male,Graduate,23,2.64,4,10473.97,5730.22,2025-01-23
STU00999,Business Administration,Business Ethics,Fall 2024,Completed,Male,Sophomore,24,2.89,2,6075.45,2439.99,2024-08-22
STU01000,Physics,Relativity,Fall 2024,Enrolled,Male,Junior,27,3.54,1,9871.42,1812.67,2024-08-14
STU01001,Biology,Microbiology,Fall 2023,Enrolled,Male,Graduate,32,3.04,2,18246.27,8230.8,2023-08-22
STU01002,History,US History,Spring 2023,Enrolled,Male,Junior,20,3.27,4,23914.99,4490.08,2023-01-16
STU01003,Economics,Game Theory,Spring 2025,Completed,Female,Sophomore,26,3.12,2,6639.31,2576.73,2025-01-08
STU01004,Chemistry,Organic Chemistry,Spring 2023,Dropped,Male,Graduate,32,3.18,2,17767.01,3274.24,2023-01-16
STU01005,Computer Science,Networks,Spring 2025,Enrolled,Female,Junior,28,3.37,3,17720.95,4272.09,2025-01-10
STU01006,Mathematics,Statistics,Spring 2025,Completed,Female,Senior,26,3.59,2,11157.48,3194.61,2025-01-21
STU01007,Biology,Cell Biology,Fall 2024,Completed,Male,Graduate,26,3.02,3,14375.8,6086.44,2024-08-28
STU01008,Economics,Microeconomics,Fall 2023,Enrolled,Female,Junior,29,3.43,4,19507.43,1317.81,2023-09-01
STU01009,Biology,Microbiology,Fall 2023,Enrolled,Male,Junior,23,3.14,4,17627.52,2861.57,2023-08-17
STU01010,History,European History,Spring 2025,Enrolled,Female,Freshman,26,3.19,3,7645.76,4484.65,2025-01-25
STU01011,Psychology,Abnormal Psychology,Spring 2024,Enrolled,Male,Sophomore,18,3.19,3,8431.93,847.21,2024-01-14
STU01012,Economics,Econometrics,Spring 2025,Enrolled,Non-binary,Graduate,34,2.26,1,5665.36,414.32,2025-01-11
STU01013,Computer Science,Machine Learning,Fall 2023,Enrolled,Female,Junior,25,2.8,1,14025.33,7314.28,2023-09-03
STU01014,Psychology,Cognitive Psychology,Spring 2025,Enrolled,Female,Senior,22,1.89,3,13214.18,6482.53,2025-01-10
STU01015,Chemistry,General Chemistry,Spring 2025,Dropped,Male,Sophomore,19,2.6,4,14160.57,2180.56,2025-01-07
STU01016,English,Linguistics,Spring 2024,Enrolled,Female,Senior,21,4.0,4,15257.49,2937.26,2024-01-13
STU01017,History,European History,Fall 2024,Waitlisted,Female,Sophomore,18,3.1,3,23413.83,4846.9,2024-08-20
STU01018,Psychology,Intro to Psychology,Spring 2024,Completed,Female,Junior,22,3.11,4,9084.84,2282.27,2024-01-09
STU01019,Computer Science,Intro to CS,Fall 2024,Enrolled,Male,Sophomore,26,3.45,1,10627.86,5243.12,2024-08-17
STU01020,History,US History,Fall 2024,Enrolled,Male,Sophomore,28,4.0,2,6352.09,2759.46,2024-08-12
STU01021,Psychology,Cognitive Psychology,Spring 2025,Completed,Female,Junior,18,2.58,4,9843.49,431.17,2025-01-06
STU01022,Economics,Macroeconomics,Fall 2023,Completed,Female,Junior,29,3.65,2,9689.99,4356.89,2023-08-20
STU01023,Mathematics,Statistics,Spring 2024,Enrolled,Male,Graduate,23,3.05,2,21048.04,4309.52,2024-01-12
STU01024,Computer Science,Intro to CS,Spring 2025,Completed,Female,Freshman,28,2.87,4,18511.74,5652.31,2025-01-20
STU01025,Biology,Ecology,Fall 2024,Enrolled,Male,Senior,19,2.99,3,24776.81,7183.77,2024-08-21
STU01026,Physics,Mechanics,Spring 2025,Enrolled,Female,Freshman,24,3.85,4,20091.39,2996.89,2025-01-06
STU01027,Economics,International Economics,Spring 2023,Completed,Male,Junior,21,3.24,3,11911.59,49.9,2023-01-21
STU01028,Economics,International Economics,Spring 2023,Waitlisted,Female,Junior,27,2.82,2,9695.09,4763.41,2023-01-29
STU01029,History,US History,Spring 2024,Enrolled,Male,Junior,25,2.43,2,13563.1,499.87,2024-01-10
STU01030,Business Administration,Management,Spring 2025,Enrolled,Female,Senior,23,3.18,1,24549.93,11899.83,2025-01-24
STU01031,Computer Science,Networks,Spring 2023,Enrolled,Female,Sophomore,26,3.71,4,11786.46,5013.25,2023-01-26
STU01032,History,Modern History,Fall 2023,Enrolled,Male,Junior,23,3.17,2,11408.03,1124.51,2023-08-28
STU01033,Economics,Econometrics,Spring 2025,Waitlisted,Non-binary,Graduate,29,3.26,1,7476.92,316.43,2025-01-08
STU01034,Computer Science,Databases,Spring 2024,Enrolled,Non-binary,Junior,19,2.66,2,8802.58,4337.47,2024-01-13
STU01035,Psychology,Intro to Psychology,Fall 2024,Enrolled,Female,Junior,22,3.05,4,19757.61,1647.81,2024-09-02
STU01036,Physics,Mechanics,Fall 2023,Completed,Male,Freshman,25,2.45,3,9245.71,641.05,2023-08-18
STU01037,Computer Science,Algorithms,Spring 2024,Waitlisted,Male,Junior,27,2.93,4,21059.63,12393.09,2024-01-28
STU01038,Chemistry,Biochemistry,Fall 2024,Dropped,Male,Junior,24,3.1,4,15074.17,7944.83,2024-08-24
STU01039,Physics,Thermodynamics,Fall 2024,Completed,Female,Graduate,25,2.93,4,16844.43,7084.11,2024-08-29
STU01040,Computer Science,Machine Learning,Spring 2023,Enrolled,Male,Junior,18,3.89,2,15066.9,7199.93,2023-01-18
STU01041,Economics,International Economics,Spring 2023,Waitlisted,Female,Senior,21,2.7,3,13029.95,6200.66,2023-01-15
STU01042,Psychology,Abnormal Psychology,Spring 2024,Enrolled,Female,Sophomore,18,3.27,1,5796.23,952.86,2024-01-14
STU01043,English,Creative Writing,Fall 2023,Enrolled,Female,Graduate,33,3.5,3,7316.46,3099.06,2023-08-16
STU01044,Business Administration,Business Ethics,Fall 2024,Completed,Non-binary,Graduate,28,3.33,2,21583.01,6580.34,2024-08-17
STU01045,History,World History,Fall 2023,Completed,Male,Junior,24,1.93,1,20359.4,7678.34,2023-08-16
STU01046,Chemistry,General Chemistry,Spring 2024,Completed,Female,Junior,18,1.91,2,23761.28,13082.68,2024-01-10
STU01047,Computer Science,Data Structures,Spring 2024,Completed,Male,Junior,27,3.69,1,6380.74,1281.72,2024-01-21
STU01048,English,Creative Writing,Fall 2024,Waitlisted,Male,Graduate,25,3.34,2,17712.91,3783.03,2024-08-18
STU01049,Biology,Cell Biology,Spring 2025,Enrolled,Female,Freshman,27,3.72,4,12642.47,1003.32,2025-01-15
STU01050,Mathematics,Statistics,Fall 2023,Enrolled,Female,Senior,20,3.29,1,9749.67,1754.34,2023-08-26
STU01051,Computer Science,Machine Learning,Fall 2023,Dropped,Male,Sophomore,25,3.48,1,20186.22,8631.61,2023-08-28
STU01052,Chemistry,Analytical Chemistry,Spring 2025,Completed,Female,Graduate,32,4.0,2,21018.77,2272.03,2025-01-09
STU01053,English,Linguistics,Spring 2023,Enrolled,Male,Senior,19,2.94,4,18677.4,284.07,2023-01-10
STU01054,Economics,Econometrics,Fall 2024,Completed,Female,Junior,28,3.5,2,6114.82,2237.34,2024-08-22
STU01055,History,Ancient Civilizations,Spring 2023,Completed,Non-binary,Sophomore,22,2.74,2,7943.27,1420.15,2023-01-26
STU01056,Economics,Game Theory,Fall 2024,Completed,Male,Senior,25,3.0,1,23216.53,84.23,2024-08-20
STU01057,Economics,Econometrics,Spring 2023,Enrolled,Female,Sophomore,21,3.26,4,22689.57,7541.92,2023-01-22
STU01058,Chemistry,Physical Chemistry,Spring 2023,Enrolled,Male,Freshman,18,3.93,4,8909.16,888.58,2023-01-14
STU01059,History,World History,Spring 2024,Completed,Female,Junior,19,3.2,3,7298.13,16.8,2024-01-27
STU01060,Business Administration,Marketing,Spring 2025,Enrolled,Female,Senior,25,3.02,2,16948.58,8957.95,2025-01-14
STU01061,Physics,Quantum Physics,Spring 2023,Completed,Female,Junior,28,2.33,4,19878.1,10963.27,2023-01-23
STU01062,Economics,Game Theory,Spring 2025,Enrolled,Female,Sophomore,29,3.0,2,17484.81,8700.99,2025-01-08
STU01063,Physics,Mechanics,Fall 2024,Completed,Female,Freshman,19,3.15,4,10984.64,2839.69,2024-08-14
STU01064,Psychology,Intro to Psychology,Spring 2023,Enrolled,Male,Senior,28,3.51,4,20926.01,10458.03,2023-01-17
STU01065,History,Modern History,Fall 2024,Enrolled,Female,Graduate,25,3.33,3,11784.41,3850.64,2024-09-02
STU01066,History,European History,Spring 2023,Enrolled,Male,Freshman,18,3.76,2,6025.27,1452.85,2023-01-25
STU01067,Computer Science,Machine Learning,Spring 2024,Enrolled,Male,Graduate,31,2.58,2,17384.09,5009.69,2024-01-14
STU01068,Mathematics,Linear Algebra,Spring 2025,Enrolled,Male,Freshman,26,4.0,2,9382.52,635.25,2025-01-19
STU01069,Physics,Relativity,Fall 2024,Waitlisted,Male,Senior,24,2.87,2,12609.64,802.92,2024-08-15
STU01070,Biology,Ecology,Fall 2024,Dropped,Male,Freshman,27,3.09,1,24142.7,6186.88,2024-08-28
STU01071,History,Ancient Civilizations,Spring 2025,Completed,Female,Graduate,33,3.12,3,17365.82,7092.26,2025-01-17
STU01072,Computer Science,Networks,Spring 2024,Completed,Female,Senior,27,3.37,2,15219.41,3915.32,2024-01-15
STU01073,Computer Science,Intro to CS,Spring 2024,Enrolled,Male,Senior,19,3.08,4,11673.22,2715.39,2024-01-23
STU01074,Mathematics,Statistics,Fall 2024,Completed,Male,Senior,29,3.05,1,19763.37,10161.9,2024-08-25
STU01075,Physics,Thermodynamics,Fall 2024,Completed,Male,Graduate,24,4.0,2,22111.02,5549.31,2024-08-30
STU01076,Business Administration,Business Ethics,Spring 2024,Completed,Female,Senior,19,3.06,2,23734.49,7343.59,2024-01-20
STU01077,Chemistry,Analytical Chemistry,Spring 2025,Dropped,Female,Junior,21,2.93,4,21314.91,7639.0,2025-01-24
STU01078,Physics,Optics,Fall 2023,Completed,Male,Senior,25,2.71,2,14468.71,7418.52,2023-08-20
STU01079,Physics,Electromagnetism,Fall 2023,Completed,Female,Senior,21,3.37,3,8636.35,2229.97,2023-08-19
STU01080,Biology,Genetics,Fall 2024,Waitlisted,Male,Junior,24,3.31,3,20780.46,1485.05,2024-08-14
STU01081,Physics,Electromagnetism,Spring 2025,Waitlisted,Male,Freshman,23,3.42,3,22158.7,8866.95,2025-01-08
STU01082,History,World History,Fall 2024,Enrolled,Male,Junior,24,2.16,3,24062.4,10384.06,2024-08-23
STU01083,English,Creative Writing,Spring 2025,Completed,Female,Graduate,27,2.26,1,6056.53,2638.53,2025-01-22
STU01084,Computer Science,Networks,Spring 2025,Waitlisted,Female,Freshman,20,3.2,1,11055.5,3532.04,2025-01-17
STU01085,Psychology,Intro to Psychology,Spring 2024,Enrolled,Male,Sophomore,24,2.52,3,12594.75,4664.04,2024-01-11
STU01086,Physics,Relativity,Fall 2023,Completed,Female,Freshman,19,3.27,2,19552.62,10823.59,2023-08-31
STU01087,English,British Literature,Spring 2025,Enrolled,Male,Senior,27,2.46,1,18333.71,6857.32,2025-01-17
STU01088,Biology,Microbiology,Spring 2024,Completed,Male,Junior,26,3.29,4,13157.79,2207.64,2024-01-28
STU01089,English,Linguistics,Fall 2024,Enrolled,Female,Senior,21,3.38,2,8715.54,444.32,2024-08-23
STU01090,Physics,Quantum Physics,Spring 2024,Completed,Male,Graduate,34,2.83,3,18166.15,4770.98,2024-01-28
STU01091,Computer Science,Networks,Spring 2023,Enrolled,Female,Freshman,23,2.11,1,23657.35,13096.4,2023-01-16
STU01092,English,British Literature,Spring 2024,Dropped,Male,Senior,26,3.48,1,11557.68,5111.72,2024-01-19
STU01093,Physics,Optics,Spring 2023,Completed,Female,Graduate,27,3.4,3,5240.06,1738.07,2023-01-27
STU01094,History,Ancient Civilizations,Spring 2025,Completed,Female,Junior,23,2.98,3,14700.36,753.27,2025-01-13
STU01095,Computer Science,Databases,Spring 2025,Completed,Male,Senior,22,4.0,4,9732.2,2823.3,2025-01-23
STU01096,Biology,Anatomy,Fall 2024,Completed,Male,Junior,25,3.29,4,20003.06,5482.65,2024-08-23
STU01097,Biology,Ecology,Spring 2023,Completed,Male,Sophomore,27,3.11,3,20374.94,757.29,2023-01-20
STU01098,Biology,Cell Biology,Spring 2024,Enrolled,Male,Sophomore,24,2.4,1,5729.22,181.31,2024-01-14
STU01099,Computer Science,Databases,Fall 2023,Dropped,Female,Graduate,29,2.99,1,17334.25,8952.78,2023-09-05
STU01100,Computer Science,Web Dev,Fall 2023,Completed,Male,Freshman,19,2.68,4,11648.53,2205.3,2023-08-26
STU01101,Chemistry,Physical Chemistry,Fall 2024,Completed,Non-binary,Graduate,26,3.21,2,24325.49,14158.52,2024-08-15
STU01102,English,British Literature,Fall 2023,Dropped,Female,Sophomore,18,2.94,4,17015.84,7155.49,2023-08-18
STU01103,Psychology,Cognitive Psychology,Spring 2023,Completed,Male,Junior,27,2.74,4,14640.35,6656.47,2023-01-25
STU01104,Mathematics,Calculus II,Fall 2024,Dropped,Male,Freshman,18,4.0,4,6912.81,1738.45,2024-08-19
STU01105,Physics,Quantum Physics,Fall 2023,Enrolled,Female,Senior,19,3.2,4,15928.14,2386.78,2023-08-17
STU01106,Chemistry,Physical Chemistry,Spring 2024,Completed,Male,Senior,27,3.48,4,15306.1,940.1,2024-01-19
STU01107,Physics,Electromagnetism,Spring 2024,Completed,Male,Graduate,23,3.79,1,6594.3,2702.8,2024-01-19
STU01108,Biology,Microbiology,Spring 2024,Completed,Female,Junior,24,2.28,1,16634.43,7648.65,2024-01-22
STU01109,Business Administration,Management,Spring 2023,Enrolled,Male,Graduate,26,2.41,2,19384.69,3158.35,2023-01-23
STU01110,Mathematics,Linear Algebra,Fall 2023,Enrolled,Male,Freshman,19,3.18,2,21899.42,6258.71,2023-08-21
STU01111,Physics,Optics,Spring 2024,Waitlisted,Male,Junior,25,2.29,2,17509.56,1626.89,2024-01-13
STU01112,Physics,Relativity,Spring 2024,Enrolled,Male,Freshman,18,2.71,4,9180.74,3832.75,2024-01-12
STU01113,Economics,Game Theory,Fall 2023,Completed,Male,Senior,24,2.92,4,7959.17,4702.22,2023-08-22
STU01114,Business Administration,Finance,Spring 2025,Completed,Male,Senior,24,2.1,4,24041.91,4931.46,2025-01-09
STU01115,Physics,Relativity,Fall 2023,Dropped,Female,Senior,25,2.92,4,5688.63,1521.68,2023-08-19
STU01116,Biology,Microbiology,Spring 2024,Enrolled,Female,Senior,18,3.12,3,6734.13,2175.24,2024-01-27
STU01117,Mathematics,Differential Equations,Fall 2023,Enrolled,Female,Junior,23,2.65,1,24539.31,2752.3,2023-08-21
STU01118,Psychology,Intro to Psychology,Fall 2023,Completed,Female,Freshman,27,3.25,2,14762.35,7201.63,2023-08-25
STU01119,Economics,Game Theory,Spring 2025,Enrolled,Female,Sophomore,27,4.0,1,9303.11,3502.44,2025-01-10
STU01120,Chemistry,Organic Chemistry,Fall 2023,Completed,Female,Senior,20,2.56,1,9096.05,4355.18,2023-08-20
STU01121,Psychology,Developmental Psychology,Fall 2023,Completed,Female,Freshman,22,2.38,3,9069.76,5194.54,2023-09-01
STU01122,History,US History,Spring 2024,Waitlisted,Male,Junior,25,2.82,1,11776.26,2862.68,2024-01-09
STU01123,Mathematics,Calculus I,Fall 2024,Enrolled,Male,Freshman,21,3.82,2,22010.08,9783.96,2024-08-13
STU01124,Chemistry,Analytical Chemistry,Fall 2024,Enrolled,Non-binary,Sophomore,26,3.76,1,16861.12,4949.35,2024-08-24
STU01125,Computer Science,Databases,Spring 2024,Enrolled,Male,Junior,19,2.68,3,6169.16,1110.19,2024-01-17
STU01126,History,World History,Spring 2023,Enrolled,Female,Sophomore,18,3.47,4,8360.4,1779.75,2023-01-25
STU01127,Psychology,Developmental Psychology,Spring 2024,Enrolled,Male,Senior,28,3.16,4,22686.87,2065.54,2024-01-24
STU01128,Mathematics,Statistics,Spring 2023,Completed,Female,Freshman,23,2.78,3,20913.2,972.25,2023-01-18
STU01129,Psychology,Developmental Psychology,Fall 2024,Enrolled,Female,Sophomore,21,2.98,3,18834.4,7473.6,2024-08-26
STU01130,Business Administration,Management,Spring 2024,Dropped,Female,Sophomore,25,3.1,3,11214.31,3461.79,2024-01-24
STU01131,Psychology,Cognitive Psychology,Spring 2025,Completed,Male,Graduate,33,3.38,4,19347.26,5149.04,2025-01-21
STU01132,Computer Science,Intro to CS,Spring 2025,Waitlisted,Female,Sophomore,29,2.02,1,14509.27,6589.48,2025-01-22
STU01133,Computer Science,Networks,Fall 2023,Enrolled,Female,Junior,23,2.62,2,5608.32,2445.93,2023-08-26
STU01134,Business Administration,Entrepreneurship,Fall 2023,Enrolled,Female,Freshman,27,3.01,3,21529.29,7203.98,2023-08-29
STU01135,Mathematics,Statistics,Fall 2024,Dropped,Female,Junior,24,3.11,4,10817.54,3046.7,2024-08-24
STU01136,Biology,Anatomy,Spring 2024,Dropped,Female,Junior,20,3.34,3,11098.06,1283.0,2024-01-11
STU01137,Economics,Econometrics,Fall 2023,Waitlisted,Male,Senior,21,3.0,3,21410.89,91.75,2023-08-24
STU01138,Computer Science,Algorithms,Fall 2024,Enrolled,Male,Freshman,26,2.76,2,8583.28,4589.34,2024-08-21
STU01139,History,Modern History,Spring 2025,Completed,Female,Graduate,31,2.61,1,8686.03,205.14,2025-01-14
STU01140,Mathematics,Discrete Math,Spring 2023,Dropped,Female,Freshman,18,3.59,3,20489.71,1652.7,2023-01-29
STU01141,History,Modern History,Spring 2024,Enrolled,Female,Freshman,25,2.89,1,20670.03,130.39,2024-01-21
STU01142,Economics,Econometrics,Spring 2025,Completed,Male,Freshman,25,3.07,3,22866.09,5938.41,2025-01-22
STU01143,English,American Literature,Spring 2023,Completed,Male,Sophomore,21,1.91,2,22748.49,12201.38,2023-01-30
STU01144,Economics,Econometrics,Spring 2023,Completed,Female,Graduate,33,2.85,2,23538.15,13587.05,2023-01-29
STU01145,Computer Science,Machine Learning,Spring 2025,Completed,Male,Junior,21,3.59,4,10254.42,2905.58,2025-01-20
STU01146,Physics,Optics,Fall 2023,Completed,Female,Graduate,27,3.16,2,24042.88,11881.69,2023-08-15
STU01147,Mathematics,Discrete Math,Spring 2023,Enrolled,Male,Graduate,22,3.72,2,12845.34,3449.37,2023-01-22
STU01148,Psychology,Social Psychology,Fall 2023,Completed,Non-binary,Graduate,27,3.27,3,6278.02,280.0,2023-08-26
STU01149,Psychology,Abnormal Psychology,Spring 2023,Completed,Female,Freshman,19,3.02,3,16417.08,8959.74,2023-01-26
STU01150,History,Ancient Civilizations,Fall 2023,Completed,Male,Junior,19,3.32,1,23752.8,9686.93,2023-09-05
STU01151,Biology,Cell Biology,Fall 2023,Completed,Male,Freshman,27,3.12,4,5283.93,816.79,2023-08-18
STU01152,Biology,Ecology,Spring 2023,Completed,Male,Sophomore,20,3.38,4,19663.21,11743.91,2023-01-30
STU01153,Mathematics,Calculus II,Fall 2023,Enrolled,Male,Freshman,23,4.0,1,13112.91,1330.92,2023-08-20
STU01154,Economics,International Economics,Spring 2025,Completed,Female,Junior,26,4.0,3,22066.34,6597.83,2025-01-14
STU01155,Biology,Cell Biology,Spring 2024,Waitlisted,Female,Junior,21,4.0,2,15303.34,9092.8,2024-01-19
STU01156,Mathematics,Differential Equations,Fall 2024,Completed,Male,Senior,19,3.31,1,12419.47,5753.83,2024-08-14
STU01157,Mathematics,Calculus I,Spring 2025,Enrolled,Female,Freshman,24,2.32,2,13636.14,6396.28,2025-01-08
STU01158,Computer Science,Networks,Spring 2023,Completed,Male,Freshman,23,2.51,1,20932.9,4244.96,2023-01-29
STU01159,Psychology,Intro to Psychology,Fall 2023,Enrolled,Male,Senior,18,3.39,2,9719.93,837.15,2023-08-21
STU01160,Business Administration,Business Ethics,Fall 2024,Completed,Male,Senior,29,2.73,1,15257.26,7733.58,2024-08-29
STU01161,English,Linguistics,Spring 2025,Dropped,Male,Junior,28,3.2,2,22359.59,7822.8,2025-01-07
STU01162,Mathematics,Calculus I,Spring 2023,Completed,Female,Sophomore,24,2.55,2,12775.37,1007.31,2023-01-18
STU01163,Psychology,Social Psychology,Spring 2024,Completed,Female,Sophomore,28,2.78,2,16991.95,5610.92,2024-01-21
STU01164,Physics,Mechanics,Spring 2023,Enrolled,Male,Junior,29,3.29,3,18802.46,9447.67,2023-01-21
STU01165,Business Administration,Entrepreneurship,Spring 2025,Enrolled,Male,Junior,19,4.0,3,10469.49,4626.3,2025-01-11
STU01166,English,Creative Writing,Spring 2024,Completed,Male,Sophomore,24,3.24,1,5985.89,1387.37,2024-01-08
STU01167,History,European History,Fall 2023,Enrolled,Female,Freshman,24,3.05,3,11414.67,1316.74,2023-08-20
STU01168,Biology,Evolution,Spring 2024,Completed,Male,Junior,29,2.1,3,24498.09,6042.9,2024-01-17
STU01169,Business Administration,Accounting,Spring 2024,Enrolled,Male,Freshman,29,3.68,4,17146.49,911.28,2024-01-09
STU01170,Biology,Cell Biology,Fall 2024,Completed,Male,Sophomore,23,3.59,2,14841.84,8784.77,2024-08-30
STU01171,Economics,Econometrics,Spring 2025,Enrolled,Male,Freshman,19,3.03,3,9351.76,750.64,2025-01-15
STU01172,Computer Science,Data Structures,Spring 2024,Completed,Male,Senior,20,3.7,2,6453.31,770.89,2024-01-23
STU01173,Business Administration,Accounting,Spring 2023,Enrolled,Male,Sophomore,18,3.51,2,7512.87,1306.01,2023-01-26
STU01174,Chemistry,Organic Chemistry,Spring 2024,Completed,Male,Freshman,21,4.0,2,9270.86,2287.0,2024-01-17
STU01175,Chemistry,General Chemistry,Spring 2023,Completed,Male,Freshman,26,2.81,3,12818.35,7509.94,2023-01-12
STU01176,Biology,Ecology,Spring 2024,Enrolled,Male,Sophomore,20,2.48,4,13887.91,2527.18,2024-01-23
STU01177,Mathematics,Calculus I,Spring 2023,Waitlisted,Female,Sophomore,23,2.43,4,13644.62,748.99,2023-01-23
STU01178,English,British Literature,Fall 2024,Waitlisted,Male,Freshman,28,2.69,2,17889.7,1962.83,2024-08-28
STU01179,Psychology,Social Psychology,Spring 2025,Enrolled,Male,Junior,20,2.75,2,8520.5,4428.44,2025-01-20
STU01180,Psychology,Developmental Psychology,Spring 2025,Enrolled,Male,Senior,28,3.45,1,21232.54,3744.36,2025-01-17
STU01181,Physics,Optics,Spring 2024,Waitlisted,Female,Junior,25,3.67,4,14159.26,3370.95,2024-01-23
STU01182,Psychology,Abnormal Psychology,Fall 2023,Completed,Female,Senior,20,4.0,4,14488.7,2901.59,2023-08-25
STU01183,Economics,Econometrics,Fall 2024,Completed,Female,Freshman,24,3.19,2,19289.19,5145.9,2024-08-22
STU01184,Biology,Genetics,Spring 2024,Enrolled,Male,Senior,24,2.46,4,10928.9,6096.03,2024-01-27
STU01185,Business Administration,Finance,Spring 2025,Enrolled,Female,Sophomore,26,3.06,1,16079.59,2874.6,2025-01-18
STU01186,Chemistry,Analytical Chemistry,Spring 2024,Enrolled,Male,Graduate,32,2.78,3,8271.08,1509.26,2024-01-21
STU01187,History,Ancient Civilizations,Spring 2024,Completed,Female,Junior,23,3.4,3,17568.14,4623.75,2024-01-24
STU01188,History,World History,Fall 2023,Enrolled,Female,Junior,25,2.95,1,16547.07,6417.69,2023-09-05
STU01189,Chemistry,Physical Chemistry,Spring 2024,Completed,Female,Sophomore,19,2.84,1,17779.26,868.84,2024-01-26
STU01190,Mathematics,Calculus I,Spring 2024,Completed,Male,Junior,27,3.12,3,10302.27,2670.41,2024-01-19
STU01191,Chemistry,Biochemistry,Fall 2023,Completed,Male,Graduate,23,2.96,3,16700.7,4895.4,2023-08-16
STU01192,Computer Science,Databases,Fall 2023,Enrolled,Non-binary,Senior,26,3.0,1,10342.88,5651.34,2023-09-04
STU01193,Economics,Game Theory,Spring 2025,Waitlisted,Female,Sophomore,24,3.31,2,6505.57,438.72,2025-01-12
STU01194,Biology,Microbiology,Fall 2023,Completed,Female,Senior,27,3.65,4,22988.25,1841.83,2023-08-19
STU01195,English,Creative Writing,Fall 2023,Enrolled,Female,Senior,24,3.33,2,16443.44,9198.61,2023-09-05
STU01196,Economics,International Economics,Spring 2025,Enrolled,Male,Sophomore,27,1.58,3,11819.24,7075.04,2025-01-08
STU01197,Computer Science,Networks,Spring 2025,Dropped,Male,Senior,25,3.26,4,5492.89,2296.1,2025-01-06
STU01198,History,Modern History,Fall 2023,Completed,Female,Freshman,22,3.02,2,13157.92,2745.66,2023-08-16
STU01199,Physics,Thermodynamics,Fall 2024,Dropped,Female,Graduate,32,3.24,4,22586.49,6968.75,2024-08-14
STU01200,History,US History,Spring 2025,Enrolled,Male,Senior,29,2.79,1,24649.65,13485.61,2025-01-11
STU01201,English,Poetry,Spring 2025,Completed,Male,Sophomore,21,3.04,1,21527.81,9061.04,2025-01-15
STU01202,Psychology,Cognitive Psychology,Spring 2023,Completed,Female,Sophomore,22,2.91,2,22166.61,6166.16,2023-01-15
STU01203,Mathematics,Statistics,Fall 2023,Enrolled,Female,Freshman,27,2.75,4,23629.58,4795.35,2023-08-30
STU01204,Computer Science,Web Dev,Spring 2024,Enrolled,Female,Senior,18,2.34,4,24620.9,9776.63,2024-01-28
STU01205,Physics,Mechanics,Spring 2023,Completed,Female,Senior,27,2.6,2,11313.37,850.21,2023-01-25
STU01206,Physics,Electromagnetism,Fall 2023,Dropped,Female,Sophomore,18,3.56,3,5238.36,439.06,2023-08-29
STU01207,Business Administration,Finance,Spring 2024,Completed,Male,Freshman,25,3.1,2,22387.05,9897.22,2024-01-13
STU01208,Economics,Microeconomics,Spring 2025,Completed,Male,Junior,26,3.29,4,22542.41,3289.12,2025-01-26
STU01209,Economics,International Economics,Fall 2024,Completed,Male,Senior,24,2.99,3,11847.9,3884.76,2024-08-26
STU01210,Chemistry,Analytical Chemistry,Fall 2024,Dropped,Male,Sophomore,27,3.69,2,20062.38,8756.66,2024-08-15
STU01211,Business Administration,Business Ethics,Spring 2024,Enrolled,Female,Graduate,25,2.9,1,23955.92,5700.42,2024-01-23
STU01212,History,World History,Fall 2023,Waitlisted,Male,Graduate,27,2.48,3,5980.09,2055.13,2023-08-28
STU01213,Mathematics,Probability,Fall 2024,Waitlisted,Female,Senior,22,2.52,1,16926.93,2784.95,2024-08-30
STU01214,English,Creative Writing,Spring 2025,Completed,Female,Senior,18,2.43,4,17513.0,6102.47,2025-01-10
STU01215,Physics,Thermodynamics,Fall 2023,Enrolled,Male,Senior,27,2.81,4,7522.2,586.09,2023-08-23
STU01216,English,Linguistics,Spring 2024,Enrolled,Male,Junior,22,2.52,1,17394.96,807.94,2024-01-17
STU01217,Physics,Thermodynamics,Fall 2024,Completed,Male,Freshman,21,2.45,2,17045.13,3296.44,2024-09-01
STU01218,Economics,Macroeconomics,Spring 2024,Enrolled,Male,Freshman,19,2.51,1,6415.83,2542.16,2024-01-09
STU01219,Physics,Thermodynamics,Spring 2023,Completed,Male,Freshman,29,3.08,3,24006.14,4320.22,2023-01-10
STU01220,Physics,Quantum Physics,Spring 2024,Enrolled,Male,Graduate,22,4.0,2,13639.79,270.17,2024-01-20
STU01221,Economics,Microeconomics,Spring 2025,Dropped,Female,Freshman,26,3.36,4,8517.81,1202.97,2025-01-17
STU01222,Chemistry,Analytical Chemistry,Spring 2023,Enrolled,Female,Sophomore,27,2.69,2,14671.49,128.94,2023-01-19
STU01223,English,American Literature,Fall 2023,Enrolled,Male,Freshman,20,3.43,3,10067.59,5406.76,2023-08-29
STU01224,Biology,Evolution,Fall 2024,Enrolled,Female,Sophomore,26,2.72,2,12015.55,6003.16,2024-08-30
STU01225,Computer Science,Operating Systems,Spring 2024,Dropped,Male,Sophomore,21,2.02,2,24681.79,4327.94,2024-01-14
STU01226,Psychology,Abnormal Psychology,Spring 2025,Enrolled,Male,Junior,26,2.5,3,12090.96,4095.89,2025-01-12
STU01227,Physics,Mechanics,Spring 2024,Enrolled,Male,Senior,20,3.38,2,8933.34,5077.53,2024-01-09
STU01228,Mathematics,Probability,Spring 2025,Completed,Male,Freshman,26,2.92,2,17273.66,2312.11,2025-01-25
STU01229,History,European History,Spring 2025,Completed,Non-binary,Graduate,23,2.61,2,15417.72,4339.1,2025-01-08
STU01230,Chemistry,General Chemistry,Fall 2024,Waitlisted,Female,Sophomore,23,3.39,3,11713.65,4038.27,2024-08-27
STU01231,Physics,Relativity,Spring 2025,Completed,Non-binary,Senior,27,2.61,1,13469.64,3655.93,2025-01-18
STU01232,English,Creative Writing,Fall 2024,Completed,Male,Sophomore,21,3.12,1,21800.38,7128.49,2024-08-15
STU01233,Biology,Cell Biology,Fall 2024,Waitlisted,Male,Senior,21,2.79,2,7492.3,1644.86,2024-08-13
STU01234,Business Administration,Marketing,Spring 2023,Enrolled,Male,Sophomore,22,2.85,4,9366.06,307.36,2023-01-24
STU01235,Biology,Evolution,Spring 2023,Waitlisted,Female,Senior,24,3.31,3,7811.84,1991.0,2023-01-26
STU01236,Physics,Thermodynamics,Fall 2023,Dropped,Male,Senior,22,1.71,3,8668.47,35.58,2023-08-28
STU01237,Computer Science,Machine Learning,Spring 2025,Enrolled,Male,Graduate,32,2.57,1,7636.14,4064.15,2025-01-07
STU01238,Biology,Evolution,Fall 2024,Enrolled,Female,Graduate,24,3.46,3,9472.25,4871.18,2024-08-29
STU01239,Physics,Quantum Physics,Fall 2024,Enrolled,Female,Sophomore,21,2.58,1,13755.3,2561.55,2024-08-28
STU01240,Physics,Electromagnetism,Spring 2023,Enrolled,Female,Sophomore,27,4.0,2,23723.53,13390.76,2023-01-26
STU01241,Psychology,Intro to Psychology,Spring 2024,Completed,Male,Sophomore,22,3.29,2,10056.75,406.0,2024-01-16
STU01242,History,US History,Fall 2024,Enrolled,Female,Sophomore,26,3.39,3,5074.05,494.91,2024-08-26
STU01243,Economics,Microeconomics,Spring 2025,Enrolled,Male,Senior,23,3.82,4,7921.93,3911.87,2025-01-21
STU01244,History,Modern History,Fall 2024,Completed,Male,Senior,28,2.39,1,18045.62,4387.22,2024-08-21
STU01245,History,Ancient Civilizations,Spring 2025,Dropped,Female,Graduate,27,3.5,2,24987.01,3169.82,2025-01-09
STU01246,Psychology,Cognitive Psychology,Fall 2023,Completed,Male,Senior,24,2.81,4,18257.2,10575.83,2023-08-19
STU01247,Mathematics,Linear Algebra,Spring 2023,Completed,Male,Sophomore,25,3.83,1,7714.92,4524.51,2023-01-18
STU01248,Computer Science,Web Dev,Spring 2024,Waitlisted,Female,Junior,27,3.11,4,8274.58,1486.56,2024-01-25
STU01249,Economics,Econometrics,Fall 2024,Completed,Male,Freshman,29,2.77,1,10213.23,567.01,2024-08-13
STU01250,History,Modern History,Fall 2023,Dropped,Female,Junior,20,3.41,4,17593.67,4393.08,2023-08-27
STU01251,English,Linguistics,Spring 2023,Enrolled,Male,Sophomore,24,2.93,2,6132.51,442.93,2023-01-21
STU01252,Economics,Microeconomics,Spring 2025,Enrolled,Female,Freshman,19,3.01,2,9874.16,1812.27,2025-01-10
STU01253,Chemistry,Physical Chemistry,Spring 2024,Completed,Male,Graduate,31,3.18,2,24674.7,5341.67,2024-01-09
STU01254,Computer Science,Data Structures,Spring 2025,Completed,Female,Senior,22,2.79,1,15000.68,1150.36,2025-01-08
STU01255,Psychology,Cognitive Psychology,Spring 2025,Enrolled,Male,Junior,20,3.77,4,13641.35,6518.31,2025-01-22
STU01256,Business Administration,Accounting,Fall 2024,Dropped,Female,Freshman,27,3.05,1,21272.18,9125.16,2024-08-22
STU01257,Business Administration,Accounting,Spring 2025,Enrolled,Male,Senior,24,2.95,3,17874.4,2972.27,2025-01-23
STU01258,Computer Science,Algorithms,Spring 2025,Enrolled,Male,Senior,28,3.14,4,19720.71,3786.57,2025-01-13
STU01259,Chemistry,Analytical Chemistry,Fall 2023,Enrolled,Female,Sophomore,19,3.82,4,7877.52,40.74,2023-08-22
STU01260,Physics,Optics,Spring 2025,Completed,Female,Sophomore,27,2.84,2,13705.85,4318.61,2025-01-23
STU01261,Computer Science,Algorithms,Spring 2025,Enrolled,Non-binary,Senior,27,3.52,4,7910.35,4167.07,2025-01-06
STU01262,Business Administration,Marketing,Spring 2025,Enrolled,Male,Senior,24,3.52,1,12658.06,1351.0,2025-01-13
STU01263,Chemistry,General Chemistry,Spring 2024,Completed,Male,Freshman,22,2.73,1,16564.37,5939.64,2024-01-22
STU01264,Computer Science,Databases,Spring 2025,Enrolled,Female,Freshman,29,3.05,1,18385.37,4942.93,2025-01-16
STU01265,Biology,Anatomy,Spring 2025,Enrolled,Female,Junior,19,3.36,4,12174.85,7273.1,2025-01-21
STU01266,Economics,Econometrics,Fall 2024,Enrolled,Female,Junior,18,2.49,3,7613.45,1329.31,2024-08-17
STU01267,Biology,Ecology,Fall 2024,Enrolled,Male,Junior,19,3.97,3,16724.71,4940.82,2024-08-21
STU01268,Mathematics,Calculus I,Spring 2024,Completed,Female,Sophomore,18,2.9,1,14278.73,2105.99,2024-01-13
STU01269,Business Administration,Marketing,Spring 2025,Enrolled,Female,Sophomore,23,2.56,3,23697.86,9058.54,2025-01-24
STU01270,Economics,Game Theory,Fall 2024,Waitlisted,Female,Sophomore,24,1.6,1,14130.18,1266.94,2024-08-24
STU01271,English,Creative Writing,Fall 2024,Waitlisted,Non-binary,Junior,22,3.84,4,9409.41,929.08,2024-08-13
STU01272,Biology,Anatomy,Spring 2024,Completed,Female,Junior,26,2.96,4,23531.71,10030.46,2024-01-09
STU01273,Economics,Microeconomics,Fall 2024,Enrolled,Male,Sophomore,20,2.67,1,24691.52,9872.77,2024-08-27
STU01274,Physics,Quantum Physics,Spring 2025,Enrolled,Female,Graduate,22,3.12,4,19297.97,4977.08,2025-01-14
STU01275,Physics,Quantum Physics,Spring 2025,Completed,Female,Sophomore,21,3.01,2,24456.88,71.44,2025-01-23
STU01276,Physics,Relativity,Fall 2024,Enrolled,Non-binary,Freshman,29,2.18,2,6572.53,1304.97,2024-08-24
STU01277,English,Composition,Spring 2025,Enrolled,Male,Senior,25,3.84,1,18694.5,2378.85,2025-01-08
STU01278,Physics,Optics,Fall 2024,Completed,Female,Junior,23,2.75,2,5831.2,723.53,2024-08-20
STU01279,Business Administration,Entrepreneurship,Spring 2023,Enrolled,Female,Senior,28,2.7,4,19048.11,3422.46,2023-01-11
STU01280,Biology,Genetics,Fall 2023,Enrolled,Male,Junior,23,2.96,2,22162.78,5424.62,2023-08-17
STU01281,Mathematics,Discrete Math,Spring 2024,Waitlisted,Female,Graduate,31,3.36,1,5897.21,2202.77,2024-01-25
STU01282,Chemistry,General Chemistry,Fall 2024,Enrolled,Male,Senior,26,3.74,3,17474.87,1405.24,2024-08-12
STU01283,English,Linguistics,Spring 2025,Enrolled,Female,Graduate,26,3.06,2,15404.64,343.03,2025-01-18
STU01284,Mathematics,Statistics,Spring 2023,Waitlisted,Male,Junior,18,3.14,2,23155.22,1214.49,2023-01-29
STU01285,Economics,International Economics,Spring 2023,Enrolled,Female,Freshman,20,3.35,3,9018.23,4356.45,2023-01-14
STU01286,Chemistry,Physical Chemistry,Spring 2025,Enrolled,Non-binary,Graduate,30,3.37,4,23817.53,2613.64,2025-01-22
STU01287,Biology,Microbiology,Fall 2023,Waitlisted,Male,Junior,19,4.0,2,17903.0,182.28,2023-08-25
STU01288,Biology,Evolution,Spring 2025,Enrolled,Female,Sophomore,24,3.69,4,10155.57,4273.65,2025-01-08
STU01289,History,European History,Spring 2025,Completed,Female,Freshman,19,3.6,4,5265.62,1712.43,2025-01-25
STU01290,English,Composition,Fall 2024,Waitlisted,Female,Senior,23,3.36,1,18346.64,1382.41,2024-08-17
STU01291,Psychology,Social Psychology,Fall 2023,Waitlisted,Female,Graduate,30,3.3,4,8447.73,4421.85,2023-08-26
STU01292,Mathematics,Calculus II,Fall 2023,Dropped,Female,Freshman,26,2.62,3,6675.82,2575.78,2023-08-19
STU01293,Economics,Macroeconomics,Fall 2024,Completed,Female,Sophomore,19,2.42,2,21073.87,10340.81,2024-09-01
STU01294,Biology,Evolution,Fall 2023,Completed,Male,Graduate,25,3.45,1,15037.39,4104.82,2023-09-05
STU01295,Physics,Quantum Physics,Spring 2025,Completed,Female,Freshman,18,3.17,1,15924.95,854.91,2025-01-17
STU01296,English,Composition,Fall 2023,Enrolled,Non-binary,Junior,27,2.56,4,22123.07,1317.27,2023-08-30
STU01297,Physics,Relativity,Fall 2024,Enrolled,Male,Senior,29,3.3,4,7023.31,2625.89,2024-08-29
STU01298,Chemistry,Physical Chemistry,Spring 2025,Completed,Male,Freshman,21,2.77,4,6932.81,1140.44,2025-01-21
STU01299,History,European History,Fall 2024,Completed,Male,Freshman,26,3.45,1,12702.12,3184.81,2024-08-16
STU01300,Mathematics,Statistics,Fall 2024,Waitlisted,Male,Graduate,33,3.41,4,10782.73,2919.65,2024-08-29
STU01301,Chemistry,General Chemistry,Spring 2025,Enrolled,Female,Senior,24,3.23,3,6578.6,756.56,2025-01-16
STU01302,Business Administration,Finance,Spring 2023,Enrolled,Female,Graduate,22,3.65,2,12174.54,3866.15,2023-01-28
STU01303,History,World History,Spring 2024,Dropped,Female,Graduate,26,1.5,4,14806.25,7522.63,2024-01-14
STU01304,Mathematics,Discrete Math,Spring 2025,Completed,Female,Freshman,25,2.69,2,13070.4,2613.82,2025-01-22
STU01305,Mathematics,Calculus II,Spring 2025,Completed,Male,Senior,20,3.47,3,14729.66,2952.23,2025-01-09
STU01306,Mathematics,Calculus I,Spring 2023,Enrolled,Male,Graduate,31,2.77,3,9776.9,5568.62,2023-01-25
STU01307,Computer Science,Data Structures,Spring 2025,Completed,Male,Graduate,31,3.0,2,9209.19,3810.3,2025-01-08
STU01308,History,World History,Fall 2023,Enrolled,Female,Junior,27,2.47,4,10807.24,531.79,2023-08-17
STU01309,Physics,Optics,Spring 2024,Enrolled,Female,Junior,18,2.5,2,10562.24,1168.83,2024-01-13
STU01310,Mathematics,Probability,Spring 2025,Enrolled,Male,Junior,25,3.7,2,10518.98,4613.69,2025-01-14
STU01311,Physics,Optics,Fall 2024,Completed,Male,Graduate,33,2.51,4,14785.59,2538.0,2024-08-12
STU01312,Mathematics,Discrete Math,Fall 2023,Enrolled,Female,Senior,22,3.47,4,9099.58,4051.11,2023-08-29
STU01313,Mathematics,Linear Algebra,Fall 2024,Waitlisted,Male,Sophomore,27,3.38,1,8671.28,4271.05,2024-08-21
STU01314,Chemistry,Organic Chemistry,Fall 2024,Completed,Female,Graduate,22,3.58,2,15384.14,2163.35,2024-08-27
STU01315,History,US History,Fall 2023,Dropped,Male,Graduate,29,3.44,2,15896.49,2572.78,2023-08-23
STU01316,Mathematics,Linear Algebra,Spring 2023,Enrolled,Female,Freshman,29,3.0,3,14071.46,321.24,2023-01-19
STU01317,Mathematics,Linear Algebra,Spring 2025,Dropped,Male,Sophomore,23,3.39,3,15194.52,2735.63,2025-01-17
STU01318,Computer Science,Data Structures,Spring 2024,Waitlisted,Male,Freshman,28,3.41,1,12519.42,5681.14,2024-01-25
STU01319,Physics,Optics,Fall 2024,Enrolled,Female,Senior,28,3.0,1,23663.86,9050.04,2024-08-30
STU01320,Psychology,Social Psychology,Fall 2024,Waitlisted,Female,Graduate,32,2.66,1,14426.44,8492.25,2024-08-19
STU01321,Computer Science,Algorithms,Fall 2023,Dropped,Male,Graduate,34,3.26,4,6904.98,113.81,2023-08-24
STU01322,Economics,Game Theory,Spring 2023,Enrolled,Female,Sophomore,20,2.86,2,24871.56,2609.78,2023-01-21
STU01323,Physics,Quantum Physics,Fall 2024,Enrolled,Female,Junior,29,3.37,2,15107.07,6163.43,2024-09-01
STU01324,Business Administration,Management,Fall 2024,Enrolled,Non-binary,Senior,27,2.7,3,19466.61,1589.13,2024-09-02
STU01325,Chemistry,Analytical Chemistry,Spring 2024,Completed,Female,Sophomore,22,2.86,3,9979.54,2229.27,2024-01-11
STU01326,Mathematics,Linear Algebra,Spring 2024,Enrolled,Male,Freshman,29,2.69,1,14779.02,3612.65,2024-01-26
STU01327,Biology,Cell Biology,Fall 2023,Enrolled,Female,Graduate,24,3.17,4,6090.19,3056.45,2023-08-16
STU01328,Computer Science,Operating Systems,Fall 2024,Waitlisted,Male,Senior,23,2.84,1,15540.15,5236.36,2024-08-15
STU01329,History,World History,Fall 2024,Waitlisted,Female,Senior,29,2.8,3,16869.93,2126.8,2024-08-18
STU01330,Biology,Evolution,Fall 2024,Waitlisted,Non-binary,Graduate,33,2.59,1,12790.32,1849.97,2024-08-25
STU01331,Business Administration,Management,Spring 2025,Completed,Female,Graduate,27,2.73,2,7912.57,3311.09,2025-01-11
STU01332,Physics,Mechanics,Spring 2024,Enrolled,Male,Freshman,19,2.89,4,24996.98,32.76,2024-01-08
STU01333,Economics,International Economics,Fall 2023,Waitlisted,Male,Sophomore,19,2.89,1,6450.45,2721.88,2023-09-04
STU01334,Chemistry,Biochemistry,Spring 2024,Enrolled,Male,Graduate,23,3.35,4,15434.24,2432.46,2024-01-27
STU01335,Biology,Ecology,Spring 2025,Waitlisted,Female,Freshman,27,2.69,4,13045.21,400.94,2025-01-15
STU01336,Business Administration,Management,Spring 2023,Enrolled,Male,Junior,23,2.49,3,7466.37,1796.28,2023-01-13
STU01337,Mathematics,Calculus I,Spring 2024,Completed,Male,Freshman,22,2.95,1,15403.89,5228.78,2024-01-12
STU01338,History,Ancient Civilizations,Fall 2023,Completed,Female,Senior,19,2.85,1,12232.15,2982.82,2023-08-21
STU01339,Economics,Microeconomics,Fall 2023,Completed,Male,Senior,24,3.23,3,7427.44,4393.78,2023-09-01
STU01340,Chemistry,Biochemistry,Spring 2024,Enrolled,Female,Freshman,29,2.69,4,12804.77,4445.03,2024-01-12
STU01341,Economics,Macroeconomics,Spring 2023,Completed,Male,Sophomore,20,1.89,1,24441.59,2334.06,2023-01-20
STU01342,Biology,Ecology,Spring 2023,Enrolled,Female,Freshman,25,3.11,2,22336.43,11980.9,2023-01-16
STU01343,Biology,Microbiology,Spring 2025,Waitlisted,Male,Senior,19,3.93,4,20138.54,7331.03,2025-01-21
STU01344,Physics,Thermodynamics,Spring 2025,Dropped,Male,Senior,27,3.25,2,5211.03,285.86,2025-01-24
STU01345,Mathematics,Calculus I,Spring 2025,Enrolled,Male,Freshman,24,2.85,2,5361.62,1287.85,2025-01-24
STU01346,Computer Science,Web Dev,Spring 2024,Completed,Male,Senior,20,2.6,3,17391.65,6923.52,2024-01-22
STU01347,Chemistry,Analytical Chemistry,Spring 2023,Completed,Female,Graduate,22,3.06,2,15393.7,1760.2,2023-01-27
STU01348,Biology,Ecology,Spring 2025,Waitlisted,Non-binary,Sophomore,28,3.61,4,23060.56,703.63,2025-01-11
STU01349,Biology,Microbiology,Fall 2024,Dropped,Female,Graduate,32,3.46,2,23817.6,9587.03,2024-08-26
STU01350,Biology,Anatomy,Fall 2024,Enrolled,Male,Senior,19,2.96,1,14055.09,7046.16,2024-08-23
STU01351,Chemistry,Organic Chemistry,Spring 2025,Completed,Female,Freshman,24,3.39,1,17135.86,8733.84,2025-01-13
STU01352,History,Ancient Civilizations,Spring 2024,Completed,Non-binary,Sophomore,20,3.75,3,15177.71,568.66,2024-01-27
STU01353,History,Ancient Civilizations,Spring 2023,Completed,Male,Freshman,18,2.54,3,7049.93,2264.99,2023-01-19
STU01354,English,British Literature,Spring 2025,Completed,Male,Freshman,19,3.01,2,11058.9,4940.65,2025-01-23
STU01355,Computer Science,Intro to CS,Spring 2023,Completed,Male,Senior,24,2.56,3,18441.05,7769.1,2023-01-11
STU01356,Business Administration,Marketing,Spring 2024,Enrolled,Female,Junior,23,3.62,3,20658.47,5486.74,2024-01-18
STU01357,Mathematics,Calculus I,Fall 2024,Completed,Female,Sophomore,20,2.82,3,13862.55,3128.98,2024-08-19
STU01358,English,Linguistics,Spring 2025,Completed,Female,Graduate,23,3.75,3,15518.93,7531.02,2025-01-22
STU01359,Biology,Evolution,Fall 2023,Completed,Male,Freshman,18,4.0,2,10388.79,1729.88,2023-08-31
STU01360,Business Administration,Marketing,Spring 2023,Waitlisted,Female,Sophomore,22,3.25,2,11291.28,571.59,2023-01-15
STU01361,Economics,Microeconomics,Spring 2023,Completed,Male,Senior,25,2.64,2,6534.47,1671.38,2023-01-17
STU01362,Psychology,Cognitive Psychology,Spring 2023,Enrolled,Female,Junior,27,3.79,3,18373.42,3477.17,2023-01-20
STU01363,English,Composition,Fall 2024,Enrolled,Male,Senior,29,2.92,4,24578.39,5697.78,2024-08-15
STU01364,Psychology,Developmental Psychology,Spring 2025,Enrolled,Male,Sophomore,24,3.35,3,13430.22,760.67,2025-01-13
STU01365,Computer Science,Intro to CS,Spring 2025,Completed,Female,Senior,18,3.01,4,10725.6,1592.51,2025-01-18
STU01366,Psychology,Developmental Psychology,Spring 2025,Enrolled,Female,Senior,21,2.42,4,18019.43,8914.4,2025-01-09
STU01367,History,Modern History,Fall 2023,Enrolled,Male,Sophomore,21,3.01,1,24600.11,8800.82,2023-08-21
STU01368,Psychology,Abnormal Psychology,Spring 2024,Completed,Male,Sophomore,29,2.94,3,5202.29,464.49,2024-01-14
STU01369,Chemistry,Physical Chemistry,Spring 2023,Enrolled,Female,Junior,27,2.13,1,24100.46,13298.17,2023-01-22
STU01370,Physics,Thermodynamics,Spring 2025,Enrolled,Female,Sophomore,24,2.12,2,9181.16,4674.03,2025-01-17
STU01371,Psychology,Intro to Psychology,Spring 2023,Enrolled,Female,Junior,18,4.0,3,10138.29,4871.26,2023-01-24
STU01372,Mathematics,Probability,Spring 2025,Enrolled,Male,Graduate,29,3.45,3,15074.39,7508.88,2025-01-17
STU01373,English,Creative Writing,Fall 2024,Enrolled,Male,Junior,22,3.35,2,23244.15,2919.68,2024-08-24
STU01374,Chemistry,General Chemistry,Fall 2024,Waitlisted,Female,Graduate,28,3.01,1,19826.17,9845.01,2024-08-27
STU01375,History,European History,Spring 2025,Completed,Female,Senior,27,3.22,2,15601.05,260.61,2025-01-08
STU01376,English,British Literature,Fall 2023,Completed,Female,Senior,24,3.55,2,19657.55,5995.81,2023-08-27
STU01377,Economics,Macroeconomics,Fall 2024,Completed,Male,Senior,24,3.35,1,6762.84,1678.53,2024-08-12
STU01378,Economics,Macroeconomics,Spring 2024,Dropped,Male,Graduate,22,2.25,4,24812.85,4137.16,2024-01-23
STU01379,Physics,Relativity,Fall 2023,Enrolled,Female,Senior,25,3.66,2,18684.18,9892.61,2023-09-01
STU01380,Mathematics,Calculus II,Spring 2023,Enrolled,Female,Senior,21,3.01,1,24204.36,9589.8,2023-01-17
STU01381,Psychology,Cognitive Psychology,Fall 2024,Dropped,Female,Senior,23,2.26,4,19962.11,2494.6,2024-08-23
STU01382,Computer Science,Data Structures,Spring 2025,Dropped,Female,Freshman,24,2.74,2,12921.09,1543.99,2025-01-15
STU01383,Biology,Cell Biology,Fall 2023,Waitlisted,Female,Freshman,29,3.47,1,20946.74,3386.06,2023-08-26
STU01384,Psychology,Social Psychology,Spring 2025,Enrolled,Male,Graduate,32,3.53,4,7746.07,1563.21,2025-01-10
STU01385,Physics,Thermodynamics,Spring 2024,Enrolled,Male,Junior,19,3.75,1,14857.93,1612.45,2024-01-18
STU01386,Computer Science,Intro to CS,Spring 2023,Enrolled,Female,Senior,27,2.84,2,22632.71,6996.12,2023-01-15
STU01387,Computer Science,Machine Learning,Spring 2023,Completed,Male,Junior,28,2.54,2,24088.46,12634.43,2023-01-23
STU01388,History,World History,Spring 2024,Waitlisted,Male,Junior,23,3.86,3,5420.74,2350.99,2024-01-26
STU01389,Mathematics,Discrete Math,Spring 2024,Enrolled,Female,Freshman,24,2.55,1,10763.29,3900.1,2024-01-25
STU01390,Business Administration,Finance,Fall 2023,Completed,Female,Senior,24,4.0,2,6893.62,135.9,2023-08-28
STU01391,Chemistry,Physical Chemistry,Spring 2025,Enrolled,Male,Senior,25,3.33,3,13114.29,323.26,2025-01-07
STU01392,Chemistry,General Chemistry,Spring 2025,Waitlisted,Non-binary,Sophomore,18,2.5,3,10304.57,4241.92,2025-01-22
STU01393,Physics,Quantum Physics,Spring 2024,Dropped,Non-binary,Freshman,28,3.5,1,6107.2,1971.85,2024-01-24
STU01394,Business Administration,Management,Spring 2025,Enrolled,Male,Sophomore,21,2.8,2,19526.07,2573.72,2025-01-16
STU01395,History,European History,Fall 2023,Completed,Female,Senior,23,3.21,3,17999.04,8140.26,2023-08-31
STU01396,Physics,Relativity,Spring 2025,Enrolled,Female,Graduate,29,3.81,4,15801.59,7107.06,2025-01-13
STU01397,Psychology,Developmental Psychology,Spring 2025,Enrolled,Female,Senior,20,2.38,2,13116.24,7637.1,2025-01-21
STU01398,Mathematics,Calculus II,Spring 2024,Enrolled,Female,Junior,25,3.77,4,10370.1,3063.75,2024-01-18
STU01399,Physics,Mechanics,Spring 2023,Enrolled,Female,Sophomore,24,2.84,3,6315.96,2675.38,2023-01-10
STU01400,Economics,Macroeconomics,Spring 2025,Completed,Female,Senior,18,2.71,2,24320.43,1906.25,2025-01-12
STU01401,Biology,Genetics,Spring 2023,Enrolled,Non-binary,Sophomore,27,2.77,4,6601.27,1879.2,2023-01-20
STU01402,Computer Science,Operating Systems,Spring 2024,Completed,Female,Freshman,26,3.41,4,6695.32,3244.39,2024-01-11
STU01403,Business Administration,Finance,Spring 2023,Enrolled,Male,Freshman,29,2.93,1,20656.97,10479.41,2023-01-16
STU01404,Business Administration,Management,Spring 2023,Enrolled,Female,Graduate,32,3.17,3,15169.58,2119.81,2023-01-22
STU01405,Economics,International Economics,Fall 2024,Completed,Female,Freshman,19,3.19,3,19744.38,7431.56,2024-08-13
STU01406,Mathematics,Calculus II,Spring 2023,Completed,Female,Sophomore,24,2.37,2,6333.2,3794.45,2023-01-21
STU01407,Computer Science,Operating Systems,Spring 2025,Completed,Female,Graduate,33,2.89,3,21832.31,7265.19,2025-01-16
STU01408,Business Administration,Entrepreneurship,Fall 2023,Enrolled,Female,Junior,25,3.63,1,11522.12,1523.95,2023-08-21
STU01409,Psychology,Abnormal Psychology,Spring 2025,Enrolled,Male,Graduate,24,3.47,1,14198.84,5170.99,2025-01-11
STU01410,Biology,Microbiology,Fall 2023,Completed,Female,Freshman,18,3.26,4,16179.06,3265.52,2023-08-21
STU01411,Economics,Econometrics,Fall 2024,Completed,Male,Freshman,26,3.16,3,15055.67,1304.75,2024-08-22
STU01412,History,US History,Fall 2023,Enrolled,Male,Junior,18,2.68,1,11345.78,3292.87,2023-08-15
STU01413,Biology,Ecology,Fall 2023,Enrolled,Male,Freshman,21,3.32,3,5032.02,855.1,2023-09-04
STU01414,Biology,Anatomy,Fall 2023,Waitlisted,Male,Freshman,18,2.22,1,11470.49,1265.05,2023-09-05
STU01415,Business Administration,Management,Spring 2023,Enrolled,Female,Freshman,22,3.35,3,7333.78,2886.58,2023-01-16
STU01416,Chemistry,Analytical Chemistry,Spring 2024,Enrolled,Male,Junior,21,2.86,2,14047.06,1427.93,2024-01-24
STU01417,Mathematics,Linear Algebra,Spring 2024,Completed,Male,Sophomore,22,3.02,1,23511.66,7096.44,2024-01-26
STU01418,Business Administration,Management,Spring 2024,Waitlisted,Male,Sophomore,18,2.81,2,23251.99,12190.48,2024-01-17
STU01419,Economics,Microeconomics,Spring 2025,Enrolled,Female,Sophomore,19,2.14,2,19380.39,3337.15,2025-01-18
STU01420,Physics,Optics,Spring 2024,Completed,Female,Junior,28,2.73,4,12125.0,1289.24,2024-01-10
STU01421,Physics,Thermodynamics,Fall 2023,Completed,Female,Freshman,20,3.32,4,10446.31,736.48,2023-08-26
STU01422,Biology,Genetics,Spring 2025,Completed,Female,Graduate,34,3.41,4,23038.19,6169.92,2025-01-26
STU01423,Mathematics,Differential Equations,Spring 2023,Dropped,Male,Freshman,26,1.81,4,10167.85,4994.0,2023-01-13
STU01424,Mathematics,Statistics,Fall 2023,Waitlisted,Male,Junior,25,4.0,3,20638.65,2419.17,2023-08-27
STU01425,English,Creative Writing,Spring 2023,Completed,Male,Senior,22,2.68,3,12425.42,3740.29,2023-01-28
STU01426,Economics,Macroeconomics,Spring 2025,Waitlisted,Female,Junior,25,3.42,3,7264.62,1771.26,2025-01-08
STU01427,History,Ancient Civilizations,Spring 2025,Waitlisted,Male,Junior,27,2.92,3,11913.14,5312.98,2025-01-12
STU01428,English,Creative Writing,Fall 2024,Completed,Male,Freshman,28,3.01,1,21355.77,7038.77,2024-08-24
STU01429,Biology,Evolution,Spring 2025,Enrolled,Female,Junior,19,4.0,4,10117.45,2471.15,2025-01-07
STU01430,Physics,Optics,Spring 2024,Enrolled,Male,Senior,23,2.66,1,9534.68,3443.82,2024-01-13
STU01431,English,Composition,Spring 2024,Completed,Female,Freshman,20,3.1,1,10261.6,4460.02,2024-01-13
STU01432,Physics,Relativity,Spring 2023,Waitlisted,Male,Senior,26,2.65,2,22179.61,1181.37,2023-01-27
STU01433,History,European History,Spring 2023,Enrolled,Female,Sophomore,19,2.62,4,9787.4,2454.49,2023-01-16
STU01434,Mathematics,Linear Algebra,Spring 2024,Completed,Female,Sophomore,23,2.83,2,6311.58,2762.26,2024-01-08
STU01435,English,Poetry,Spring 2023,Completed,Male,Junior,19,3.67,4,12761.17,6094.47,2023-01-30
STU01436,Economics,Macroeconomics,Spring 2023,Waitlisted,Female,Senior,25,2.84,3,6456.91,3613.18,2023-01-29
STU01437,Chemistry,Organic Chemistry,Spring 2023,Enrolled,Male,Junior,19,2.76,4,17927.3,9393.66,2023-01-20
STU01438,History,Modern History,Fall 2023,Waitlisted,Male,Freshman,25,3.54,1,21612.72,7408.84,2023-08-30
STU01439,History,European History,Spring 2025,Enrolled,Male,Senior,25,3.63,4,5868.67,919.13,2025-01-06
STU01440,Economics,Game Theory,Fall 2024,Enrolled,Female,Junior,18,3.13,4,20046.91,212.24,2024-08-16
STU01441,Computer Science,Machine Learning,Spring 2023,Completed,Female,Junior,18,3.4,3,6454.73,3060.05,2023-01-23
STU01442,Computer Science,Algorithms,Spring 2025,Waitlisted,Female,Junior,29,2.06,1,18540.76,8935.3,2025-01-15
STU01443,History,European History,Spring 2024,Enrolled,Male,Sophomore,27,2.49,4,21177.17,3744.56,2024-01-14
STU01444,Business Administration,Marketing,Spring 2023,Completed,Male,Graduate,28,3.78,2,12579.12,2285.13,2023-01-11
STU01445,Business Administration,Management,Fall 2023,Enrolled,Male,Graduate,22,2.78,1,9890.81,1349.04,2023-08-27
STU01446,English,British Literature,Spring 2023,Waitlisted,Female,Freshman,21,3.52,4,14963.97,3938.53,2023-01-27
STU01447,Economics,International Economics,Spring 2024,Enrolled,Female,Graduate,33,3.34,3,9872.77,2775.84,2024-01-23
STU01448,Mathematics,Calculus II,Spring 2024,Enrolled,Female,Sophomore,18,2.7,4,22736.82,12125.84,2024-01-12
STU01449,History,European History,Spring 2025,Completed,Male,Junior,18,3.8,1,5345.76,1763.09,2025-01-07
STU01450,Mathematics,Differential Equations,Spring 2025,Enrolled,Male,Senior,21,3.28,1,5082.12,33.58,2025-01-15
STU01451,Economics,Game Theory,Spring 2025,Enrolled,Male,Graduate,29,3.32,1,19175.99,2046.61,2025-01-07
STU01452,Chemistry,Analytical Chemistry,Fall 2023,Dropped,Female,Freshman,18,2.63,2,20285.03,9614.79,2023-08-17
STU01453,Economics,Microeconomics,Spring 2024,Dropped,Male,Senior,26,3.32,1,22644.11,5895.01,2024-01-22
STU01454,English,American Literature,Spring 2024,Enrolled,Female,Junior,20,3.43,4,13157.88,2268.96,2024-01-16
STU01455,Biology,Cell Biology,Spring 2025,Completed,Male,Sophomore,24,3.71,3,16446.3,9859.96,2025-01-22
STU01456,Psychology,Developmental Psychology,Fall 2023,Enrolled,Female,Senior,18,3.01,2,8194.99,806.7,2023-08-16
STU01457,Psychology,Abnormal Psychology,Fall 2023,Completed,Female,Graduate,30,4.0,4,15402.31,5644.01,2023-08-22
STU01458,Physics,Relativity,Spring 2024,Completed,Male,Junior,27,3.92,2,10744.83,3296.55,2024-01-11
STU01459,History,US History,Spring 2023,Dropped,Female,Graduate,27,3.72,4,8138.35,73.36,2023-01-27
STU01460,Chemistry,Physical Chemistry,Fall 2023,Enrolled,Male,Freshman,27,3.31,4,6094.9,1298.27,2023-08-21
STU01461,Computer Science,Algorithms,Spring 2023,Completed,Female,Freshman,22,2.1,4,19584.8,10279.05,2023-01-18
STU01462,Computer Science,Algorithms,Spring 2025,Completed,Female,Sophomore,19,3.12,2,21101.87,10769.3,2025-01-07
STU01463,Biology,Ecology,Fall 2023,Dropped,Female,Senior,24,2.83,3,12969.58,2466.14,2023-08-30
STU01464,Computer Science,Databases,Spring 2023,Enrolled,Male,Graduate,22,3.55,1,10093.23,6045.01,2023-01-22
STU01465,Mathematics,Statistics,Spring 2025,Enrolled,Male,Junior,28,4.0,2,12304.56,3952.82,2025-01-22
STU01466,Mathematics,Calculus I,Spring 2024,Enrolled,Female,Senior,26,3.68,1,13526.37,2708.28,2024-01-25
STU01467,Economics,Microeconomics,Spring 2024,Completed,Female,Sophomore,22,3.63,4,15173.68,498.13,2024-01-11
STU01468,History,European History,Fall 2024,Completed,Male,Junior,23,3.38,1,23714.99,8503.43,2024-09-02
STU01469,Physics,Relativity,Fall 2024,Completed,Male,Junior,24,3.48,3,9682.05,348.12,2024-08-21
STU01470,Economics,Game Theory,Fall 2024,Enrolled,Female,Junior,29,3.51,1,24243.92,4217.35,2024-08-29
STU01471,Biology,Anatomy,Spring 2023,Enrolled,Female,Sophomore,22,3.33,2,12266.45,2872.47,2023-01-15
STU01472,English,Creative Writing,Spring 2025,Enrolled,Male,Freshman,28,3.01,2,18408.93,3190.33,2025-01-25
STU01473,Chemistry,Biochemistry,Spring 2024,Waitlisted,Male,Graduate,26,3.9,3,19904.83,6144.05,2024-01-21
STU01474,Economics,International Economics,Spring 2024,Waitlisted,Female,Junior,20,3.43,2,21749.02,4043.56,2024-01-13
STU01475,Biology,Evolution,Spring 2025,Completed,Non-binary,Freshman,21,3.15,3,5388.02,1057.15,2025-01-16
STU01476,Physics,Electromagnetism,Spring 2025,Completed,Female,Senior,26,3.17,3,23191.73,8820.6,2025-01-24
STU01477,English,Poetry,Spring 2023,Enrolled,Male,Junior,27,2.75,3,19302.74,3647.66,2023-01-11
STU01478,Mathematics,Statistics,Fall 2023,Enrolled,Female,Graduate,30,2.79,4,24159.59,7292.42,2023-08-27
STU01479,Chemistry,Physical Chemistry,Spring 2025,Completed,Non-binary,Junior,22,2.48,4,10698.27,3070.08,2025-01-11
STU01480,Computer Science,Data Structures,Fall 2023,Enrolled,Female,Junior,23,2.5,2,20375.28,3246.85,2023-08-23
STU01481,Mathematics,Calculus II,Fall 2024,Enrolled,Female,Freshman,18,2.78,1,14309.74,8098.13,2024-08-22
STU01482,English,Linguistics,Spring 2023,Enrolled,Male,Junior,23,2.58,2,7125.57,3599.77,2023-01-12
STU01483,Psychology,Intro to Psychology,Spring 2024,Completed,Female,Freshman,19,3.17,3,14540.96,7284.14,2024-01-21
STU01484,Business Administration,Business Ethics,Spring 2023,Waitlisted,Male,Senior,19,4.0,3,14668.04,982.49,2023-01-17
STU01485,English,American Literature,Fall 2023,Dropped,Female,Junior,27,3.17,4,14631.78,5974.74,2023-08-22
STU01486,Mathematics,Calculus I,Spring 2024,Completed,Female,Sophomore,29,3.8,1,17577.46,8045.36,2024-01-19
STU01487,Chemistry,General Chemistry,Fall 2024,Waitlisted,Non-binary,Senior,23,3.44,3,22029.78,6385.11,2024-09-01
STU01488,Physics,Quantum Physics,Spring 2023,Completed,Female,Junior,29,2.79,1,24557.07,2955.17,2023-01-12
STU01489,Mathematics,Statistics,Spring 2023,Dropped,Female,Junior,22,2.67,3,12587.31,6878.97,2023-01-17
STU01490,English,Composition,Spring 2023,Dropped,Female,Freshman,23,2.83,4,13238.93,7422.36,2023-01-25
STU01491,Chemistry,Analytical Chemistry,Spring 2024,Completed,Female,Junior,28,3.26,1,17311.05,410.87,2024-01-16
STU01492,Computer Science,Machine Learning,Spring 2023,Enrolled,Male,Junior,21,2.4,4,17983.08,7532.08,2023-01-15
STU01493,Biology,Genetics,Spring 2023,Completed,Female,Graduate,31,3.02,1,7575.09,4307.0,2023-01-22
STU01494,Computer Science,Databases,Spring 2025,Enrolled,Male,Junior,27,2.67,1,16386.69,3763.0,2025-01-18
STU01495,Chemistry,Biochemistry,Fall 2024,Dropped,Male,Sophomore,27,3.58,2,5094.25,221.26,2024-08-12
STU01496,Business Administration,Management,Spring 2023,Enrolled,Male,Graduate,22,4.0,4,22644.7,1997.47,2023-01-24
STU01497,Economics,Microeconomics,Spring 2024,Enrolled,Male,Senior,19,3.26,3,6862.14,1927.47,2024-01-27
STU01498,English,Linguistics,Spring 2024,Enrolled,Female,Freshman,28,3.0,3,18546.01,7818.59,2024-01-18
STU01499,Psychology,Cognitive Psychology,Fall 2024,Completed,Male,Freshman,18,1.91,1,24074.07,9274.92,2024-08-25
STU01500,Economics,Microeconomics,Fall 2023,Completed,Male,Senior,18,3.47,2,22008.59,5471.25,2023-08-29
STU01501,Economics,Microeconomics,Spring 2024,Dropped,Female,Graduate,25,3.17,3,17852.56,9103.12,2024-01-19
STU01502,Chemistry,Analytical Chemistry,Fall 2024,Dropped,Male,Sophomore,28,2.72,2,8349.41,1898.69,2024-08-31
STU01503,English,Composition,Spring 2025,Waitlisted,Female,Senior,23,3.29,2,15173.84,6565.32,2025-01-19
STU01504,Mathematics,Linear Algebra,Spring 2024,Completed,Female,Graduate,30,2.69,1,21850.69,3975.18,2024-01-15
STU01505,Physics,Quantum Physics,Spring 2025,Completed,Male,Senior,23,2.71,2,6667.58,3714.54,2025-01-23
STU01506,Chemistry,General Chemistry,Spring 2024,Completed,Male,Freshman,26,2.71,1,14112.51,5976.02,2024-01-14
STU01507,English,Composition,Fall 2023,Enrolled,Male,Junior,18,3.35,1,12012.85,2715.94,2023-08-17
STU01508,Economics,Econometrics,Spring 2024,Enrolled,Male,Senior,22,3.41,2,7025.52,2849.1,2024-01-12
STU01509,Chemistry,Organic Chemistry,Spring 2024,Completed,Female,Senior,20,3.87,4,5421.16,118.48,2024-01-20
STU01510,Mathematics,Probability,Spring 2023,Enrolled,Male,Freshman,29,3.5,1,6466.12,3469.13,2023-01-26
STU01511,Computer Science,Databases,Fall 2023,Completed,Male,Graduate,27,2.67,4,22175.04,9319.57,2023-08-27
STU01512,History,Ancient Civilizations,Spring 2023,Completed,Female,Junior,28,3.65,4,19654.0,7274.55,2023-01-13
STU01513,Biology,Genetics,Spring 2025,Enrolled,Male,Graduate,24,2.48,3,16715.57,5884.9,2025-01-17
STU01514,Computer Science,Data Structures,Fall 2023,Waitlisted,Female,Junior,28,3.58,2,21722.37,3453.43,2023-08-26
STU01515,Physics,Thermodynamics,Fall 2024,Enrolled,Male,Senior,22,2.89,2,16816.32,5103.14,2024-08-20
STU01516,Computer Science,Networks,Spring 2024,Enrolled,Non-binary,Freshman,19,3.42,2,23652.96,5436.28,2024-01-27
STU01517,Computer Science,Web Dev,Spring 2025,Completed,Female,Sophomore,18,2.9,4,13951.4,6943.02,2025-01-14
STU01518,Mathematics,Calculus I,Spring 2025,Completed,Non-binary,Sophomore,20,3.26,2,14354.97,2349.57,2025-01-23
STU01519,Physics,Mechanics,Spring 2023,Dropped,Male,Senior,18,4.0,3,13079.53,3610.87,2023-01-24
STU01520,Psychology,Social Psychology,Fall 2024,Enrolled,Male,Junior,27,2.23,3,10674.91,2796.28,2024-08-26
STU01521,English,Poetry,Spring 2025,Waitlisted,Female,Graduate,28,2.55,4,9845.87,5461.47,2025-01-22
STU01522,Mathematics,Linear Algebra,Fall 2024,Completed,Male,Senior,25,2.31,2,13648.74,5103.31,2024-09-01
STU01523,Physics,Thermodynamics,Spring 2024,Enrolled,Female,Senior,27,3.01,3,10156.22,2479.07,2024-01-20
STU01524,Biology,Evolution,Spring 2023,Waitlisted,Male,Freshman,29,3.11,3,10953.58,216.54,2023-01-22
STU01525,Psychology,Abnormal Psychology,Spring 2025,Waitlisted,Male,Junior,25,2.2,3,5759.52,3437.03,2025-01-14
STU01526,History,Modern History,Spring 2024,Waitlisted,Male,Freshman,21,3.2,3,20120.08,5460.36,2024-01-19
STU01527,Business Administration,Marketing,Spring 2024,Completed,Non-binary,Junior,27,3.68,3,5873.22,833.88,2024-01-24
STU01528,Mathematics,Calculus I,Spring 2024,Completed,Male,Sophomore,23,3.26,3,5183.31,626.35,2024-01-19
STU01529,Business Administration,Entrepreneurship,Fall 2024,Enrolled,Male,Junior,24,2.38,1,6339.82,107.24,2024-08-21
STU01530,Economics,Microeconomics,Fall 2023,Dropped,Male,Senior,27,3.44,3,22629.72,5647.21,2023-08-19
STU01531,Computer Science,Operating Systems,Spring 2024,Dropped,Male,Sophomore,24,3.26,3,8169.05,3860.74,2024-01-19
STU01532,Chemistry,Physical Chemistry,Fall 2024,Dropped,Male,Freshman,21,2.77,3,11537.87,74.75,2024-08-24
STU01533,Physics,Relativity,Fall 2023,Completed,Male,Sophomore,25,3.62,1,13200.48,3817.54,2023-08-30
STU01534,Economics,Econometrics,Fall 2023,Completed,Male,Senior,23,3.15,1,10562.87,2056.63,2023-08-25
STU01535,Chemistry,Biochemistry,Fall 2024,Enrolled,Male,Junior,19,2.94,2,18426.09,1793.04,2024-09-02
STU01536,Biology,Ecology,Spring 2023,Completed,Male,Freshman,27,2.21,3,23355.17,2766.87,2023-01-16
STU01537,Business Administration,Business Ethics,Spring 2024,Enrolled,Female,Senior,26,3.28,1,10296.33,5767.55,2024-01-10
STU01538,Physics,Optics,Spring 2024,Enrolled,Female,Junior,25,2.86,4,22824.02,6924.67,2024-01-28
STU01539,English,Composition,Spring 2024,Waitlisted,Male,Graduate,22,3.62,1,9785.18,1647.01,2024-01-09
STU01540,History,World History,Spring 2025,Completed,Male,Sophomore,20,2.45,3,15366.48,4257.8,2025-01-25
STU01541,Physics,Optics,Fall 2024,Completed,Male,Senior,26,3.9,2,13218.66,4990.46,2024-08-30
STU01542,History,World History,Spring 2024,Dropped,Female,Freshman,26,3.38,1,17220.47,6449.33,2024-01-13
STU01543,Computer Science,Databases,Spring 2025,Completed,Male,Freshman,29,3.34,3,21357.01,4437.12,2025-01-26
STU01544,Business Administration,Management,Fall 2024,Waitlisted,Male,Graduate,32,2.97,1,12127.81,734.56,2024-08-24
STU01545,Biology,Anatomy,Spring 2023,Completed,Female,Sophomore,29,2.8,2,12955.47,2524.03,2023-01-13
STU01546,Chemistry,Biochemistry,Fall 2024,Waitlisted,Female,Graduate,33,4.0,2,7694.95,1453.45,2024-08-15
STU01547,Mathematics,Calculus I,Spring 2023,Completed,Male,Freshman,27,1.81,2,8515.68,740.52,2023-01-15
STU01548,Biology,Cell Biology,Spring 2024,Dropped,Male,Freshman,27,2.11,1,23290.52,1579.84,2024-01-25
STU01549,Chemistry,Analytical Chemistry,Spring 2024,Enrolled,Male,Graduate,27,3.46,3,22732.31,3587.65,2024-01-12
STU01550,Business Administration,Business Ethics,Spring 2024,Completed,Male,Sophomore,20,3.4,1,14310.11,2276.07,2024-01-26
STU01551,Physics,Electromagnetism,Spring 2025,Completed,Male,Graduate,29,3.55,2,6654.77,3653.8,2025-01-24
STU01552,Economics,International Economics,Fall 2023,Completed,Female,Senior,22,3.26,3,10055.32,2453.32,2023-09-03
STU01553,Chemistry,Analytical Chemistry,Spring 2024,Dropped,Male,Senior,27,3.3,2,7070.26,455.67,2024-01-24
STU01554,Computer Science,Databases,Spring 2024,Completed,Male,Junior,21,3.35,1,5226.65,1720.51,2024-01-22
STU01555,Business Administration,Management,Spring 2023,Waitlisted,Non-binary,Senior,28,3.35,4,10103.64,5204.2,2023-01-19
STU01556,Chemistry,General Chemistry,Spring 2025,Enrolled,Female,Graduate,25,3.12,2,16389.53,3374.67,2025-01-16
STU01557,English,Linguistics,Spring 2024,Completed,Male,Sophomore,18,2.8,3,15877.56,3225.25,2024-01-10
STU01558,Business Administration,Accounting,Spring 2024,Waitlisted,Male,Junior,23,3.06,4,22376.02,8886.43,2024-01-22
STU01559,Mathematics,Differential Equations,Fall 2024,Enrolled,Male,Sophomore,19,3.14,3,10690.24,301.86,2024-08-18
STU01560,Physics,Relativity,Fall 2023,Waitlisted,Male,Graduate,31,2.58,4,8382.5,1621.76,2023-08-15
STU01561,Mathematics,Calculus I,Spring 2023,Completed,Male,Freshman,28,3.33,4,11413.26,3782.39,2023-01-13
STU01562,Economics,Econometrics,Spring 2025,Waitlisted,Female,Sophomore,25,2.97,1,5877.62,2540.45,2025-01-18
STU01563,Physics,Relativity,Spring 2025,Dropped,Male,Freshman,26,2.72,1,18399.07,4.43,2025-01-10
STU01564,Business Administration,Accounting,Spring 2023,Dropped,Male,Junior,28,2.8,1,12724.73,3701.82,2023-01-24
STU01565,Physics,Thermodynamics,Spring 2023,Completed,Male,Graduate,31,3.17,2,17831.59,250.71,2023-01-25
STU01566,Biology,Ecology,Spring 2024,Completed,Male,Sophomore,27,3.07,4,22500.17,4069.69,2024-01-20
STU01567,Psychology,Cognitive Psychology,Spring 2023,Enrolled,Female,Freshman,18,3.14,2,21496.74,11048.62,2023-01-25
STU01568,Computer Science,Algorithms,Spring 2025,Enrolled,Male,Graduate,29,3.62,1,23996.58,7988.35,2025-01-17
STU01569,English,American Literature,Fall 2024,Waitlisted,Female,Graduate,26,3.13,4,6285.05,2423.93,2024-08-21
STU01570,Biology,Genetics,Fall 2024,Completed,Male,Graduate,31,3.37,2,22915.86,8981.01,2024-08-22
STU01571,Mathematics,Statistics,Spring 2024,Enrolled,Male,Freshman,19,2.65,2,13606.33,2242.64,2024-01-24
STU01572,Psychology,Social Psychology,Spring 2023,Completed,Male,Graduate,22,3.27,3,5811.71,3186.19,2023-01-12
STU01573,Computer Science,Machine Learning,Spring 2025,Enrolled,Female,Senior,28,3.58,3,5624.27,3262.75,2025-01-20
STU01574,Mathematics,Differential Equations,Spring 2025,Waitlisted,Male,Graduate,22,2.76,2,11065.62,2407.32,2025-01-11
STU01575,Psychology,Developmental Psychology,Spring 2024,Enrolled,Male,Freshman,25,2.74,4,23978.32,3539.2,2024-01-24
STU01576,Chemistry,General Chemistry,Spring 2023,Completed,Male,Freshman,26,4.0,2,13053.42,1627.84,2023-01-28
STU01577,Biology,Anatomy,Spring 2025,Enrolled,Female,Freshman,28,3.51,2,9726.73,571.1,2025-01-14
STU01578,Economics,Microeconomics,Spring 2025,Completed,Female,Freshman,28,3.71,3,23843.71,7417.68,2025-01-19
STU01579,Mathematics,Statistics,Fall 2024,Completed,Male,Graduate,26,3.52,4,15672.34,8877.2,2024-08-15
STU01580,Physics,Thermodynamics,Fall 2024,Enrolled,Female,Sophomore,23,2.46,3,18877.27,5542.25,2024-08-24
STU01581,History,Ancient Civilizations,Fall 2023,Dropped,Non-binary,Freshman,28,2.94,1,14415.7,6112.05,2023-09-02
STU01582,Computer Science,Machine Learning,Fall 2024,Waitlisted,Female,Freshman,28,2.25,4,11586.43,293.37,2024-08-15
STU01583,Computer Science,Operating Systems,Spring 2025,Completed,Male,Senior,22,3.36,2,24698.58,14015.58,2025-01-06
STU01584,Mathematics,Statistics,Spring 2023,Completed,Female,Junior,29,2.78,2,15812.22,8060.44,2023-01-26
STU01585,English,Composition,Spring 2025,Enrolled,Male,Freshman,25,3.04,2,16582.6,1881.24,2025-01-21
STU01586,History,Modern History,Fall 2024,Waitlisted,Male,Sophomore,28,1.93,1,18483.74,7023.11,2024-08-22
STU01587,Mathematics,Calculus I,Spring 2023,Enrolled,Male,Junior,27,2.58,2,8272.17,1800.52,2023-01-22
STU01588,Chemistry,Organic Chemistry,Fall 2024,Completed,Male,Freshman,20,2.65,1,18668.69,7660.25,2024-09-02
STU01589,Chemistry,Physical Chemistry,Fall 2023,Completed,Female,Sophomore,25,3.38,4,16595.33,6162.86,2023-08-15
STU01590,Chemistry,Biochemistry,Spring 2025,Enrolled,Female,Graduate,32,3.33,3,10725.18,2727.25,2025-01-21
STU01591,English,Linguistics,Fall 2024,Enrolled,Male,Senior,29,3.49,4,7571.59,83.5,2024-08-22
STU01592,Chemistry,General Chemistry,Fall 2023,Enrolled,Non-binary,Sophomore,18,3.4,3,11027.84,4141.95,2023-08-26
STU01593,Psychology,Cognitive Psychology,Spring 2023,Completed,Female,Freshman,24,3.34,2,16701.56,5142.44,2023-01-12
STU01594,Economics,International Economics,Spring 2025,Enrolled,Female,Junior,27,1.5,3,11654.68,497.75,2025-01-12
STU01595,Business Administration,Management,Fall 2023,Waitlisted,Male,Graduate,31,2.13,4,15322.7,2802.57,2023-09-03
STU01596,Economics,Microeconomics,Spring 2025,Enrolled,Male,Sophomore,19,2.65,4,22279.1,3995.04,2025-01-22
STU01597,Physics,Relativity,Spring 2024,Enrolled,Male,Graduate,33,3.24,3,13877.12,1565.47,2024-01-28
STU01598,Computer Science,Web Dev,Spring 2025,Waitlisted,Female,Graduate,25,2.65,2,14383.55,3173.37,2025-01-22
STU01599,Computer Science,Web Dev,Fall 2024,Completed,Female,Freshman,29,3.64,1,18315.69,3145.44,2024-08-14
STU01600,Psychology,Abnormal Psychology,Spring 2025,Waitlisted,Male,Graduate,26,2.47,4,13633.2,6687.62,2025-01-06
STU01601,History,Modern History,Fall 2024,Dropped,Male,Senior,20,3.67,4,5108.87,107.82,2024-08-15
STU01602,Biology,Genetics,Spring 2025,Enrolled,Female,Junior,18,3.13,1,7684.05,2972.61,2025-01-21
STU01603,Biology,Anatomy,Fall 2023,Completed,Male,Junior,20,3.33,3,8364.22,4183.32,2023-09-04
STU01604,Chemistry,Biochemistry,Spring 2025,Dropped,Female,Freshman,27,3.41,3,13742.96,2208.83,2025-01-16
STU01605,Business Administration,Business Ethics,Fall 2023,Enrolled,Male,Senior,26,2.96,1,24674.64,14223.17,2023-09-05
STU01606,Economics,Microeconomics,Spring 2024,Waitlisted,Female,Graduate,24,2.83,2,24925.94,12645.7,2024-01-24
STU01607,History,World History,Fall 2024,Enrolled,Female,Graduate,30,3.64,3,21688.58,10840.03,2024-08-18
STU01608,Mathematics,Statistics,Fall 2023,Dropped,Male,Senior,18,3.18,2,10828.3,2184.03,2023-08-30
STU01609,Biology,Evolution,Fall 2023,Waitlisted,Female,Sophomore,26,3.95,1,22077.32,1856.69,2023-08-23
STU01610,Computer Science,Algorithms,Fall 2024,Waitlisted,Female,Freshman,20,3.45,2,6901.87,224.5,2024-08-28
STU01611,Computer Science,Databases,Spring 2025,Enrolled,Female,Junior,29,3.21,1,9992.49,5262.32,2025-01-10
STU01612,Business Administration,Finance,Spring 2024,Enrolled,Male,Graduate,29,2.88,1,16985.55,8229.27,2024-01-20
STU01613,Biology,Genetics,Fall 2023,Enrolled,Female,Senior,24,3.64,1,6566.76,285.95,2023-08-19
STU01614,History,European History,Spring 2023,Enrolled,Female,Junior,18,3.2,4,9257.0,3714.39,2023-01-29
STU01615,English,Composition,Spring 2025,Enrolled,Male,Junior,21,3.18,1,23927.57,5957.93,2025-01-06
STU01616,Chemistry,Organic Chemistry,Spring 2025,Enrolled,Female,Junior,18,2.57,3,8718.67,1173.72,2025-01-18
STU01617,Biology,Microbiology,Spring 2025,Enrolled,Female,Senior,24,2.04,1,15985.37,7177.69,2025-01-14
STU01618,Mathematics,Calculus II,Fall 2024,Waitlisted,Female,Senior,20,3.02,1,11492.18,4972.62,2024-08-21
STU01619,Psychology,Intro to Psychology,Fall 2024,Completed,Female,Junior,20,3.44,3,10480.83,5319.85,2024-08-13
STU01620,Biology,Anatomy,Fall 2023,Enrolled,Male,Junior,24,3.54,2,10444.81,2407.49,2023-08-29
STU01621,Economics,Econometrics,Fall 2024,Enrolled,Male,Senior,23,3.72,3,19025.87,9007.31,2024-08-31
STU01622,Mathematics,Linear Algebra,Fall 2024,Enrolled,Male,Senior,25,3.1,2,13093.07,3092.7,2024-08-12
STU01623,Economics,International Economics,Fall 2023,Dropped,Non-binary,Graduate,23,2.88,2,19968.13,11517.63,2023-08-31
STU01624,History,Modern History,Fall 2024,Completed,Female,Junior,29,3.82,3,9768.54,5520.1,2024-08-31
STU01625,Mathematics,Calculus I,Spring 2024,Completed,Male,Senior,20,3.18,2,15011.62,7706.27,2024-01-24
STU01626,Physics,Quantum Physics,Spring 2023,Enrolled,Male,Graduate,26,2.64,4,13991.98,1583.6,2023-01-22
STU01627,Mathematics,Calculus II,Spring 2025,Dropped,Male,Sophomore,21,3.78,1,19710.41,7850.16,2025-01-12
STU01628,Physics,Optics,Spring 2025,Waitlisted,Female,Junior,18,3.16,2,10853.43,2556.55,2025-01-16
STU01629,History,Modern History,Fall 2023,Enrolled,Male,Junior,25,2.84,1,19663.06,1109.7,2023-09-03
STU01630,Computer Science,Data Structures,Fall 2024,Enrolled,Male,Senior,21,3.49,4,17446.33,7397.79,2024-08-27
STU01631,History,European History,Spring 2025,Completed,Female,Graduate,25,3.93,1,23332.86,9876.75,2025-01-21
STU01632,Physics,Mechanics,Fall 2024,Enrolled,Female,Senior,20,3.41,3,12886.82,9.93,2024-08-20
STU01633,Economics,Macroeconomics,Spring 2024,Completed,Female,Freshman,28,4.0,2,13348.97,5852.29,2024-01-08
STU01634,Chemistry,Analytical Chemistry,Spring 2024,Completed,Female,Graduate,22,3.3,4,13887.04,7865.59,2024-01-12
STU01635,Chemistry,Biochemistry,Spring 2024,Dropped,Female,Freshman,28,3.16,2,12486.12,1732.93,2024-01-12
STU01636,History,Modern History,Fall 2023,Waitlisted,Male,Junior,24,3.17,3,18360.39,1946.37,2023-09-04
STU01637,Physics,Mechanics,Fall 2023,Completed,Male,Sophomore,18,3.32,3,22617.63,10934.45,2023-08-28
STU01638,Chemistry,Physical Chemistry,Spring 2025,Waitlisted,Female,Sophomore,28,3.38,1,10916.45,5817.65,2025-01-11
STU01639,Biology,Anatomy,Spring 2025,Dropped,Male,Freshman,23,2.94,2,11410.72,5096.62,2025-01-18
STU01640,Computer Science,Networks,Spring 2025,Enrolled,Male,Graduate,29,2.31,4,18527.79,1025.72,2025-01-08
STU01641,Economics,Game Theory,Spring 2023,Completed,Female,Freshman,20,3.76,4,12457.53,1088.05,2023-01-27
STU01642,History,Ancient Civilizations,Fall 2023,Waitlisted,Non-binary,Freshman,19,2.54,3,7253.47,2510.64,2023-08-27
STU01643,Mathematics,Probability,Spring 2025,Completed,Male,Graduate,22,3.6,3,21757.47,11524.26,2025-01-12
STU01644,Chemistry,Analytical Chemistry,Fall 2024,Completed,Female,Junior,19,3.14,1,17466.29,590.36,2024-09-02
STU01645,History,World History,Spring 2025,Dropped,Male,Graduate,31,2.12,1,13765.97,2169.74,2025-01-22
STU01646,Computer Science,Machine Learning,Spring 2023,Enrolled,Female,Sophomore,24,2.81,3,7397.76,2146.19,2023-01-29
STU01647,Economics,Macroeconomics,Spring 2024,Enrolled,Female,Sophomore,19,3.18,2,21238.18,10295.48,2024-01-19
STU01648,Mathematics,Discrete Math,Spring 2025,Completed,Male,Freshman,21,3.57,4,7203.44,3117.45,2025-01-14
STU01649,Psychology,Developmental Psychology,Fall 2023,Enrolled,Male,Junior,28,3.33,4,21836.51,3917.64,2023-08-23
STU01650,Business Administration,Finance,Fall 2024,Completed,Female,Sophomore,23,3.46,3,10548.53,4068.37,2024-08-13
STU01651,Biology,Ecology,Fall 2024,Completed,Female,Graduate,31,2.92,3,20395.45,6869.46,2024-08-25
STU01652,Psychology,Abnormal Psychology,Fall 2023,Enrolled,Non-binary,Junior,25,3.53,4,15556.24,4831.42,2023-08-24
STU01653,Economics,Econometrics,Fall 2023,Completed,Male,Junior,18,4.0,1,14648.47,823.16,2023-08-21
STU01654,English,Linguistics,Spring 2024,Enrolled,Female,Senior,19,3.4,4,19944.49,3730.06,2024-01-13
STU01655,Biology,Cell Biology,Fall 2023,Completed,Female,Senior,25,2.93,1,16859.69,9468.34,2023-08-23
STU01656,Psychology,Social Psychology,Fall 2023,Enrolled,Male,Senior,28,3.37,4,13288.6,5497.77,2023-08-18
STU01657,History,European History,Spring 2025,Enrolled,Female,Junior,18,3.47,1,12105.79,357.08,2025-01-25
STU01658,Chemistry,Analytical Chemistry,Spring 2024,Completed,Male,Sophomore,20,3.74,1,16083.63,7353.75,2024-01-26
STU01659,Business Administration,Entrepreneurship,Fall 2023,Completed,Male,Freshman,26,3.05,4,9741.41,2614.24,2023-08-30
STU01660,Mathematics,Differential Equations,Fall 2024,Waitlisted,Female,Graduate,26,2.93,1,7891.59,3292.02,2024-08-13
STU01661,Computer Science,Machine Learning,Spring 2024,Enrolled,Male,Graduate,34,2.85,4,13147.65,1399.51,2024-01-23
STU01662,Biology,Ecology,Spring 2025,Waitlisted,Male,Sophomore,19,3.18,2,7794.41,449.55,2025-01-16
STU01663,Computer Science,Intro to CS,Spring 2025,Dropped,Female,Graduate,22,3.14,4,15549.13,1316.63,2025-01-13
STU01664,Economics,Microeconomics,Fall 2023,Enrolled,Male,Sophomore,26,3.47,1,21202.8,1114.1,2023-08-20
STU01665,Chemistry,General Chemistry,Spring 2025,Enrolled,Male,Junior,22,2.81,1,17075.1,1679.49,2025-01-24
STU01666,Mathematics,Calculus I,Spring 2024,Completed,Female,Freshman,19,3.22,1,16988.61,1745.82,2024-01-19
STU01667,Psychology,Developmental Psychology,Spring 2025,Enrolled,Female,Senior,19,3.76,2,22786.38,7101.12,2025-01-15
STU01668,Business Administration,Accounting,Spring 2025,Completed,Female,Junior,23,2.99,3,24227.65,8760.77,2025-01-23
STU01669,Economics,Macroeconomics,Spring 2023,Waitlisted,Female,Senior,21,3.44,3,22333.83,13166.85,2023-01-27
STU01670,History,World History,Fall 2023,Completed,Male,Junior,23,3.16,2,12560.5,775.83,2023-08-29
STU01671,History,World History,Spring 2025,Completed,Female,Graduate,28,4.0,1,9978.87,1942.52,2025-01-08
STU01672,Economics,Macroeconomics,Fall 2024,Enrolled,Female,Senior,24,3.12,3,19990.33,7563.05,2024-08-25
STU01673,Economics,Game Theory,Spring 2023,Enrolled,Male,Freshman,20,3.46,1,17649.44,3052.96,2023-01-21
STU01674,Psychology,Cognitive Psychology,Fall 2023,Waitlisted,Female,Freshman,29,3.05,2,10736.31,1891.52,2023-09-02
STU01675,History,Modern History,Spring 2025,Completed,Female,Sophomore,23,4.0,1,12839.35,2030.71,2025-01-06
STU01676,Economics,Econometrics,Spring 2024,Completed,Female,Freshman,21,3.1,3,17071.62,9566.44,2024-01-16
STU01677,Business Administration,Entrepreneurship,Spring 2024,Enrolled,Female,Graduate,24,2.61,4,10387.19,4989.99,2024-01-12
STU01678,Psychology,Abnormal Psychology,Fall 2023,Completed,Male,Senior,26,3.38,1,18410.81,3516.67,2023-08-19
STU01679,Mathematics,Statistics,Fall 2024,Enrolled,Female,Sophomore,22,3.71,1,9784.46,2437.59,2024-08-30
STU01680,Physics,Electromagnetism,Spring 2024,Waitlisted,Male,Senior,29,3.11,4,14623.76,4031.79,2024-01-12
STU01681,Physics,Relativity,Spring 2025,Completed,Female,Graduate,32,3.17,4,12088.48,2764.49,2025-01-12
STU01682,History,World History,Fall 2023,Completed,Male,Junior,24,3.54,3,19551.59,5298.16,2023-08-26
STU01683,Business Administration,Accounting,Fall 2024,Enrolled,Male,Sophomore,20,2.97,3,12847.64,3123.63,2024-08-31
STU01684,Psychology,Developmental Psychology,Fall 2023,Completed,Female,Sophomore,19,2.45,2,21272.31,456.5,2023-09-04
STU01685,Psychology,Abnormal Psychology,Spring 2023,Completed,Male,Freshman,18,3.05,1,13222.98,1876.88,2023-01-22
STU01686,Chemistry,Organic Chemistry,Fall 2023,Enrolled,Male,Freshman,20,3.72,1,7634.88,3116.12,2023-08-27
STU01687,Business Administration,Management,Fall 2024,Enrolled,Female,Sophomore,20,2.46,3,21731.05,6679.69,2024-08-16
STU01688,Computer Science,Machine Learning,Fall 2023,Dropped,Female,Graduate,23,3.47,3,16419.83,4018.42,2023-08-22
STU01689,English,Poetry,Spring 2025,Waitlisted,Female,Sophomore,26,2.99,1,10797.61,94.04,2025-01-17
STU01690,Business Administration,Finance,Spring 2023,Enrolled,Male,Graduate,30,3.58,1,11327.51,6613.98,2023-01-19
STU01691,Physics,Optics,Fall 2024,Dropped,Male,Graduate,23,2.47,3,5169.03,2602.73,2024-08-22
STU01692,Business Administration,Business Ethics,Spring 2025,Enrolled,Male,Sophomore,24,2.41,2,23803.6,12740.75,2025-01-07
STU01693,Mathematics,Differential Equations,Fall 2024,Enrolled,Male,Freshman,19,2.37,3,12772.65,3187.97,2024-08-22
STU01694,Mathematics,Calculus I,Spring 2023,Dropped,Male,Senior,27,2.93,3,15992.45,8519.03,2023-01-22
STU01695,Chemistry,Physical Chemistry,Spring 2025,Enrolled,Male,Senior,23,2.74,4,23899.34,6908.87,2025-01-21
STU01696,English,British Literature,Spring 2025,Enrolled,Male,Graduate,22,3.82,2,15071.4,7249.13,2025-01-25
STU01697,Physics,Relativity,Spring 2025,Completed,Female,Graduate,34,3.7,4,19121.16,5626.83,2025-01-20
STU01698,Economics,Econometrics,Fall 2024,Completed,Male,Junior,22,3.08,2,22698.53,7858.51,2024-08-30
STU01699,Computer Science,Web Dev,Spring 2025,Dropped,Male,Senior,20,3.51,2,5882.91,3501.83,2025-01-21
STU01700,Business Administration,Entrepreneurship,Spring 2025,Waitlisted,Male,Junior,26,2.78,2,21221.74,1115.1,2025-01-21
STU01701,Computer Science,Machine Learning,Spring 2024,Completed,Male,Junior,28,3.7,3,13644.26,5564.61,2024-01-24
STU01702,Mathematics,Linear Algebra,Spring 2025,Completed,Male,Junior,26,3.54,1,18611.66,1354.16,2025-01-16
STU01703,Chemistry,Analytical Chemistry,Spring 2024,Waitlisted,Female,Junior,21,3.02,1,24439.02,550.65,2024-01-26
STU01704,Business Administration,Marketing,Spring 2025,Waitlisted,Non-binary,Senior,18,2.63,4,10213.33,5229.31,2025-01-26
STU01705,Physics,Quantum Physics,Fall 2024,Completed,Female,Freshman,25,3.3,1,20385.01,7298.52,2024-08-26
STU01706,English,Creative Writing,Fall 2024,Completed,Female,Sophomore,23,2.9,2,13902.13,943.7,2024-08-24
STU01707,Mathematics,Statistics,Spring 2025,Enrolled,Male,Freshman,23,4.0,3,9190.69,800.17,2025-01-17
STU01708,Mathematics,Differential Equations,Fall 2024,Waitlisted,Male,Graduate,34,3.52,1,17498.88,7652.65,2024-08-30
STU01709,English,Linguistics,Spring 2025,Enrolled,Female,Graduate,34,2.59,3,6579.61,2736.98,2025-01-11
STU01710,Psychology,Intro to Psychology,Spring 2025,Completed,Female,Freshman,20,2.86,1,21529.07,11803.51,2025-01-12
STU01711,Biology,Anatomy,Spring 2023,Enrolled,Male,Freshman,28,2.71,3,14369.22,5158.31,2023-01-14
STU01712,Business Administration,Finance,Fall 2024,Completed,Female,Freshman,24,2.91,3,10497.91,206.6,2024-08-30
STU01713,Chemistry,Physical Chemistry,Spring 2024,Enrolled,Female,Freshman,27,3.0,4,10184.31,115.66,2024-01-18
STU01714,Mathematics,Calculus I,Spring 2025,Enrolled,Male,Junior,24,3.04,1,8074.99,4465.76,2025-01-26
STU01715,Physics,Mechanics,Fall 2023,Enrolled,Male,Sophomore,26,3.56,3,9006.8,1140.3,2023-08-22
STU01716,Biology,Evolution,Spring 2025,Enrolled,Male,Junior,21,3.61,2,14656.2,2841.0,2025-01-08
STU01717,Chemistry,Organic Chemistry,Fall 2024,Completed,Female,Junior,23,2.66,2,18737.33,10267.68,2024-08-22
STU01718,Physics,Thermodynamics,Fall 2023,Completed,Male,Junior,19,3.29,3,16197.11,9340.4,2023-08-17
STU01719,English,Linguistics,Spring 2024,Dropped,Female,Sophomore,20,3.54,1,7089.61,3063.85,2024-01-17
STU01720,Business Administration,Management,Fall 2023,Completed,Non-binary,Senior,28,3.05,3,6915.08,3827.8,2023-09-03
STU01721,Chemistry,Organic Chemistry,Spring 2024,Waitlisted,Female,Junior,21,3.53,1,5794.22,2918.23,2024-01-11
STU01722,Psychology,Cognitive Psychology,Fall 2023,Completed,Male,Freshman,18,2.56,2,17733.86,2354.04,2023-09-05
STU01723,Economics,Macroeconomics,Spring 2024,Enrolled,Female,Graduate,28,3.57,1,10440.05,4528.54,2024-01-17
STU01724,English,Linguistics,Spring 2023,Enrolled,Female,Sophomore,27,2.79,4,9997.08,2018.18,2023-01-19
STU01725,Economics,Econometrics,Spring 2024,Waitlisted,Male,Junior,26,2.85,3,21524.35,2939.79,2024-01-15
STU01726,Physics,Quantum Physics,Fall 2024,Dropped,Male,Graduate,28,2.39,4,21121.93,4479.68,2024-08-29
STU01727,Business Administration,Entrepreneurship,Fall 2024,Completed,Male,Sophomore,20,2.88,3,20887.68,1240.33,2024-08-29
STU01728,English,Poetry,Spring 2024,Completed,Male,Sophomore,25,2.96,1,22102.19,4594.64,2024-01-19
STU01729,History,Ancient Civilizations,Spring 2025,Waitlisted,Male,Freshman,24,2.64,2,19150.46,358.21,2025-01-13
STU01730,Psychology,Cognitive Psychology,Spring 2025,Waitlisted,Non-binary,Graduate,33,3.04,2,7773.05,593.76,2025-01-17
STU01731,Business Administration,Finance,Spring 2023,Enrolled,Female,Freshman,29,2.27,3,9689.68,2794.4,2023-01-16
STU01732,Physics,Thermodynamics,Spring 2024,Enrolled,Male,Sophomore,24,2.58,2,7452.56,1938.25,2024-01-22
STU01733,Physics,Thermodynamics,Fall 2023,Enrolled,Female,Senior,28,2.84,1,9817.56,765.17,2023-08-15
STU01734,Biology,Genetics,Fall 2024,Dropped,Male,Senior,27,3.38,2,6383.48,1268.56,2024-08-20
STU01735,English,Creative Writing,Spring 2024,Completed,Female,Senior,23,3.94,4,15657.53,8746.54,2024-01-24
STU01736,Economics,Macroeconomics,Spring 2025,Enrolled,Male,Sophomore,29,3.3,4,9276.02,587.25,2025-01-21
STU01737,English,British Literature,Spring 2025,Completed,Male,Senior,21,3.3,1,19593.57,611.86,2025-01-09
STU01738,English,Composition,Fall 2024,Waitlisted,Male,Graduate,27,3.17,2,22253.5,5919.26,2024-08-17
STU01739,Biology,Ecology,Spring 2024,Completed,Male,Graduate,31,3.55,4,6660.78,763.53,2024-01-08
STU01740,Mathematics,Probability,Fall 2023,Completed,Male,Junior,21,3.14,4,21324.56,12644.55,2023-08-28
STU01741,Mathematics,Linear Algebra,Spring 2024,Enrolled,Male,Junior,26,2.47,4,14896.57,6634.73,2024-01-28
STU01742,Economics,Microeconomics,Fall 2023,Waitlisted,Male,Senior,19,3.32,1,14992.37,2745.53,2023-08-25
STU01743,Economics,Microeconomics,Spring 2024,Completed,Female,Senior,27,2.61,1,10609.26,4653.88,2024-01-26
STU01744,Physics,Thermodynamics,Spring 2023,Completed,Female,Freshman,23,3.96,4,15596.68,2713.7,2023-01-30
STU01745,History,Ancient Civilizations,Spring 2025,Enrolled,Male,Freshman,22,3.27,4,10665.93,1.55,2025-01-18
STU01746,Psychology,Social Psychology,Spring 2025,Completed,Female,Junior,28,2.69,1,23672.31,12319.37,2025-01-24
STU01747,Physics,Quantum Physics,Fall 2024,Enrolled,Female,Sophomore,19,3.36,1,24418.09,5473.64,2024-09-02
STU01748,English,Linguistics,Fall 2024,Enrolled,Female,Senior,22,3.77,4,11211.54,4141.94,2024-09-02
STU01749,Computer Science,Networks,Fall 2023,Enrolled,Female,Junior,28,2.77,1,19070.57,7378.66,2023-08-20
STU01750,Business Administration,Business Ethics,Spring 2024,Completed,Female,Freshman,18,2.92,3,19173.62,1316.52,2024-01-22
STU01751,Physics,Thermodynamics,Spring 2024,Enrolled,Male,Freshman,26,3.48,1,8935.18,4801.69,2024-01-26
STU01752,English,Linguistics,Spring 2023,Completed,Male,Freshman,21,2.53,1,14990.97,7824.65,2023-01-15
STU01753,Physics,Relativity,Spring 2023,Completed,Female,Junior,28,3.47,4,14601.8,4305.26,2023-01-26
STU01754,Business Administration,Finance,Spring 2025,Waitlisted,Female,Graduate,30,4.0,4,23754.83,1300.6,2025-01-24
STU01755,Computer Science,Data Structures,Fall 2023,Enrolled,Female,Freshman,20,2.54,4,9806.25,3879.45,2023-08-20
STU01756,Psychology,Intro to Psychology,Spring 2024,Completed,Male,Senior,18,3.38,1,9720.16,4260.43,2024-01-28
STU01757,Physics,Relativity,Fall 2023,Completed,Female,Senior,25,2.88,1,23722.51,7403.7,2023-08-24
STU01758,Biology,Anatomy,Fall 2023,Enrolled,Female,Sophomore,29,2.8,1,7703.66,3213.33,2023-09-01
STU01759,English,Poetry,Spring 2024,Dropped,Male,Sophomore,27,2.35,3,18546.08,3222.37,2024-01-23
STU01760,Psychology,Intro to Psychology,Fall 2024,Waitlisted,Female,Junior,28,2.6,1,18671.85,31.84,2024-08-12
STU01761,History,US History,Spring 2023,Completed,Male,Junior,19,2.99,4,20420.77,5332.65,2023-01-10
STU01762,Business Administration,Business Ethics,Fall 2023,Enrolled,Male,Junior,26,2.64,2,11108.27,1050.8,2023-09-03
STU01763,Mathematics,Discrete Math,Fall 2023,Completed,Female,Graduate,28,2.06,4,15131.0,5109.71,2023-08-29
STU01764,Business Administration,Accounting,Fall 2024,Completed,Female,Junior,29,3.6,3,19532.09,10884.02,2024-09-02
STU01765,English,British Literature,Spring 2025,Enrolled,Female,Senior,19,3.45,2,12190.86,920.18,2025-01-11
STU01766,Psychology,Cognitive Psychology,Fall 2024,Enrolled,Male,Graduate,25,2.09,1,9059.87,2456.32,2024-09-01
STU01767,Economics,Game Theory,Spring 2025,Enrolled,Female,Graduate,32,3.69,3,19608.28,5332.61,2025-01-20
STU01768,Chemistry,Biochemistry,Spring 2025,Completed,Male,Sophomore,22,2.46,2,12198.28,4887.65,2025-01-08
STU01769,Business Administration,Accounting,Fall 2024,Completed,Female,Junior,20,2.47,4,22197.09,3353.73,2024-08-19
STU01770,Biology,Microbiology,Spring 2025,Enrolled,Female,Freshman,24,3.99,1,17274.16,8224.62,2025-01-17
STU01771,History,US History,Fall 2023,Enrolled,Male,Sophomore,29,3.55,4,17096.04,4924.95,2023-08-23
STU01772,Psychology,Abnormal Psychology,Spring 2024,Enrolled,Female,Junior,24,2.27,3,6254.44,3060.25,2024-01-18
STU01773,English,Linguistics,Spring 2023,Waitlisted,Non-binary,Junior,24,2.59,4,5672.99,480.31,2023-01-22
STU01774,Biology,Microbiology,Spring 2024,Completed,Female,Senior,18,3.32,2,8585.92,1163.03,2024-01-14
STU01775,Physics,Quantum Physics,Fall 2023,Completed,Male,Senior,20,3.55,2,21945.93,5810.51,2023-08-24
STU01776,Mathematics,Statistics,Fall 2024,Completed,Male,Sophomore,29,2.23,1,15207.85,8845.85,2024-08-29
STU01777,Business Administration,Finance,Spring 2023,Completed,Non-binary,Graduate,25,3.39,4,17353.89,6709.95,2023-01-11
STU01778,Computer Science,Web Dev,Fall 2024,Enrolled,Female,Freshman,19,3.33,3,21570.61,10202.15,2024-08-20
STU01779,Computer Science,Operating Systems,Fall 2024,Waitlisted,Female,Sophomore,23,2.84,4,11754.96,2951.31,2024-08-14
STU01780,English,Linguistics,Spring 2025,Enrolled,Female,Sophomore,24,2.85,3,14535.08,2360.57,2025-01-18
STU01781,Physics,Thermodynamics,Spring 2023,Enrolled,Female,Senior,27,2.32,2,10973.44,5708.0,2023-01-21
STU01782,Business Administration,Management,Spring 2025,Dropped,Non-binary,Graduate,32,3.88,1,7107.94,787.49,2025-01-13
STU01783,Business Administration,Accounting,Spring 2025,Waitlisted,Male,Freshman,26,2.74,1,21506.17,1625.1,2025-01-17
STU01784,Computer Science,Operating Systems,Spring 2025,Waitlisted,Female,Freshman,22,3.05,4,22284.61,6211.83,2025-01-11
STU01785,Chemistry,Physical Chemistry,Spring 2023,Dropped,Female,Graduate,26,2.95,1,20716.17,5748.2,2023-01-17
STU01786,Economics,International Economics,Spring 2025,Enrolled,Female,Freshman,25,3.77,3,14727.44,4087.92,2025-01-16
STU01787,History,Modern History,Fall 2024,Completed,Female,Freshman,29,3.36,2,21682.77,6370.88,2024-08-28
STU01788,Chemistry,Physical Chemistry,Spring 2025,Enrolled,Male,Senior,29,3.06,3,21667.55,4524.53,2025-01-14
STU01789,Physics,Electromagnetism,Spring 2025,Enrolled,Male,Freshman,22,4.0,4,24994.15,12646.58,2025-01-21
STU01790,Economics,Macroeconomics,Spring 2025,Enrolled,Female,Junior,21,1.95,4,5206.91,1956.26,2025-01-09
STU01791,Chemistry,Physical Chemistry,Fall 2023,Enrolled,Male,Graduate,23,3.22,3,22259.42,5994.44,2023-09-02
STU01792,Computer Science,Machine Learning,Spring 2025,Completed,Female,Junior,18,3.14,2,14521.18,6005.18,2025-01-20
STU01793,Business Administration,Business Ethics,Fall 2023,Completed,Female,Sophomore,19,2.18,2,8415.21,1145.33,2023-08-17
STU01794,Physics,Optics,Fall 2023,Enrolled,Female,Freshman,24,3.76,2,13468.78,4161.27,2023-08-27
STU01795,Business Administration,Accounting,Spring 2023,Enrolled,Male,Graduate,29,3.56,4,10158.79,2995.91,2023-01-21
STU01796,Economics,Game Theory,Spring 2025,Waitlisted,Female,Graduate,33,3.31,3,11664.83,4164.67,2025-01-24
STU01797,Psychology,Social Psychology,Spring 2024,Waitlisted,Female,Graduate,28,2.74,4,6290.72,2180.34,2024-01-15
STU01798,Physics,Quantum Physics,Spring 2025,Enrolled,Female,Junior,28,3.37,2,10509.16,5089.87,2025-01-10
STU01799,Chemistry,Organic Chemistry,Fall 2023,Enrolled,Female,Freshman,22,3.53,2,21925.75,4688.16,2023-09-03
STU01800,English,Composition,Spring 2024,Waitlisted,Female,Graduate,27,2.87,2,5074.39,735.3,2024-01-19
STU01801,Biology,Ecology,Fall 2024,Enrolled,Male,Junior,23,2.04,1,24942.64,11559.58,2024-08-31
STU01802,Chemistry,Physical Chemistry,Spring 2025,Dropped,Female,Freshman,29,3.26,1,11363.75,1131.74,2025-01-14
STU01803,Economics,Game Theory,Spring 2024,Enrolled,Female,Sophomore,20,2.85,2,17607.95,9591.47,2024-01-13
STU01804,Biology,Evolution,Fall 2024,Enrolled,Non-binary,Junior,28,1.95,3,20666.34,3327.36,2024-08-16
STU01805,Mathematics,Probability,Fall 2023,Dropped,Male,Sophomore,18,1.75,3,8836.72,1769.9,2023-09-03
STU01806,Computer Science,Machine Learning,Fall 2023,Completed,Female,Senior,28,3.05,1,9136.74,3585.38,2023-08-24
STU01807,Psychology,Intro to Psychology,Fall 2023,Completed,Male,Freshman,29,3.41,4,22173.44,1562.91,2023-08-30
STU01808,Mathematics,Statistics,Fall 2023,Completed,Male,Senior,19,4.0,3,18470.34,1274.57,2023-09-02
STU01809,Business Administration,Marketing,Fall 2024,Waitlisted,Male,Senior,24,2.7,2,21867.47,2673.64,2024-08-24
STU01810,Business Administration,Business Ethics,Fall 2024,Completed,Male,Senior,25,3.42,3,10407.66,5017.79,2024-09-01
STU01811,Economics,Macroeconomics,Fall 2023,Completed,Male,Junior,22,3.53,3,10898.62,99.82,2023-08-15
STU01812,Psychology,Cognitive Psychology,Spring 2024,Completed,Female,Senior,29,1.75,1,10638.74,2831.61,2024-01-20
STU01813,Physics,Quantum Physics,Spring 2023,Waitlisted,Female,Senior,25,3.57,2,15451.46,7249.39,2023-01-16
STU01814,Physics,Mechanics,Spring 2025,Completed,Male,Senior,23,3.69,3,14800.09,980.44,2025-01-20
STU01815,Psychology,Cognitive Psychology,Fall 2023,Enrolled,Male,Junior,21,3.57,3,6829.66,2105.76,2023-08-28
STU01816,English,Poetry,Spring 2024,Completed,Female,Sophomore,27,3.49,2,8624.36,4193.01,2024-01-15
STU01817,English,American Literature,Fall 2023,Enrolled,Male,Sophomore,18,3.46,2,8716.64,5114.89,2023-08-18
STU01818,English,Poetry,Spring 2025,Completed,Female,Junior,25,3.07,2,16112.34,1644.84,2025-01-14
STU01819,Chemistry,Analytical Chemistry,Spring 2025,Dropped,Male,Junior,20,2.22,3,10612.71,6190.8,2025-01-11
STU01820,English,Linguistics,Fall 2023,Enrolled,Female,Senior,18,2.75,1,16923.65,9300.66,2023-08-31
STU01821,History,World History,Spring 2025,Enrolled,Female,Senior,22,3.04,3,22143.86,643.0,2025-01-17
STU01822,Computer Science,Machine Learning,Fall 2023,Completed,Male,Junior,26,3.6,1,14667.84,2319.05,2023-08-29
STU01823,English,Composition,Spring 2025,Enrolled,Female,Sophomore,22,3.08,2,20876.87,8284.28,2025-01-12
STU01824,Business Administration,Entrepreneurship,Spring 2024,Enrolled,Male,Sophomore,27,2.47,3,14751.63,6174.85,2024-01-11
STU01825,Economics,Game Theory,Spring 2024,Waitlisted,Male,Senior,22,3.64,4,23191.11,250.91,2024-01-24
STU01826,Biology,Ecology,Spring 2025,Completed,Male,Freshman,28,3.81,3,20746.98,6738.64,2025-01-20
STU01827,Chemistry,Physical Chemistry,Spring 2024,Waitlisted,Male,Sophomore,29,3.62,1,16717.04,6762.3,2024-01-18
STU01828,English,Linguistics,Spring 2024,Enrolled,Male,Junior,25,3.06,2,12961.1,3994.35,2024-01-27
STU01829,Psychology,Intro to Psychology,Spring 2024,Enrolled,Female,Junior,24,2.7,3,23291.69,1272.23,2024-01-24
STU01830,Computer Science,Algorithms,Spring 2025,Enrolled,Female,Junior,22,2.99,3,8341.11,4968.79,2025-01-21
STU01831,Economics,Macroeconomics,Fall 2023,Completed,Male,Junior,27,3.8,2,21564.26,2206.42,2023-08-23
STU01832,Chemistry,Biochemistry,Fall 2024,Waitlisted,Male,Senior,22,3.34,4,18676.86,8875.74,2024-08-22
STU01833,History,Ancient Civilizations,Spring 2025,Dropped,Male,Graduate,28,3.09,3,11291.63,1369.11,2025-01-21
STU01834,Computer Science,Operating Systems,Spring 2025,Waitlisted,Female,Junior,26,2.69,4,12755.29,2195.44,2025-01-07
STU01835,Chemistry,Physical Chemistry,Spring 2024,Enrolled,Male,Freshman,20,3.69,1,10879.23,1408.67,2024-01-25
STU01836,Psychology,Cognitive Psychology,Spring 2025,Dropped,Male,Senior,20,2.46,2,11253.65,715.16,2025-01-22
STU01837,Mathematics,Differential Equations,Fall 2024,Dropped,Male,Sophomore,18,3.64,3,20255.98,6235.73,2024-08-26
STU01838,Mathematics,Calculus II,Fall 2024,Enrolled,Female,Senior,20,3.06,1,21947.1,125.61,2024-08-15
STU01839,History,Modern History,Fall 2023,Completed,Male,Freshman,25,3.22,2,15856.83,5039.09,2023-08-23
STU01840,English,Composition,Fall 2023,Waitlisted,Female,Junior,18,3.3,4,15410.41,6059.83,2023-09-04
STU01841,Biology,Anatomy,Spring 2025,Waitlisted,Female,Graduate,31,3.08,2,14030.94,3434.94,2025-01-20
STU01842,Biology,Genetics,Fall 2023,Enrolled,Male,Graduate,32,3.12,1,9997.35,3840.49,2023-09-03
STU01843,Physics,Optics,Spring 2024,Enrolled,Female,Sophomore,26,3.51,2,24863.27,1582.68,2024-01-21
STU01844,Biology,Ecology,Fall 2023,Waitlisted,Male,Sophomore,25,3.02,3,24622.62,11213.56,2023-08-29
STU01845,Computer Science,Algorithms,Spring 2025,Waitlisted,Male,Senior,22,3.22,1,17728.57,8872.56,2025-01-12
STU01846,Economics,Macroeconomics,Spring 2024,Completed,Male,Sophomore,25,3.12,4,18735.11,7578.95,2024-01-08
STU01847,Business Administration,Marketing,Spring 2023,Enrolled,Female,Graduate,27,2.29,1,21179.55,10170.81,2023-01-19
STU01848,Physics,Electromagnetism,Spring 2023,Completed,Female,Junior,28,2.75,4,17130.24,6210.67,2023-01-22
STU01849,Biology,Genetics,Spring 2025,Dropped,Male,Junior,22,4.0,1,14927.98,2740.79,2025-01-21
STU01850,Economics,Microeconomics,Spring 2023,Dropped,Male,Freshman,24,4.0,3,16771.72,4103.09,2023-01-30
STU01851,English,British Literature,Spring 2025,Completed,Female,Junior,28,2.6,2,13815.32,3970.28,2025-01-25
STU01852,Mathematics,Probability,Fall 2024,Enrolled,Male,Junior,24,3.1,3,12896.02,7376.45,2024-08-13
STU01853,Computer Science,Algorithms,Spring 2025,Enrolled,Male,Graduate,24,3.34,2,5509.45,210.27,2025-01-15
STU01854,Physics,Relativity,Spring 2024,Enrolled,Female,Sophomore,21,2.59,3,15918.05,327.22,2024-01-23
STU01855,English,Poetry,Spring 2024,Enrolled,Male,Graduate,31,2.56,2,12976.83,7041.76,2024-01-20
STU01856,Physics,Thermodynamics,Spring 2025,Enrolled,Male,Senior,28,3.25,2,8523.89,3100.39,2025-01-23
STU01857,Chemistry,Analytical Chemistry,Fall 2024,Waitlisted,Male,Junior,29,4.0,1,11188.65,4069.55,2024-08-12
STU01858,Computer Science,Web Dev,Spring 2023,Completed,Female,Sophomore,29,2.59,4,5489.61,2604.39,2023-01-11
STU01859,Computer Science,Operating Systems,Spring 2025,Completed,Male,Freshman,28,2.8,1,23270.22,5803.77,2025-01-22
STU01860,English,American Literature,Spring 2023,Waitlisted,Male,Senior,29,3.02,4,11997.0,4516.91,2023-01-15
STU01861,History,Modern History,Spring 2024,Waitlisted,Female,Freshman,26,3.74,3,23119.47,11978.84,2024-01-18
STU01862,Economics,International Economics,Spring 2025,Enrolled,Male,Graduate,29,3.48,3,17754.06,5391.02,2025-01-07
STU01863,Business Administration,Business Ethics,Fall 2024,Completed,Female,Graduate,31,3.36,2,21931.22,840.4,2024-08-23
STU01864,Physics,Electromagnetism,Spring 2024,Dropped,Male,Freshman,29,3.46,1,22666.99,6741.85,2024-01-24
STU01865,History,European History,Spring 2025,Enrolled,Male,Sophomore,25,2.71,3,12770.62,6633.52,2025-01-17
STU01866,English,Linguistics,Spring 2025,Completed,Female,Graduate,24,3.46,3,13076.22,1684.83,2025-01-16
STU01867,Physics,Thermodynamics,Spring 2024,Completed,Female,Freshman,28,2.67,4,14083.35,3260.52,2024-01-14
STU01868,Computer Science,Machine Learning,Spring 2025,Enrolled,Female,Sophomore,29,3.52,2,13959.91,1011.64,2025-01-18
STU01869,History,European History,Spring 2023,Completed,Female,Sophomore,22,2.7,4,10643.11,1489.51,2023-01-28
STU01870,Economics,Macroeconomics,Spring 2024,Enrolled,Male,Junior,29,2.85,3,15094.79,1354.45,2024-01-10
STU01871,English,American Literature,Fall 2023,Dropped,Female,Graduate,26,2.48,4,10028.6,1044.41,2023-09-05
STU01872,Mathematics,Probability,Spring 2025,Dropped,Male,Junior,27,3.32,4,9267.26,2141.02,2025-01-21
STU01873,Computer Science,Algorithms,Spring 2023,Waitlisted,Female,Freshman,24,3.57,3,8287.85,3998.6,2023-01-10
STU01874,Physics,Thermodynamics,Fall 2023,Completed,Non-binary,Freshman,22,3.13,2,7543.62,1803.95,2023-08-31
STU01875,History,Modern History,Fall 2023,Dropped,Male,Freshman,22,3.08,2,5741.04,1843.74,2023-08-20
STU01876,English,Poetry,Fall 2024,Enrolled,Female,Graduate,26,3.71,1,11783.29,785.21,2024-08-25
STU01877,Psychology,Social Psychology,Fall 2024,Completed,Non-binary,Sophomore,25,2.77,3,21239.63,4071.91,2024-09-01
STU01878,Physics,Mechanics,Fall 2024,Completed,Female,Sophomore,20,3.71,2,14045.49,135.75,2024-08-21
STU01879,Psychology,Developmental Psychology,Spring 2024,Enrolled,Male,Senior,20,3.06,3,11830.52,6847.19,2024-01-13
STU01880,History,Modern History,Spring 2025,Waitlisted,Male,Sophomore,27,3.07,3,19332.64,5072.29,2025-01-21
STU01881,Computer Science,Data Structures,Fall 2023,Completed,Male,Graduate,29,3.11,1,7530.91,2153.63,2023-09-02
STU01882,Computer Science,Operating Systems,Spring 2023,Completed,Male,Sophomore,29,2.53,4,10165.29,2932.4,2023-01-27
STU01883,Physics,Relativity,Spring 2024,Completed,Male,Junior,23,3.54,1,13296.95,6126.12,2024-01-15
STU01884,Biology,Ecology,Spring 2023,Completed,Female,Graduate,23,3.34,2,7458.22,908.73,2023-01-25
STU01885,Biology,Microbiology,Spring 2023,Enrolled,Male,Freshman,24,2.89,3,18092.42,7699.93,2023-01-30
STU01886,Psychology,Intro to Psychology,Spring 2025,Completed,Male,Senior,21,3.58,3,11280.88,3110.81,2025-01-12
STU01887,Mathematics,Discrete Math,Fall 2024,Completed,Male,Junior,25,3.6,3,11580.11,2719.85,2024-08-12
STU01888,Computer Science,Operating Systems,Spring 2025,Enrolled,Female,Senior,22,2.43,2,11860.88,2922.76,2025-01-11
STU01889,Economics,Econometrics,Fall 2023,Enrolled,Non-binary,Graduate,23,4.0,3,23403.94,690.3,2023-09-03
STU01890,Biology,Evolution,Spring 2024,Completed,Male,Freshman,19,3.15,1,16196.5,81.3,2024-01-09
STU01891,Chemistry,Biochemistry,Spring 2025,Completed,Male,Junior,21,3.22,3,18143.95,4779.43,2025-01-26
STU01892,Mathematics,Calculus I,Spring 2023,Dropped,Male,Senior,27,3.16,2,23402.28,6603.6,2023-01-26
STU01893,Business Administration,Management,Fall 2024,Enrolled,Female,Senior,26,3.04,4,24891.18,6273.66,2024-08-25
STU01894,Business Administration,Entrepreneurship,Spring 2025,Completed,Male,Freshman,26,3.5,1,14084.56,2017.75,2025-01-13
STU01895,Business Administration,Marketing,Spring 2023,Dropped,Male,Graduate,27,3.38,4,21653.66,2609.21,2023-01-27
STU01896,History,World History,Spring 2024,Dropped,Female,Graduate,24,3.5,1,19327.09,2600.56,2024-01-25
STU01897,History,Ancient Civilizations,Fall 2024,Enrolled,Female,Freshman,22,3.16,3,8076.52,3844.92,2024-08-26
STU01898,Mathematics,Linear Algebra,Spring 2025,Dropped,Female,Junior,18,3.51,3,23664.5,13323.51,2025-01-06
STU01899,English,British Literature,Spring 2025,Enrolled,Male,Freshman,29,3.66,3,18962.34,3538.07,2025-01-09
STU01900,Economics,Econometrics,Spring 2025,Enrolled,Female,Graduate,23,3.57,3,8493.0,4325.27,2025-01-17
STU01901,History,European History,Spring 2025,Enrolled,Female,Freshman,24,3.14,3,6037.64,3413.32,2025-01-26
STU01902,English,Poetry,Fall 2024,Dropped,Non-binary,Junior,24,4.0,3,11501.15,1091.18,2024-08-15
STU01903,Mathematics,Probability,Spring 2023,Completed,Female,Sophomore,21,3.35,4,22437.32,9253.7,2023-01-21
STU01904,Biology,Ecology,Spring 2025,Completed,Male,Senior,26,2.0,3,7954.93,2043.41,2025-01-13
STU01905,Physics,Electromagnetism,Fall 2023,Enrolled,Female,Graduate,29,2.95,3,6676.08,1934.31,2023-08-26
STU01906,Psychology,Developmental Psychology,Fall 2023,Completed,Male,Freshman,18,3.3,1,19699.66,1305.89,2023-08-19
STU01907,Business Administration,Business Ethics,Spring 2024,Enrolled,Female,Graduate,30,2.93,3,16886.63,6014.45,2024-01-13
STU01908,History,US History,Spring 2025,Enrolled,Female,Junior,26,3.26,1,7469.27,4392.16,2025-01-17
STU01909,English,American Literature,Spring 2024,Enrolled,Female,Junior,21,2.83,1,9120.97,807.49,2024-01-27
STU01910,Economics,Macroeconomics,Spring 2025,Waitlisted,Male,Sophomore,25,3.26,4,6257.85,2577.93,2025-01-06
STU01911,Biology,Genetics,Spring 2023,Enrolled,Male,Graduate,23,2.93,4,21202.51,3385.94,2023-01-28
STU01912,Economics,International Economics,Fall 2024,Waitlisted,Male,Sophomore,23,2.74,4,21507.56,12737.84,2024-08-31
STU01913,Business Administration,Management,Fall 2024,Completed,Non-binary,Junior,18,3.5,4,5106.48,1730.54,2024-08-16
STU01914,English,British Literature,Spring 2025,Waitlisted,Male,Junior,21,2.82,1,5532.05,1865.35,2025-01-23
STU01915,Physics,Thermodynamics,Spring 2025,Waitlisted,Male,Graduate,31,2.88,2,15390.04,4160.27,2025-01-26
STU01916,Mathematics,Differential Equations,Spring 2025,Completed,Female,Freshman,26,3.44,2,20503.22,9886.26,2025-01-14
STU01917,English,Linguistics,Fall 2024,Waitlisted,Female,Sophomore,24,2.95,4,15989.79,6508.67,2024-08-26
STU01918,Chemistry,Physical Chemistry,Spring 2025,Completed,Male,Graduate,22,2.45,4,12879.56,2050.27,2025-01-06
STU01919,Mathematics,Calculus II,Spring 2023,Completed,Female,Junior,26,3.61,4,18747.45,4190.36,2023-01-22
STU01920,Physics,Mechanics,Fall 2024,Enrolled,Female,Graduate,32,3.78,3,20194.43,9374.02,2024-08-21
STU01921,Computer Science,Networks,Spring 2024,Dropped,Male,Senior,28,2.32,2,19038.94,9546.75,2024-01-25
STU01922,Economics,Econometrics,Fall 2024,Completed,Male,Graduate,26,3.79,4,16753.89,2535.02,2024-08-30
STU01923,Physics,Optics,Spring 2025,Completed,Female,Graduate,34,4.0,1,6931.77,3958.45,2025-01-18
STU01924,English,Poetry,Spring 2023,Waitlisted,Female,Graduate,22,3.58,4,12478.56,4213.85,2023-01-14
STU01925,Physics,Relativity,Fall 2023,Waitlisted,Female,Sophomore,19,3.98,2,13720.97,5186.81,2023-08-31
STU01926,Computer Science,Networks,Fall 2024,Enrolled,Male,Senior,18,3.2,4,13046.19,1264.94,2024-08-16
STU01927,History,Ancient Civilizations,Fall 2024,Enrolled,Male,Freshman,24,4.0,3,23289.15,1259.2,2024-08-17
STU01928,English,American Literature,Fall 2024,Waitlisted,Female,Sophomore,28,2.83,3,17336.34,6226.91,2024-08-14
STU01929,History,US History,Fall 2023,Waitlisted,Female,Junior,24,3.61,4,7257.16,2323.11,2023-09-02
STU01930,Mathematics,Discrete Math,Fall 2023,Waitlisted,Male,Graduate,31,3.42,1,22451.48,6838.32,2023-08-20
STU01931,English,Creative Writing,Fall 2023,Waitlisted,Female,Freshman,24,2.62,3,16207.04,211.39,2023-08-24
STU01932,History,European History,Spring 2023,Waitlisted,Female,Freshman,19,2.69,2,7149.06,3629.37,2023-01-22
STU01933,Biology,Evolution,Fall 2024,Enrolled,Male,Junior,29,2.87,1,11325.85,6632.9,2024-08-13
STU01934,Physics,Optics,Spring 2024,Enrolled,Male,Sophomore,29,2.91,2,18275.97,5371.25,2024-01-28
STU01935,Economics,Microeconomics,Fall 2024,Waitlisted,Female,Freshman,29,3.11,3,21382.15,7019.26,2024-08-29
STU01936,Chemistry,General Chemistry,Spring 2024,Enrolled,Female,Freshman,23,3.41,4,11300.17,3902.28,2024-01-24
STU01937,Biology,Anatomy,Fall 2023,Completed,Male,Senior,22,2.9,4,9402.2,1134.88,2023-08-21
STU01938,Economics,Microeconomics,Fall 2024,Enrolled,Male,Sophomore,22,3.36,2,21236.26,9452.25,2024-08-27
STU01939,Economics,Macroeconomics,Spring 2025,Enrolled,Male,Senior,25,2.27,1,15100.56,276.31,2025-01-14
STU01940,Psychology,Intro to Psychology,Fall 2024,Enrolled,Female,Graduate,23,2.98,4,10324.67,3187.39,2024-08-22
STU01941,Psychology,Cognitive Psychology,Fall 2023,Enrolled,Female,Junior,23,3.59,4,19368.95,6080.98,2023-08-29
STU01942,History,Ancient Civilizations,Spring 2024,Completed,Female,Junior,18,3.33,4,9090.09,1843.31,2024-01-20
STU01943,Business Administration,Management,Fall 2023,Waitlisted,Female,Freshman,19,2.91,1,19672.44,7377.48,2023-09-05
STU01944,Biology,Cell Biology,Fall 2023,Completed,Female,Graduate,26,3.9,2,21049.2,522.54,2023-09-01
STU01945,English,Linguistics,Spring 2023,Enrolled,Non-binary,Senior,22,4.0,2,15264.4,7987.31,2023-01-13
STU01946,English,Poetry,Spring 2023,Dropped,Female,Graduate,23,3.04,2,16528.11,7854.19,2023-01-12
STU01947,Psychology,Social Psychology,Fall 2024,Enrolled,Male,Senior,24,2.75,2,10825.87,939.97,2024-08-12
STU01948,Biology,Evolution,Fall 2023,Completed,Female,Graduate,27,3.31,1,9452.98,4068.96,2023-09-01
STU01949,Computer Science,Operating Systems,Fall 2023,Completed,Female,Freshman,29,2.07,2,11517.8,3287.1,2023-08-26
STU01950,English,American Literature,Spring 2025,Dropped,Male,Senior,20,4.0,1,17877.88,5906.28,2025-01-20
STU01951,Physics,Electromagnetism,Fall 2024,Completed,Male,Senior,19,2.42,3,22604.96,13032.72,2024-08-17
STU01952,Biology,Evolution,Fall 2024,Enrolled,Female,Senior,28,2.14,4,13315.72,4802.31,2024-08-31
STU01953,History,European History,Spring 2025,Enrolled,Female,Junior,18,3.51,1,15416.31,2484.1,2025-01-19
STU01954,History,World History,Fall 2024,Completed,Female,Sophomore,29,2.68,1,16044.45,6362.98,2024-08-29
STU01955,Mathematics,Calculus I,Fall 2023,Dropped,Male,Graduate,34,3.37,3,15678.57,5606.17,2023-08-24
STU01956,Physics,Relativity,Fall 2023,Completed,Female,Senior,19,3.01,3,8405.38,3192.03,2023-08-22
STU01957,Psychology,Social Psychology,Fall 2023,Completed,Male,Freshman,26,2.8,4,17686.59,8683.92,2023-08-18
STU01958,Biology,Cell Biology,Fall 2024,Completed,Male,Freshman,29,3.37,4,7522.72,4209.62,2024-08-16
STU01959,Economics,Microeconomics,Spring 2023,Enrolled,Male,Freshman,26,2.58,1,23179.62,8872.19,2023-01-28
STU01960,Biology,Microbiology,Fall 2024,Completed,Male,Graduate,29,3.94,1,9379.4,2794.4,2024-08-21
STU01961,Psychology,Cognitive Psychology,Spring 2025,Completed,Male,Freshman,18,2.05,2,7641.34,1219.08,2025-01-19
STU01962,English,British Literature,Spring 2025,Enrolled,Male,Freshman,22,3.34,4,5605.86,2592.07,2025-01-22
STU01963,History,US History,Spring 2025,Completed,Male,Sophomore,22,3.61,3,16806.26,9424.8,2025-01-18
STU01964,Economics,Microeconomics,Spring 2025,Enrolled,Male,Graduate,24,4.0,3,13586.46,3325.03,2025-01-22
STU01965,Psychology,Cognitive Psychology,Spring 2023,Waitlisted,Male,Freshman,25,3.63,4,19569.42,0.62,2023-01-22
STU01966,Psychology,Developmental Psychology,Spring 2023,Completed,Female,Junior,18,3.58,3,21284.18,11544.31,2023-01-13
STU01967,Computer Science,Algorithms,Spring 2025,Completed,Male,Freshman,21,3.07,1,9120.47,4533.48,2025-01-25
STU01968,History,Modern History,Spring 2023,Enrolled,Female,Graduate,24,3.71,1,15111.72,3746.53,2023-01-24
STU01969,Computer Science,Networks,Spring 2025,Completed,Male,Graduate,28,1.83,4,8239.34,3464.57,2025-01-24
STU01970,Economics,Macroeconomics,Fall 2024,Completed,Male,Senior,20,3.26,4,16660.37,9085.74,2024-08-20
STU01971,Physics,Quantum Physics,Fall 2024,Enrolled,Male,Sophomore,18,3.03,4,5469.18,1080.98,2024-08-14
STU01972,Chemistry,Organic Chemistry,Spring 2024,Enrolled,Female,Sophomore,20,2.77,1,9939.26,4710.53,2024-01-19
STU01973,Economics,International Economics,Fall 2024,Completed,Male,Senior,27,3.54,2,10327.55,5573.49,2024-08-30
STU01974,English,American Literature,Spring 2025,Completed,Male,Senior,28,4.0,4,13052.23,6972.26,2025-01-17
STU01975,History,Ancient Civilizations,Spring 2024,Enrolled,Male,Graduate,32,3.01,2,7451.66,4148.79,2024-01-23
STU01976,Biology,Genetics,Fall 2024,Completed,Female,Graduate,24,3.96,3,19689.74,4337.73,2024-08-17
STU01977,Economics,Game Theory,Spring 2025,Dropped,Male,Junior,21,3.1,2,18799.29,3775.67,2025-01-18
STU01978,History,US History,Spring 2024,Completed,Male,Graduate,27,2.63,4,18972.71,8013.34,2024-01-28
STU01979,Computer Science,Machine Learning,Fall 2023,Completed,Male,Senior,19,2.43,4,10371.98,3325.58,2023-08-22
STU01980,Physics,Quantum Physics,Spring 2023,Enrolled,Female,Sophomore,29,2.99,3,17670.71,2635.08,2023-01-24
STU01981,Business Administration,Finance,Fall 2024,Completed,Female,Sophomore,20,2.75,4,24790.4,3905.56,2024-08-31
STU01982,English,Composition,Fall 2023,Completed,Female,Senior,24,3.74,3,20445.18,5331.99,2023-08-24
STU01983,Business Administration,Entrepreneurship,Fall 2024,Completed,Male,Freshman,25,2.57,1,7920.34,1374.23,2024-08-19
STU01984,Mathematics,Calculus I,Spring 2023,Waitlisted,Male,Freshman,22,2.61,3,20168.17,2721.57,2023-01-23
STU01985,English,American Literature,Fall 2024,Waitlisted,Male,Freshman,22,2.43,3,24933.45,13363.33,2024-08-15
STU01986,Business Administration,Accounting,Fall 2024,Dropped,Male,Sophomore,23,3.53,3,21506.43,10527.23,2024-08-27
STU01987,Chemistry,General Chemistry,Spring 2025,Enrolled,Female,Sophomore,27,3.31,4,17186.07,4819.22,2025-01-09
STU01988,Mathematics,Discrete Math,Spring 2025,Completed,Female,Senior,19,3.61,3,15240.47,5018.76,2025-01-23
STU01989,Biology,Cell Biology,Fall 2024,Enrolled,Male,Freshman,18,3.41,2,23044.91,12108.49,2024-08-17
STU01990,History,Ancient Civilizations,Spring 2024,Enrolled,Male,Junior,20,3.14,4,23868.56,1410.56,2024-01-11
STU01991,Business Administration,Entrepreneurship,Fall 2023,Waitlisted,Non-binary,Graduate,22,3.71,3,15103.31,6778.68,2023-08-16
STU01992,English,Creative Writing,Spring 2025,Enrolled,Male,Junior,29,3.09,4,22613.37,5389.79,2025-01-09
STU01993,Physics,Mechanics,Spring 2025,Dropped,Female,Junior,22,3.76,3,12356.94,4116.81,2025-01-26
STU01994,Mathematics,Linear Algebra,Fall 2024,Dropped,Male,Graduate,32,2.62,4,21100.35,4682.87,2024-08-24
STU01995,Physics,Thermodynamics,Spring 2025,Enrolled,Male,Graduate,32,3.43,1,14977.46,8889.29,2025-01-08
STU01996,Economics,Econometrics,Spring 2025,Enrolled,Male,Junior,28,2.4,3,6486.63,3803.9,2025-01-24
STU01997,Economics,International Economics,Spring 2024,Enrolled,Non-binary,Senior,24,2.52,1,23127.83,7356.25,2024-01-12
STU01998,English,Poetry,Spring 2023,Waitlisted,Female,Freshman,22,2.34,1,19441.95,2031.89,2023-01-15
STU01999,Chemistry,Analytical Chemistry,Fall 2023,Completed,Male,Junior,19,2.58,4,18877.61,10015.03,2023-08-23
STU02000,English,British Literature,Spring 2025,Waitlisted,Female,Senior,25,3.75,3,12658.19,1907.53,2025-01-09
STU02001,Physics,Thermodynamics,Fall 2024,Completed,Female,Junior,18,2.62,1,13132.51,4418.92,2024-08-19
STU02002,Economics,Microeconomics,Spring 2025,Waitlisted,Female,Freshman,24,2.28,1,9033.1,424.06,2025-01-14
STU02003,Physics,Mechanics,Fall 2023,Enrolled,Male,Graduate,33,2.48,2,19700.46,2229.55,2023-08-21
STU02004,Mathematics,Differential Equations,Spring 2023,Completed,Female,Junior,20,3.27,1,15933.59,6780.99,2023-01-28
STU02005,Physics,Optics,Fall 2024,Waitlisted,Male,Junior,19,3.79,1,20827.05,7264.89,2024-08-27
STU02006,Business Administration,Marketing,Spring 2023,Enrolled,Female,Freshman,24,3.17,2,8835.47,265.41,2023-01-22
STU02007,Mathematics,Probability,Spring 2025,Enrolled,Female,Sophomore,29,3.05,2,18906.38,4644.71,2025-01-23
STU02008,Computer Science,Data Structures,Spring 2024,Completed,Male,Sophomore,21,3.01,4,5589.53,597.84,2024-01-16
STU02009,Business Administration,Business Ethics,Fall 2023,Enrolled,Female,Freshman,24,3.5,4,5940.78,3133.56,2023-08-30
STU02010,Physics,Optics,Spring 2023,Enrolled,Male,Sophomore,20,3.85,2,18296.0,3722.84,2023-01-30
STU02011,Mathematics,Probability,Spring 2025,Enrolled,Female,Sophomore,22,3.92,2,6884.81,2618.02,2025-01-12
STU02012,History,Modern History,Fall 2023,Completed,Female,Sophomore,26,3.4,4,20284.88,6567.63,2023-08-18
STU02013,Chemistry,Biochemistry,Fall 2024,Completed,Female,Junior,25,1.9,3,8607.12,4345.82,2024-08-28
STU02014,Physics,Mechanics,Spring 2023,Completed,Female,Freshman,27,3.41,4,5251.9,302.53,2023-01-26
STU02015,Mathematics,Probability,Spring 2025,Completed,Male,Freshman,22,3.16,3,6737.26,2836.58,2025-01-25
STU02016,Business Administration,Accounting,Fall 2024,Completed,Female,Graduate,22,2.8,3,6186.18,1133.28,2024-08-27
STU02017,English,Composition,Spring 2024,Dropped,Male,Junior,20,2.84,4,21682.51,105.98,2024-01-14
STU02018,English,Poetry,Spring 2025,Enrolled,Female,Freshman,19,3.3,3,16659.97,4014.92,2025-01-26
STU02019,History,Ancient Civilizations,Spring 2025,Enrolled,Female,Senior,29,3.49,4,13647.93,6785.75,2025-01-23
STU02020,Economics,International Economics,Fall 2023,Completed,Male,Freshman,29,2.86,2,8777.4,3692.52,2023-08-25
STU02021,English,Composition,Spring 2025,Completed,Male,Freshman,23,2.57,4,19511.36,2690.53,2025-01-21
STU02022,Physics,Electromagnetism,Fall 2024,Enrolled,Male,Senior,23,2.57,4,7089.65,1010.34,2024-08-31
STU02023,Physics,Thermodynamics,Spring 2024,Enrolled,Male,Junior,29,2.51,3,13970.85,5249.5,2024-01-23
STU02024,Biology,Genetics,Spring 2024,Completed,Male,Sophomore,28,2.52,4,12099.9,526.69,2024-01-17
STU02025,Computer Science,Web Dev,Spring 2025,Enrolled,Male,Senior,26,2.83,3,24803.52,1128.83,2025-01-26
STU02026,Physics,Electromagnetism,Spring 2024,Completed,Male,Senior,21,3.55,1,19712.85,5760.28,2024-01-11
STU02027,Chemistry,Organic Chemistry,Spring 2024,Enrolled,Female,Graduate,22,3.11,1,12202.84,3404.85,2024-01-15
STU02028,Business Administration,Finance,Spring 2024,Enrolled,Male,Sophomore,18,3.55,3,9139.73,5035.22,2024-01-23
STU02029,Business Administration,Management,Spring 2023,Completed,Male,Sophomore,22,2.82,3,7244.82,1265.92,2023-01-19
STU02030,Biology,Ecology,Fall 2024,Waitlisted,Male,Junior,26,2.94,3,21086.41,11377.18,2024-08-26
STU02031,Business Administration,Accounting,Fall 2024,Waitlisted,Non-binary,Graduate,22,4.0,2,10921.28,4655.25,2024-08-24
STU02032,Business Administration,Entrepreneurship,Fall 2023,Dropped,Female,Senior,23,3.13,1,21639.8,7424.81,2023-08-31
STU02033,English,Poetry,Spring 2025,Enrolled,Male,Junior,24,4.0,1,6900.93,3935.74,2025-01-19
STU02034,Psychology,Abnormal Psychology,Spring 2024,Waitlisted,Female,Junior,29,2.75,1,15909.13,9068.86,2024-01-22
STU02035,Economics,International Economics,Spring 2025,Dropped,Male,Sophomore,24,2.77,3,24170.91,2058.39,2025-01-23
STU02036,Computer Science,Networks,Fall 2023,Completed,Male,Graduate,22,3.17,4,17475.44,1981.9,2023-08-24
STU02037,Psychology,Cognitive Psychology,Spring 2025,Waitlisted,Female,Junior,19,1.91,2,11446.77,4192.22,2025-01-12
STU02038,Biology,Anatomy,Fall 2024,Enrolled,Male,Sophomore,28,3.44,3,10692.21,2331.16,2024-08-24
STU02039,Biology,Microbiology,Spring 2024,Dropped,Male,Junior,29,3.77,2,24278.87,2267.77,2024-01-10
STU02040,Physics,Thermodynamics,Spring 2023,Completed,Female,Freshman,28,2.69,3,13367.67,3535.92,2023-01-18
STU02041,Economics,Macroeconomics,Spring 2024,Enrolled,Male,Senior,26,3.14,3,8734.66,1813.05,2024-01-19
STU02042,Mathematics,Linear Algebra,Spring 2024,Enrolled,Female,Junior,19,2.88,2,5881.84,1390.42,2024-01-17
STU02043,Business Administration,Finance,Fall 2023,Enrolled,Male,Junior,29,3.8,4,21534.55,1381.48,2023-08-24
STU02044,English,American Literature,Fall 2023,Completed,Female,Senior,22,3.76,3,20725.86,10964.67,2023-09-03
STU02045,History,US History,Fall 2023,Dropped,Male,Junior,25,2.34,3,18224.67,7762.67,2023-08-15
STU02046,Business Administration,Entrepreneurship,Spring 2023,Completed,Female,Sophomore,27,3.35,4,22819.91,6793.61,2023-01-24
STU02047,Mathematics,Calculus I,Spring 2023,Enrolled,Male,Sophomore,19,3.42,1,12048.72,5154.56,2023-01-24
STU02048,English,British Literature,Spring 2024,Completed,Female,Senior,18,2.59,4,10045.38,944.15,2024-01-28
STU02049,Psychology,Intro to Psychology,Spring 2024,Completed,Male,Sophomore,23,2.97,1,6370.06,1952.06,2024-01-11
STU02050,Biology,Microbiology,Fall 2023,Dropped,Female,Sophomore,23,2.53,2,20343.36,8053.56,2023-08-16
STU02051,Computer Science,Intro to CS,Spring 2023,Dropped,Male,Freshman,25,3.47,1,19157.24,1762.04,2023-01-30
STU02052,Biology,Genetics,Spring 2025,Waitlisted,Male,Junior,27,2.65,3,9838.12,2352.31,2025-01-14
STU02053,History,Ancient Civilizations,Spring 2023,Dropped,Female,Senior,21,2.79,1,5878.09,2305.5,2023-01-14
STU02054,Computer Science,Machine Learning,Fall 2024,Enrolled,Female,Freshman,19,3.35,3,5452.09,797.67,2024-08-18
STU02055,Mathematics,Discrete Math,Spring 2025,Completed,Female,Senior,27,3.05,2,13084.4,3528.73,2025-01-06
STU02056,Physics,Optics,Spring 2023,Completed,Female,Junior,19,3.67,3,22204.96,9164.86,2023-01-15
STU02057,Psychology,Abnormal Psychology,Fall 2023,Enrolled,Female,Junior,27,2.68,2,13843.12,593.89,2023-08-30
STU02058,English,British Literature,Spring 2024,Completed,Male,Senior,26,3.4,4,19832.06,4598.38,2024-01-10
STU02059,Biology,Genetics,Spring 2023,Enrolled,Male,Sophomore,20,3.6,2,5951.66,1376.51,2023-01-28
STU02060,Business Administration,Business Ethics,Fall 2024,Dropped,Female,Graduate,26,3.23,3,18767.48,3320.33,2024-08-24
STU02061,English,Composition,Spring 2023,Completed,Female,Junior,24,3.53,2,23365.16,8453.57,2023-01-17
STU02062,Psychology,Intro to Psychology,Fall 2023,Enrolled,Male,Junior,19,2.78,2,20833.9,2414.54,2023-08-22
STU02063,Economics,International Economics,Fall 2024,Completed,Male,Sophomore,27,3.11,4,8244.71,2059.61,2024-08-14
STU02064,Economics,Game Theory,Fall 2024,Dropped,Female,Sophomore,18,2.65,1,24743.36,4720.44,2024-08-16
STU02065,Business Administration,Marketing,Spring 2025,Waitlisted,Female,Freshman,24,3.41,3,14571.67,6112.29,2025-01-20
STU02066,Computer Science,Databases,Spring 2024,Completed,Non-binary,Freshman,27,3.11,1,23042.44,12684.26,2024-01-10
STU02067,English,American Literature,Fall 2024,Waitlisted,Female,Junior,19,2.77,1,22407.92,4828.84,2024-09-02
STU02068,Chemistry,Analytical Chemistry,Fall 2024,Enrolled,Male,Freshman,18,2.34,3,19892.07,567.14,2024-08-12
STU02069,Physics,Thermodynamics,Spring 2024,Waitlisted,Non-binary,Sophomore,29,3.78,1,15301.69,6295.49,2024-01-28
STU02070,Computer Science,Networks,Fall 2023,Enrolled,Female,Senior,21,2.17,3,16599.36,9442.25,2023-08-21
STU02071,Chemistry,General Chemistry,Fall 2024,Completed,Female,Sophomore,21,3.15,2,5479.51,1029.14,2024-08-31
STU02072,Mathematics,Statistics,Fall 2024,Enrolled,Female,Senior,29,2.07,4,16078.83,4346.9,2024-08-29
STU02073,Physics,Mechanics,Fall 2024,Enrolled,Male,Junior,20,3.26,3,11381.5,5238.99,2024-08-14
STU02074,Economics,Macroeconomics,Spring 2025,Enrolled,Male,Sophomore,20,2.72,2,9618.83,4290.97,2025-01-16
STU02075,Economics,Microeconomics,Spring 2025,Enrolled,Female,Senior,18,3.39,4,9300.1,3993.29,2025-01-16
STU02076,Biology,Evolution,Spring 2025,Enrolled,Male,Graduate,32,3.41,3,11922.14,1234.72,2025-01-19
STU02077,Economics,International Economics,Fall 2024,Enrolled,Female,Graduate,33,2.07,2,16098.2,1816.27,2024-08-20
STU02078,English,Linguistics,Fall 2024,Completed,Female,Junior,18,2.76,4,10155.1,1379.65,2024-08-24
STU02079,English,British Literature,Spring 2023,Completed,Female,Graduate,23,2.35,4,10437.21,1062.75,2023-01-20
STU02080,English,Composition,Spring 2023,Enrolled,Male,Junior,29,3.1,4,20401.78,5659.39,2023-01-27
STU02081,Economics,Game Theory,Spring 2025,Enrolled,Male,Graduate,26,2.74,2,11736.38,3906.1,2025-01-11
STU02082,Business Administration,Accounting,Fall 2024,Dropped,Male,Graduate,33,2.85,2,14151.38,2277.94,2024-08-23
STU02083,Biology,Evolution,Spring 2024,Dropped,Female,Graduate,26,3.41,1,18727.33,206.25,2024-01-10
STU02084,Psychology,Intro to Psychology,Fall 2024,Enrolled,Female,Sophomore,25,3.83,2,13503.79,3706.48,2024-09-01
STU02085,English,Composition,Spring 2023,Completed,Female,Graduate,31,3.76,4,17848.53,9970.4,2023-01-21
STU02086,Psychology,Abnormal Psychology,Fall 2023,Enrolled,Male,Freshman,22,2.51,2,17948.94,3677.81,2023-08-26
STU02087,Economics,Macroeconomics,Spring 2025,Waitlisted,Male,Freshman,20,2.74,1,9854.3,5863.35,2025-01-21
STU02088,Economics,Macroeconomics,Spring 2025,Completed,Male,Senior,26,2.66,3,16510.4,9165.89,2025-01-14
STU02089,Biology,Anatomy,Fall 2024,Waitlisted,Male,Freshman,29,3.73,1,12108.11,5960.8,2024-08-17
STU02090,Chemistry,General Chemistry,Fall 2023,Dropped,Female,Freshman,22,3.53,3,24720.56,2676.11,2023-09-01
STU02091,Economics,Microeconomics,Spring 2024,Enrolled,Male,Graduate,22,2.59,3,13427.54,6395.56,2024-01-25
STU02092,English,Composition,Spring 2024,Enrolled,Female,Senior,25,2.85,1,10135.39,212.12,2024-01-11
STU02093,Economics,Microeconomics,Spring 2024,Enrolled,Male,Senior,18,2.79,4,6910.88,2732.01,2024-01-28
STU02094,Psychology,Intro to Psychology,Spring 2024,Completed,Female,Senior,28,3.05,1,5661.04,3.84,2024-01-16
STU02095,History,World History,Spring 2025,Dropped,Male,Junior,21,2.93,1,10290.93,3173.91,2025-01-11
STU02096,Mathematics,Calculus II,Fall 2024,Completed,Female,Senior,29,3.11,4,23515.03,9105.19,2024-08-14
STU02097,English,American Literature,Fall 2024,Completed,Male,Graduate,25,3.48,4,24429.68,6836.31,2024-08-15
STU02098,Biology,Anatomy,Spring 2024,Enrolled,Male,Freshman,26,2.74,4,20793.47,9217.39,2024-01-17
STU02099,Mathematics,Discrete Math,Fall 2023,Enrolled,Female,Graduate,34,3.11,1,7262.12,3609.01,2023-08-22
STU02100,Chemistry,Physical Chemistry,Spring 2023,Completed,Male,Senior,28,3.26,3,10867.92,5723.95,2023-01-16
STU02101,Physics,Mechanics,Fall 2023,Enrolled,Male,Sophomore,29,3.1,1,10493.75,4084.04,2023-08-24
STU02102,Biology,Microbiology,Spring 2024,Enrolled,Female,Sophomore,22,2.89,4,18570.34,2210.73,2024-01-26
STU02103,Computer Science,Databases,Fall 2023,Enrolled,Female,Senior,21,3.2,2,12960.13,2833.5,2023-08-16
STU02104,Economics,Microeconomics,Spring 2023,Enrolled,Female,Graduate,29,3.59,1,9983.49,4305.73,2023-01-14
STU02105,Economics,International Economics,Spring 2024,Completed,Male,Graduate,31,3.31,3,12170.15,864.17,2024-01-23
STU02106,Psychology,Intro to Psychology,Spring 2024,Enrolled,Male,Senior,20,2.85,1,20745.01,5087.6,2024-01-17
STU02107,Mathematics,Calculus I,Fall 2023,Waitlisted,Male,Senior,22,3.62,2,21304.13,1083.04,2023-09-02
STU02108,Physics,Mechanics,Spring 2023,Enrolled,Male,Sophomore,26,3.43,4,15075.47,5842.81,2023-01-30
STU02109,Psychology,Social Psychology,Fall 2024,Completed,Non-binary,Sophomore,29,3.64,4,14627.65,689.2,2024-08-19
STU02110,Mathematics,Discrete Math,Spring 2023,Enrolled,Male,Senior,24,3.21,1,8098.84,4125.72,2023-01-10
STU02111,English,Creative Writing,Spring 2024,Enrolled,Female,Junior,26,3.52,1,11701.85,242.26,2024-01-20
STU02112,Chemistry,Organic Chemistry,Fall 2023,Enrolled,Female,Sophomore,25,3.76,2,20368.96,2508.71,2023-09-02
STU02113,Economics,International Economics,Spring 2024,Enrolled,Male,Graduate,27,3.33,1,6778.59,236.58,2024-01-18
STU02114,Physics,Relativity,Spring 2023,Completed,Female,Freshman,18,2.44,4,19688.09,6787.36,2023-01-17
STU02115,Psychology,Intro to Psychology,Fall 2024,Enrolled,Female,Junior,19,3.35,2,9344.48,4003.92,2024-08-24
STU02116,Chemistry,Analytical Chemistry,Spring 2023,Completed,Female,Senior,27,3.13,1,10579.32,1145.03,2023-01-25
STU02117,Biology,Evolution,Fall 2024,Enrolled,Male,Sophomore,24,2.78,2,24810.64,11935.12,2024-08-29
STU02118,Economics,Game Theory,Spring 2025,Completed,Male,Sophomore,21,2.8,2,7004.83,3016.67,2025-01-14
STU02119,Business Administration,Entrepreneurship,Fall 2023,Dropped,Male,Freshman,27,3.07,4,7975.77,2672.13,2023-08-20
STU02120,Mathematics,Discrete Math,Spring 2023,Waitlisted,Male,Freshman,20,2.99,3,21899.01,3.16,2023-01-25
STU02121,Chemistry,Analytical Chemistry,Fall 2023,Completed,Non-binary,Junior,21,3.05,3,7552.46,3417.78,2023-08-16
STU02122,Psychology,Developmental Psychology,Fall 2023,Enrolled,Female,Graduate,27,3.09,4,23956.74,5277.18,2023-08-29
STU02123,History,Modern History,Fall 2024,Waitlisted,Female,Graduate,23,3.31,2,5409.54,1693.86,2024-08-14
STU02124,Economics,Econometrics,Spring 2023,Completed,Male,Graduate,33,2.17,1,17943.36,7395.03,2023-01-25
STU02125,Chemistry,Biochemistry,Spring 2025,Waitlisted,Female,Sophomore,21,2.77,3,14455.87,5873.08,2025-01-12
STU02126,English,American Literature,Fall 2024,Enrolled,Male,Junior,18,2.94,4,8978.35,429.55,2024-08-31
STU02127,Chemistry,Biochemistry,Fall 2024,Completed,Male,Graduate,34,2.6,2,11617.74,1880.65,2024-08-29
STU02128,Chemistry,Organic Chemistry,Fall 2024,Enrolled,Female,Junior,19,2.67,2,16383.02,9123.11,2024-08-30
STU02129,Economics,Game Theory,Spring 2024,Enrolled,Female,Junior,27,2.76,2,11989.48,5336.32,2024-01-12
STU02130,Biology,Anatomy,Spring 2025,Dropped,Male,Senior,26,2.84,3,9680.56,3415.8,2025-01-22
STU02131,Biology,Microbiology,Spring 2024,Enrolled,Female,Graduate,32,4.0,3,14835.81,5033.4,2024-01-20
STU02132,Physics,Thermodynamics,Fall 2024,Enrolled,Non-binary,Graduate,23,2.65,4,7192.56,3235.04,2024-08-16
STU02133,Computer Science,Data Structures,Fall 2023,Waitlisted,Female,Senior,19,2.44,3,14706.9,7325.6,2023-09-02
STU02134,Psychology,Developmental Psychology,Spring 2024,Enrolled,Non-binary,Senior,21,2.98,1,16589.88,6620.68,2024-01-14
STU02135,Economics,International Economics,Spring 2024,Enrolled,Male,Junior,18,3.18,1,11495.98,2023.68,2024-01-21
STU02136,Computer Science,Data Structures,Fall 2023,Completed,Male,Freshman,24,3.63,4,14007.66,2732.61,2023-08-24
STU02137,Biology,Cell Biology,Spring 2025,Completed,Male,Junior,23,2.43,3,12472.82,2491.41,2025-01-10
STU02138,Chemistry,Analytical Chemistry,Fall 2023,Enrolled,Female,Junior,28,2.86,3,14532.48,7548.47,2023-08-23
STU02139,Biology,Genetics,Spring 2023,Completed,Female,Sophomore,23,3.73,4,20189.73,10733.76,2023-01-13
STU02140,Biology,Anatomy,Fall 2024,Waitlisted,Male,Graduate,22,3.44,3,23556.2,4701.68,2024-08-22
STU02141,Economics,Microeconomics,Spring 2023,Dropped,Male,Senior,28,3.84,2,13586.43,7875.15,2023-01-19
STU02142,Physics,Electromagnetism,Fall 2023,Enrolled,Female,Senior,27,2.08,4,19984.73,11227.58,2023-08-22
STU02143,Economics,Macroeconomics,Fall 2023,Dropped,Male,Senior,24,2.76,4,23244.59,12451.61,2023-09-05
STU02144,Physics,Relativity,Spring 2025,Waitlisted,Female,Freshman,26,3.33,3,15092.82,8834.46,2025-01-07
STU02145,Biology,Evolution,Spring 2024,Dropped,Female,Junior,18,3.63,1,22335.28,6958.24,2024-01-24
STU02146,Economics,Game Theory,Fall 2024,Dropped,Female,Junior,29,2.73,2,5231.44,940.38,2024-08-19
STU02147,Mathematics,Discrete Math,Spring 2025,Completed,Male,Senior,28,2.43,2,5018.86,2280.02,2025-01-09
STU02148,Biology,Ecology,Spring 2024,Enrolled,Female,Sophomore,26,3.4,4,21198.26,5853.35,2024-01-12
STU02149,Business Administration,Management,Spring 2025,Completed,Female,Freshman,24,3.45,4,14542.6,3905.77,2025-01-21
STU02150,Computer Science,Operating Systems,Fall 2024,Enrolled,Male,Senior,23,1.85,4,15535.38,2952.19,2024-08-29
STU02151,History,World History,Spring 2024,Enrolled,Male,Junior,29,3.23,4,19055.82,5176.72,2024-01-23
STU02152,Physics,Electromagnetism,Fall 2023,Completed,Female,Graduate,27,2.63,2,22547.49,10050.44,2023-08-17
STU02153,Computer Science,Operating Systems,Spring 2024,Dropped,Male,Sophomore,24,2.39,1,24658.9,4055.94,2024-01-11
STU02154,Business Administration,Business Ethics,Fall 2024,Enrolled,Female,Junior,19,3.59,4,13843.08,472.11,2024-08-12
STU02155,Physics,Thermodynamics,Spring 2023,Completed,Female,Sophomore,19,3.78,2,18115.93,5402.43,2023-01-23
STU02156,History,European History,Fall 2023,Enrolled,Female,Graduate,27,4.0,1,17246.23,7410.78,2023-09-01
STU02157,Business Administration,Business Ethics,Spring 2025,Waitlisted,Female,Sophomore,21,2.71,3,9425.53,912.86,2025-01-17
STU02158,Psychology,Abnormal Psychology,Spring 2025,Waitlisted,Male,Sophomore,26,3.47,1,24571.57,14233.46,2025-01-15
STU02159,Mathematics,Differential Equations,Spring 2023,Dropped,Male,Freshman,18,2.56,4,15644.92,5696.56,2023-01-17
STU02160,Psychology,Social Psychology,Fall 2024,Enrolled,Female,Sophomore,24,2.64,1,11755.12,4958.53,2024-09-02
STU02161,English,American Literature,Spring 2025,Completed,Male,Graduate,25,4.0,1,17666.24,4902.28,2025-01-18
STU02162,History,US History,Fall 2023,Completed,Female,Sophomore,20,3.33,3,10697.12,155.58,2023-08-28
STU02163,Business Administration,Accounting,Spring 2024,Completed,Female,Sophomore,19,2.7,2,20085.65,247.19,2024-01-08
STU02164,Business Administration,Marketing,Spring 2023,Enrolled,Male,Senior,24,3.21,4,17870.48,163.12,2023-01-24
STU02165,History,Modern History,Fall 2024,Completed,Female,Graduate,34,3.2,3,5311.25,2058.53,2024-08-18
STU02166,Business Administration,Entrepreneurship,Fall 2024,Completed,Female,Graduate,23,2.99,4,9646.71,3611.41,2024-08-15
STU02167,Physics,Optics,Spring 2025,Enrolled,Male,Freshman,26,3.26,3,16343.26,5426.91,2025-01-18
STU02168,Chemistry,General Chemistry,Fall 2024,Completed,Male,Junior,23,2.68,1,23300.65,12131.93,2024-08-24
STU02169,English,Composition,Fall 2023,Enrolled,Male,Sophomore,21,3.44,4,15385.6,7920.06,2023-08-18
STU02170,Business Administration,Business Ethics,Spring 2023,Dropped,Male,Sophomore,22,3.43,1,22773.86,3282.54,2023-01-15
STU02171,Biology,Microbiology,Fall 2023,Enrolled,Female,Junior,21,4.0,2,10153.14,2231.1,2023-08-17
STU02172,Economics,Macroeconomics,Spring 2024,Enrolled,Female,Freshman,18,2.7,3,7622.42,2082.59,2024-01-14
STU02173,English,Creative Writing,Spring 2024,Waitlisted,Female,Senior,19,1.91,1,23309.54,1756.78,2024-01-27
STU02174,Business Administration,Accounting,Spring 2024,Completed,Male,Senior,18,2.82,1,13909.55,7291.44,2024-01-09
STU02175,English,British Literature,Fall 2023,Waitlisted,Male,Freshman,20,3.03,2,13487.93,6962.77,2023-08-29
STU02176,Psychology,Social Psychology,Spring 2023,Completed,Female,Junior,19,2.33,1,18792.71,5291.91,2023-01-15
STU02177,Economics,International Economics,Spring 2024,Completed,Male,Junior,25,2.03,3,15771.67,2369.95,2024-01-15
STU02178,English,Creative Writing,Spring 2025,Completed,Female,Senior,24,2.45,4,14895.89,7589.15,2025-01-09
STU02179,Psychology,Intro to Psychology,Fall 2024,Completed,Female,Graduate,30,3.27,1,11024.51,122.84,2024-08-19
STU02180,Physics,Quantum Physics,Spring 2024,Completed,Female,Junior,21,2.62,2,9538.02,5318.1,2024-01-28
STU02181,Physics,Electromagnetism,Spring 2023,Enrolled,Male,Freshman,22,2.74,1,9683.89,3028.74,2023-01-12
STU02182,Chemistry,General Chemistry,Spring 2025,Enrolled,Female,Senior,25,3.42,2,11108.63,2142.6,2025-01-10
STU02183,History,Modern History,Fall 2024,Waitlisted,Male,Freshman,21,3.41,2,8343.92,142.47,2024-09-01
STU02184,Computer Science,Databases,Fall 2024,Dropped,Male,Sophomore,21,2.79,4,24519.66,4872.75,2024-08-19
STU02185,Mathematics,Calculus I,Fall 2024,Dropped,Male,Junior,24,3.53,4,20681.24,7724.64,2024-08-16
STU02186,Chemistry,Physical Chemistry,Fall 2024,Waitlisted,Female,Junior,21,3.17,3,15837.6,867.06,2024-08-21
STU02187,Psychology,Cognitive Psychology,Fall 2024,Dropped,Female,Junior,20,3.34,2,22359.29,8464.83,2024-08-13
STU02188,Biology,Cell Biology,Spring 2024,Enrolled,Female,Junior,26,2.93,4,18442.29,6719.22,2024-01-08
STU02189,History,World History,Spring 2025,Enrolled,Female,Freshman,29,2.37,2,16782.67,6521.77,2025-01-08
STU02190,Psychology,Cognitive Psychology,Spring 2025,Enrolled,Female,Senior,23,2.35,2,24373.83,1226.18,2025-01-23
STU02191,Mathematics,Probability,Fall 2024,Enrolled,Female,Senior,25,2.84,3,15921.98,2044.45,2024-08-23
STU02192,Chemistry,General Chemistry,Fall 2023,Completed,Female,Freshman,28,3.49,3,11363.5,1818.41,2023-08-23
STU02193,Computer Science,Operating Systems,Spring 2024,Completed,Male,Freshman,21,2.9,3,21780.98,12172.37,2024-01-28
STU02194,English,Creative Writing,Fall 2023,Completed,Non-binary,Senior,18,3.23,2,23522.85,11192.29,2023-08-16
STU02195,History,Ancient Civilizations,Spring 2025,Enrolled,Female,Sophomore,29,2.52,3,22890.46,2530.75,2025-01-16
STU02196,Physics,Optics,Fall 2023,Enrolled,Male,Freshman,18,3.47,1,18630.52,7602.48,2023-08-15
STU02197,Computer Science,Algorithms,Fall 2024,Completed,Male,Sophomore,18,3.02,1,21262.87,7802.32,2024-08-30
STU02198,Computer Science,Networks,Fall 2023,Enrolled,Non-binary,Junior,22,2.85,3,19380.67,5776.64,2023-09-03
STU02199,Business Administration,Marketing,Spring 2023,Waitlisted,Male,Freshman,18,2.88,1,13608.44,3343.74,2023-01-24
STU02200,Computer Science,Intro to CS,Spring 2025,Enrolled,Male,Senior,24,3.63,4,23510.59,11693.18,2025-01-18
STU02201,Mathematics,Linear Algebra,Fall 2024,Completed,Female,Graduate,22,3.01,3,6973.15,2590.22,2024-09-02
STU02202,Physics,Mechanics,Spring 2024,Waitlisted,Male,Graduate,28,2.63,1,15447.47,66.92,2024-01-20
STU02203,Economics,Game Theory,Fall 2023,Enrolled,Male,Junior,29,3.64,2,20650.24,6742.5,2023-09-05
STU02204,Economics,International Economics,Spring 2024,Completed,Male,Senior,23,2.86,4,21912.53,11980.47,2024-01-10
STU02205,Biology,Ecology,Fall 2024,Enrolled,Male,Sophomore,23,3.21,1,5071.55,141.62,2024-08-24
STU02206,Mathematics,Calculus I,Fall 2024,Enrolled,Male,Senior,27,2.89,2,13347.74,2382.95,2024-08-28
STU02207,Physics,Relativity,Spring 2023,Dropped,Female,Graduate,26,2.88,2,23806.24,6100.68,2023-01-17
STU02208,Economics,International Economics,Spring 2024,Waitlisted,Female,Graduate,33,2.49,3,6606.74,3132.25,2024-01-20
STU02209,Biology,Microbiology,Fall 2024,Enrolled,Male,Junior,23,2.78,1,13449.58,6347.25,2024-08-18
STU02210,Computer Science,Intro to CS,Spring 2025,Dropped,Male,Senior,27,3.49,4,13281.36,1854.58,2025-01-20
STU02211,History,European History,Spring 2024,Dropped,Female,Senior,21,3.29,3,16599.24,886.43,2024-01-09
STU02212,Business Administration,Business Ethics,Fall 2023,Waitlisted,Male,Junior,20,3.44,4,8328.29,3929.46,2023-09-01
STU02213,Mathematics,Statistics,Spring 2025,Enrolled,Male,Sophomore,23,2.74,2,13048.9,5789.82,2025-01-14
STU02214,Psychology,Developmental Psychology,Spring 2024,Enrolled,Male,Sophomore,26,3.57,4,19095.92,10369.98,2024-01-09
STU02215,Computer Science,Intro to CS,Fall 2024,Completed,Female,Junior,25,4.0,3,9025.01,1541.51,2024-08-25
STU02216,Computer Science,Data Structures,Spring 2024,Dropped,Female,Sophomore,25,2.69,2,14406.95,2743.26,2024-01-12
STU02217,English,Linguistics,Fall 2024,Completed,Female,Graduate,27,3.7,4,8134.19,3618.99,2024-08-30
STU02218,Psychology,Developmental Psychology,Fall 2024,Completed,Male,Freshman,24,3.44,4,20548.91,4723.13,2024-08-25
STU02219,Business Administration,Entrepreneurship,Fall 2023,Waitlisted,Male,Junior,23,2.1,3,11765.71,5704.56,2023-09-04
STU02220,Computer Science,Operating Systems,Fall 2024,Waitlisted,Male,Senior,29,2.76,4,24412.0,8128.19,2024-08-26
STU02221,Business Administration,Entrepreneurship,Fall 2023,Enrolled,Female,Senior,29,3.1,3,8567.97,2637.58,2023-09-02
STU02222,Chemistry,General Chemistry,Spring 2025,Completed,Female,Senior,29,3.17,3,5992.49,3074.47,2025-01-15
STU02223,Computer Science,Machine Learning,Spring 2023,Waitlisted,Male,Senior,23,2.94,1,24512.1,12770.67,2023-01-14
STU02224,History,World History,Spring 2025,Dropped,Male,Graduate,28,2.97,4,15833.74,6140.97,2025-01-13
STU02225,Computer Science,Databases,Spring 2025,Completed,Female,Graduate,33,4.0,2,15052.8,4441.88,2025-01-06
STU02226,Psychology,Developmental Psychology,Fall 2023,Enrolled,Male,Senior,23,3.14,3,10574.27,1007.85,2023-08-31
STU02227,Physics,Optics,Fall 2024,Enrolled,Male,Junior,19,3.7,2,16356.82,411.9,2024-08-19
STU02228,Economics,Microeconomics,Spring 2023,Waitlisted,Female,Sophomore,26,2.9,3,20874.35,9834.36,2023-01-22
STU02229,Chemistry,Analytical Chemistry,Fall 2023,Completed,Female,Junior,18,3.25,1,21513.43,9007.2,2023-08-29
STU02230,Chemistry,Biochemistry,Spring 2025,Completed,Female,Freshman,21,3.03,2,16186.04,1820.07,2025-01-11
STU02231,Mathematics,Differential Equations,Spring 2025,Waitlisted,Male,Junior,20,2.27,2,20618.9,10397.49,2025-01-25
STU02232,Mathematics,Differential Equations,Spring 2024,Enrolled,Female,Graduate,32,3.58,4,21773.14,1353.11,2024-01-12
STU02233,Psychology,Intro to Psychology,Spring 2024,Completed,Female,Junior,21,2.88,1,23157.81,5046.4,2024-01-14
STU02234,English,American Literature,Spring 2024,Enrolled,Female,Freshman,27,4.0,1,14118.92,2917.77,2024-01-23
STU02235,Mathematics,Calculus II,Spring 2023,Enrolled,Female,Graduate,31,3.39,2,24457.13,3912.99,2023-01-16
STU02236,Economics,Econometrics,Spring 2023,Waitlisted,Female,Senior,28,3.32,1,17270.56,9792.8,2023-01-24
STU02237,Psychology,Abnormal Psychology,Fall 2023,Enrolled,Female,Graduate,30,3.42,1,11545.01,2007.01,2023-08-28
STU02238,Biology,Evolution,Spring 2025,Dropped,Female,Senior,23,2.92,4,12406.4,150.64,2025-01-14
STU02239,English,Linguistics,Spring 2024,Waitlisted,Male,Sophomore,22,3.33,1,23229.08,2253.86,2024-01-22
STU02240,Business Administration,Accounting,Spring 2023,Completed,Male,Junior,25,3.11,4,12210.66,5850.1,2023-01-11
STU02241,Computer Science,Web Dev,Spring 2025,Enrolled,Female,Graduate,23,3.63,1,18652.9,2331.92,2025-01-22
STU02242,Business Administration,Finance,Spring 2024,Completed,Female,Junior,23,3.29,1,6000.38,1754.21,2024-01-27
STU02243,Business Administration,Marketing,Spring 2025,Completed,Male,Graduate,30,3.52,4,20389.71,2994.71,2025-01-22
STU02244,Chemistry,General Chemistry,Spring 2025,Enrolled,Male,Sophomore,28,2.57,3,7074.6,3548.24,2025-01-17
STU02245,History,US History,Fall 2023,Dropped,Non-binary,Graduate,31,2.53,3,5511.58,2634.67,2023-08-30
STU02246,Mathematics,Statistics,Fall 2023,Enrolled,Male,Junior,22,3.15,3,19218.59,3503.25,2023-08-16
STU02247,Physics,Relativity,Spring 2023,Enrolled,Female,Graduate,34,4.0,1,20794.57,2685.25,2023-01-18
STU02248,English,Creative Writing,Spring 2023,Enrolled,Male,Freshman,24,2.67,2,6242.52,2871.15,2023-01-30
STU02249,Business Administration,Finance,Fall 2024,Enrolled,Male,Junior,26,3.26,1,6343.95,963.59,2024-08-28
STU02250,Psychology,Developmental Psychology,Spring 2025,Completed,Female,Junior,26,3.53,1,20605.19,4081.21,2025-01-10
STU02251,History,World History,Fall 2023,Waitlisted,Male,Junior,25,3.65,3,9478.12,5352.81,2023-08-29
STU02252,Computer Science,Algorithms,Spring 2023,Waitlisted,Female,Freshman,23,3.19,4,24842.53,1335.74,2023-01-30
STU02253,Computer Science,Networks,Spring 2025,Completed,Male,Sophomore,19,3.02,2,19281.42,10036.64,2025-01-11
STU02254,Mathematics,Linear Algebra,Fall 2023,Completed,Female,Freshman,22,3.65,1,16479.01,8438.71,2023-09-01
STU02255,Economics,Macroeconomics,Fall 2024,Enrolled,Female,Graduate,25,3.59,2,11715.73,22.31,2024-08-29
STU02256,History,World History,Fall 2024,Waitlisted,Female,Sophomore,26,2.78,4,16842.46,8281.62,2024-08-23
STU02257,Psychology,Cognitive Psychology,Spring 2023,Enrolled,Female,Sophomore,28,2.54,3,18175.72,6795.53,2023-01-18
STU02258,English,American Literature,Spring 2024,Completed,Female,Junior,23,2.51,3,9225.27,2114.34,2024-01-21
STU02259,Biology,Anatomy,Spring 2025,Enrolled,Male,Graduate,25,2.56,4,17990.21,788.53,2025-01-19
STU02260,Computer Science,Data Structures,Spring 2024,Enrolled,Male,Sophomore,19,3.05,2,5400.47,1846.91,2024-01-25
STU02261,Business Administration,Marketing,Spring 2025,Enrolled,Female,Sophomore,21,3.12,2,24944.54,7854.79,2025-01-20
STU02262,Computer Science,Data Structures,Fall 2024,Enrolled,Male,Freshman,23,3.45,1,16805.98,6352.73,2024-08-25
STU02263,Biology,Evolution,Spring 2023,Completed,Male,Junior,28,2.61,2,23119.04,12497.65,2023-01-23
STU02264,Economics,Macroeconomics,Spring 2023,Completed,Male,Junior,29,2.42,3,7547.44,3730.21,2023-01-10
STU02265,History,Ancient Civilizations,Fall 2024,Completed,Male,Sophomore,29,3.09,2,16076.72,5110.23,2024-08-21
STU02266,Biology,Microbiology,Spring 2024,Waitlisted,Female,Sophomore,29,3.23,4,6500.44,3493.28,2024-01-22
STU02267,Economics,Econometrics,Spring 2024,Enrolled,Male,Sophomore,24,4.0,1,16873.75,6475.64,2024-01-16
STU02268,Computer Science,Networks,Spring 2024,Enrolled,Male,Junior,23,2.71,2,5357.47,1075.96,2024-01-27
STU02269,Chemistry,Biochemistry,Fall 2023,Dropped,Male,Graduate,25,3.07,1,8874.01,1109.52,2023-08-15
STU02270,Business Administration,Management,Spring 2024,Completed,Male,Junior,19,2.65,4,13075.13,1629.81,2024-01-21
STU02271,History,European History,Fall 2023,Enrolled,Female,Freshman,23,3.38,2,15731.09,7096.7,2023-08-23
STU02272,Economics,International Economics,Fall 2023,Waitlisted,Female,Sophomore,22,3.29,1,16882.43,8113.78,2023-08-18
STU02273,Chemistry,Biochemistry,Spring 2024,Completed,Male,Graduate,25,3.01,3,12152.81,2120.01,2024-01-15
STU02274,History,World History,Spring 2023,Waitlisted,Male,Junior,25,3.0,3,23055.52,13311.68,2023-01-26
STU02275,Biology,Evolution,Spring 2025,Waitlisted,Female,Graduate,27,2.37,2,15493.77,5160.19,2025-01-20
STU02276,Economics,Game Theory,Spring 2023,Waitlisted,Male,Graduate,26,3.16,4,11087.36,4540.23,2023-01-29
STU02277,Business Administration,Accounting,Spring 2023,Enrolled,Male,Junior,29,3.31,4,19345.27,8875.05,2023-01-20
STU02278,Chemistry,Biochemistry,Fall 2024,Completed,Female,Graduate,22,3.2,3,13390.79,3897.16,2024-08-27
STU02279,Mathematics,Statistics,Spring 2024,Enrolled,Male,Freshman,27,3.22,3,12647.29,7091.78,2024-01-27
STU02280,English,Composition,Spring 2025,Completed,Female,Senior,27,3.68,1,10492.96,4599.93,2025-01-19
STU02281,Mathematics,Calculus I,Fall 2024,Enrolled,Male,Freshman,27,3.6,2,15249.49,6515.66,2024-08-20
STU02282,Economics,International Economics,Fall 2024,Completed,Male,Graduate,28,3.56,4,5067.76,745.84,2024-08-20
STU02283,Physics,Electromagnetism,Fall 2024,Enrolled,Male,Junior,23,2.78,1,8630.16,72.4,2024-08-18
STU02284,Business Administration,Management,Spring 2023,Enrolled,Female,Senior,29,2.79,2,22500.69,8291.45,2023-01-16
STU02285,Mathematics,Linear Algebra,Spring 2025,Completed,Male,Junior,25,3.0,2,24086.92,3574.76,2025-01-22
STU02286,Computer Science,Networks,Fall 2024,Completed,Female,Freshman,18,2.19,4,7080.25,1647.04,2024-08-19
STU02287,Biology,Microbiology,Spring 2025,Enrolled,Female,Sophomore,18,2.87,3,24837.87,575.49,2025-01-07
STU02288,Computer Science,Operating Systems,Fall 2024,Waitlisted,Female,Graduate,23,3.52,2,9492.78,4619.79,2024-09-01
STU02289,Computer Science,Data Structures,Spring 2025,Completed,Female,Sophomore,22,2.8,2,7659.97,102.8,2025-01-08
STU02290,Physics,Electromagnetism,Fall 2024,Completed,Male,Sophomore,18,3.3,2,10273.51,400.7,2024-08-16
STU02291,Physics,Thermodynamics,Spring 2024,Completed,Male,Sophomore,20,3.43,1,18243.72,1271.74,2024-01-22
STU02292,Mathematics,Probability,Spring 2025,Enrolled,Female,Junior,24,4.0,4,10744.25,6060.89,2025-01-23
STU02293,Physics,Relativity,Spring 2023,Waitlisted,Male,Freshman,26,2.66,2,5223.09,759.41,2023-01-23
STU02294,English,Creative Writing,Fall 2024,Completed,Female,Freshman,27,2.79,1,9621.78,2938.51,2024-08-21
STU02295,Physics,Electromagnetism,Spring 2023,Completed,Male,Sophomore,27,2.67,3,12449.38,3404.18,2023-01-10
STU02296,Psychology,Developmental Psychology,Spring 2025,Completed,Female,Graduate,25,3.89,3,16056.61,241.0,2025-01-07
STU02297,Economics,Macroeconomics,Spring 2025,Completed,Female,Sophomore,29,3.28,4,22131.36,6401.63,2025-01-16
STU02298,History,US History,Fall 2024,Dropped,Male,Junior,21,2.89,2,9495.0,1111.91,2024-08-31
STU02299,Computer Science,Machine Learning,Spring 2024,Enrolled,Female,Freshman,18,3.18,1,14030.93,4879.49,2024-01-19
STU02300,Physics,Mechanics,Fall 2023,Completed,Female,Freshman,29,2.32,4,22354.95,6050.27,2023-09-05
STU02301,History,Modern History,Fall 2024,Dropped,Male,Sophomore,27,3.67,2,18026.72,1666.49,2024-09-01
STU02302,Physics,Electromagnetism,Spring 2025,Completed,Female,Freshman,20,4.0,2,11781.75,5018.29,2025-01-13
STU02303,Psychology,Developmental Psychology,Spring 2023,Completed,Male,Junior,22,3.92,3,9537.41,4550.99,2023-01-16
STU02304,Psychology,Cognitive Psychology,Spring 2025,Enrolled,Female,Sophomore,18,2.73,2,16751.24,3553.43,2025-01-07
STU02305,Biology,Evolution,Fall 2024,Completed,Female,Freshman,28,3.1,4,20428.6,26.77,2024-08-14
STU02306,Psychology,Intro to Psychology,Fall 2024,Enrolled,Male,Junior,23,3.13,3,18358.73,8882.2,2024-08-31
STU02307,Computer Science,Intro to CS,Spring 2025,Dropped,Female,Freshman,29,3.53,1,19135.31,8294.39,2025-01-15
STU02308,Mathematics,Linear Algebra,Fall 2023,Completed,Female,Freshman,27,3.1,1,9399.82,49.71,2023-09-04
STU02309,Biology,Microbiology,Spring 2025,Enrolled,Female,Graduate,31,3.67,3,11778.72,5790.42,2025-01-16
STU02310,Computer Science,Intro to CS,Fall 2024,Waitlisted,Male,Freshman,18,2.79,3,8467.46,1731.82,2024-09-02
STU02311,Chemistry,Biochemistry,Fall 2023,Completed,Male,Graduate,28,2.56,4,15513.72,8816.47,2023-08-29
STU02312,Chemistry,Analytical Chemistry,Spring 2024,Dropped,Male,Junior,24,3.98,1,18157.68,696.29,2024-01-26
STU02313,English,Composition,Spring 2024,Completed,Male,Freshman,29,3.28,1,20531.82,3957.4,2024-01-10
STU02314,Computer Science,Databases,Spring 2025,Enrolled,Female,Freshman,20,2.17,3,21664.19,9172.01,2025-01-16
STU02315,Psychology,Social Psychology,Fall 2024,Completed,Female,Sophomore,20,3.34,4,19440.42,7773.88,2024-08-15
STU02316,Physics,Thermodynamics,Spring 2024,Waitlisted,Male,Freshman,19,2.72,3,13159.83,842.94,2024-01-16
STU02317,Chemistry,Organic Chemistry,Spring 2025,Enrolled,Male,Freshman,27,2.87,4,23494.95,12008.32,2025-01-26
STU02318,Computer Science,Operating Systems,Fall 2023,Completed,Female,Graduate,24,3.1,4,9578.85,699.0,2023-08-17
STU02319,Business Administration,Accounting,Spring 2025,Enrolled,Female,Graduate,26,3.12,2,24328.19,8392.55,2025-01-19
STU02320,Physics,Mechanics,Spring 2023,Dropped,Female,Senior,23,2.25,3,18017.58,5137.68,2023-01-11
STU02321,Psychology,Intro to Psychology,Spring 2025,Waitlisted,Female,Junior,25,3.65,3,10831.54,837.15,2025-01-25
STU02322,Physics,Optics,Spring 2025,Completed,Female,Graduate,28,3.06,2,18539.99,7509.21,2025-01-20
STU02323,History,US History,Spring 2024,Enrolled,Male,Sophomore,19,3.68,1,7089.46,1911.16,2024-01-18
STU02324,Physics,Relativity,Spring 2024,Completed,Female,Graduate,26,3.09,3,19174.57,1546.59,2024-01-22
STU02325,History,European History,Fall 2023,Enrolled,Male,Sophomore,20,3.37,3,11790.58,765.06,2023-08-31
STU02326,Psychology,Abnormal Psychology,Fall 2023,Enrolled,Female,Freshman,27,3.16,4,6716.22,3906.93,2023-09-02
STU02327,Computer Science,Operating Systems,Fall 2023,Waitlisted,Male,Junior,19,3.18,3,12372.41,488.78,2023-08-30
STU02328,Chemistry,General Chemistry,Fall 2023,Dropped,Female,Junior,18,3.92,3,24805.31,11078.1,2023-08-19
STU02329,Psychology,Cognitive Psychology,Fall 2023,Waitlisted,Female,Freshman,22,3.44,1,13102.04,7562.45,2023-08-27
STU02330,Economics,International Economics,Fall 2023,Dropped,Female,Graduate,24,2.85,1,13716.81,4574.62,2023-08-20
STU02331,Biology,Evolution,Spring 2023,Enrolled,Female,Graduate,25,4.0,2,6109.68,1043.07,2023-01-11
STU02332,Chemistry,Biochemistry,Fall 2024,Enrolled,Female,Freshman,27,3.17,3,22109.72,1219.08,2024-08-30
STU02333,Computer Science,Databases,Fall 2024,Enrolled,Female,Sophomore,23,4.0,2,11054.95,3280.79,2024-08-29
STU02334,Biology,Genetics,Spring 2025,Dropped,Male,Graduate,24,2.28,3,24116.62,11581.2,2025-01-20
STU02335,Business Administration,Accounting,Spring 2025,Enrolled,Female,Sophomore,26,3.82,1,14895.14,2680.89,2025-01-14
STU02336,Mathematics,Calculus I,Fall 2024,Completed,Male,Freshman,29,3.19,1,17951.71,10010.87,2024-08-22
STU02337,Business Administration,Finance,Fall 2023,Enrolled,Female,Senior,24,3.21,2,22180.93,1021.13,2023-09-01
STU02338,Physics,Quantum Physics,Fall 2024,Waitlisted,Male,Senior,27,3.02,1,14903.43,5447.7,2024-08-25
STU02339,Mathematics,Calculus I,Spring 2025,Completed,Female,Junior,19,2.26,4,5507.43,2478.84,2025-01-22
STU02340,Mathematics,Statistics,Spring 2025,Waitlisted,Female,Graduate,23,3.56,1,21689.47,5469.52,2025-01-11
STU02341,Computer Science,Algorithms,Fall 2023,Enrolled,Female,Graduate,24,2.48,1,20502.92,5327.65,2023-08-21
STU02342,English,Composition,Spring 2023,Enrolled,Female,Freshman,19,2.83,2,23088.51,2744.36,2023-01-19
STU02343,History,European History,Spring 2024,Completed,Male,Junior,21,3.12,1,18233.5,3402.83,2024-01-25
STU02344,History,World History,Spring 2025,Completed,Male,Graduate,32,3.0,3,11789.88,4811.39,2025-01-23
STU02345,Physics,Mechanics,Spring 2023,Completed,Female,Graduate,32,2.74,3,6616.94,3473.63,2023-01-10
STU02346,Mathematics,Discrete Math,Fall 2023,Enrolled,Female,Junior,28,3.45,1,8253.08,2019.07,2023-08-16
STU02347,Business Administration,Finance,Spring 2025,Completed,Male,Sophomore,21,2.57,2,19883.42,10701.82,2025-01-16
STU02348,Business Administration,Entrepreneurship,Spring 2024,Enrolled,Male,Junior,27,3.92,3,23256.78,1291.52,2024-01-17
STU02349,History,World History,Spring 2023,Waitlisted,Female,Junior,23,3.38,2,9932.35,3983.04,2023-01-23
STU02350,Psychology,Developmental Psychology,Spring 2024,Completed,Female,Freshman,28,3.03,3,19733.13,5421.77,2024-01-11
STU02351,Biology,Microbiology,Spring 2025,Completed,Non-binary,Freshman,23,3.28,1,11004.51,2642.63,2025-01-13
STU02352,Mathematics,Probability,Spring 2023,Dropped,Male,Freshman,25,3.87,2,5755.66,148.54,2023-01-14
STU02353,Computer Science,Machine Learning,Spring 2024,Enrolled,Female,Freshman,23,3.66,4,21984.38,6335.02,2024-01-16
STU02354,Physics,Relativity,Spring 2024,Enrolled,Female,Freshman,24,3.88,2,12188.9,6777.33,2024-01-22
STU02355,Biology,Ecology,Spring 2025,Enrolled,Female,Graduate,26,3.31,2,15660.61,1295.75,2025-01-15
STU02356,History,Modern History,Spring 2023,Completed,Female,Graduate,24,2.3,2,11295.71,354.79,2023-01-24
STU02357,Business Administration,Finance,Spring 2025,Dropped,Male,Freshman,27,3.54,1,18521.12,3967.04,2025-01-25
STU02358,Biology,Ecology,Spring 2025,Enrolled,Female,Senior,27,3.26,2,18514.94,10667.41,2025-01-20
STU02359,English,British Literature,Fall 2023,Waitlisted,Female,Graduate,28,3.36,2,12957.57,7409.26,2023-09-01
STU02360,History,World History,Fall 2023,Completed,Female,Freshman,24,3.2,1,5840.12,3177.75,2023-08-17
STU02361,Mathematics,Probability,Spring 2024,Completed,Male,Freshman,22,2.65,3,19136.39,5617.95,2024-01-08
STU02362,Business Administration,Entrepreneurship,Fall 2024,Dropped,Male,Sophomore,24,3.06,1,5313.45,1332.61,2024-08-23
STU02363,Economics,Econometrics,Fall 2024,Enrolled,Female,Graduate,27,2.97,4,17609.17,5598.77,2024-08-23
STU02364,Business Administration,Entrepreneurship,Spring 2025,Waitlisted,Female,Graduate,32,2.88,4,24368.63,12971.45,2025-01-14
STU02365,Mathematics,Discrete Math,Fall 2023,Completed,Male,Senior,19,2.14,2,14807.16,6865.29,2023-08-22
STU02366,Physics,Thermodynamics,Fall 2024,Enrolled,Female,Junior,18,2.9,2,5461.71,437.09,2024-08-12
STU02367,Physics,Electromagnetism,Spring 2023,Dropped,Female,Sophomore,22,3.64,3,23742.9,2379.63,2023-01-26
STU02368,Physics,Quantum Physics,Spring 2024,Completed,Female,Senior,24,2.26,1,6779.51,3503.31,2024-01-22
STU02369,Psychology,Abnormal Psychology,Fall 2023,Completed,Male,Senior,22,2.51,1,6637.23,1197.91,2023-08-16
STU02370,Economics,Macroeconomics,Fall 2024,Enrolled,Female,Sophomore,28,3.42,2,16040.65,3439.53,2024-08-23
STU02371,English,Linguistics,Fall 2024,Waitlisted,Female,Graduate,24,3.07,2,20901.75,166.4,2024-08-30
STU02372,Psychology,Intro to Psychology,Spring 2025,Waitlisted,Female,Junior,26,3.36,4,19865.98,2585.87,2025-01-17
STU02373,Mathematics,Calculus II,Spring 2025,Completed,Male,Freshman,20,2.57,2,17360.75,7483.61,2025-01-09
STU02374,History,Modern History,Spring 2025,Completed,Male,Junior,22,2.33,1,23098.59,7761.18,2025-01-13
STU02375,Psychology,Abnormal Psychology,Fall 2024,Enrolled,Female,Sophomore,18,3.05,1,14410.89,2719.49,2024-08-31
STU02376,Psychology,Abnormal Psychology,Spring 2025,Enrolled,Female,Sophomore,25,2.96,2,5220.94,187.05,2025-01-09
STU02377,Psychology,Social Psychology,Fall 2024,Waitlisted,Female,Junior,21,3.03,2,24386.34,4662.79,2024-08-14
STU02378,Chemistry,Analytical Chemistry,Fall 2024,Enrolled,Female,Junior,28,2.89,3,15646.61,2744.01,2024-08-12
STU02379,Computer Science,Intro to CS,Spring 2025,Enrolled,Female,Freshman,28,4.0,1,22532.11,12548.81,2025-01-21
STU02380,Psychology,Abnormal Psychology,Fall 2024,Waitlisted,Male,Freshman,22,2.21,1,7296.58,4187.74,2024-08-23
STU02381,History,Modern History,Fall 2023,Enrolled,Male,Graduate,24,2.95,3,22777.69,8768.46,2023-08-23
STU02382,Computer Science,Intro to CS,Spring 2025,Enrolled,Male,Junior,18,3.15,1,23043.52,7028.46,2025-01-06
STU02383,Chemistry,Physical Chemistry,Spring 2023,Completed,Male,Senior,23,3.3,2,23979.51,13526.2,2023-01-29
STU02384,Psychology,Cognitive Psychology,Spring 2025,Waitlisted,Female,Sophomore,22,3.4,1,11198.6,6047.13,2025-01-15
STU02385,English,American Literature,Fall 2024,Enrolled,Female,Senior,24,3.44,4,5404.35,2175.01,2024-08-13
STU02386,Business Administration,Accounting,Spring 2024,Enrolled,Female,Sophomore,26,2.74,4,11935.2,6175.78,2024-01-14
STU02387,History,US History,Fall 2024,Enrolled,Female,Freshman,26,3.13,4,12356.64,3081.7,2024-08-27
STU02388,Economics,International Economics,Spring 2025,Waitlisted,Female,Graduate,26,2.96,1,23860.98,2571.74,2025-01-18
STU02389,Chemistry,General Chemistry,Spring 2024,Completed,Female,Freshman,21,2.52,2,11495.01,5757.61,2024-01-17
STU02390,Biology,Genetics,Spring 2024,Enrolled,Male,Junior,25,3.51,3,12000.14,4178.44,2024-01-24
STU02391,Physics,Electromagnetism,Spring 2024,Waitlisted,Male,Graduate,26,3.19,1,13336.98,4981.25,2024-01-19
STU02392,Economics,Microeconomics,Fall 2023,Waitlisted,Female,Freshman,27,2.8,1,16233.63,5777.02,2023-08-25
STU02393,Business Administration,Finance,Spring 2023,Enrolled,Female,Sophomore,23,2.7,3,11508.1,1377.11,2023-01-13
STU02394,Physics,Quantum Physics,Spring 2024,Completed,Male,Freshman,22,2.82,2,16381.34,3760.39,2024-01-15
STU02395,Biology,Microbiology,Spring 2023,Completed,Male,Junior,20,3.23,1,10667.95,4097.07,2023-01-21
STU02396,Physics,Optics,Fall 2023,Enrolled,Male,Graduate,25,2.78,1,17432.59,1341.23,2023-08-20
STU02397,Mathematics,Statistics,Fall 2023,Waitlisted,Male,Sophomore,21,3.52,3,11036.78,3393.37,2023-08-27
STU02398,Mathematics,Statistics,Spring 2024,Enrolled,Male,Senior,22,3.45,4,17129.16,7762.99,2024-01-21
STU02399,Psychology,Cognitive Psychology,Spring 2025,Enrolled,Female,Freshman,22,3.12,4,9566.62,142.4,2025-01-21
STU02400,Business Administration,Entrepreneurship,Spring 2025,Enrolled,Male,Graduate,27,3.13,4,7830.98,3337.82,2025-01-07
STU02401,Physics,Optics,Fall 2024,Completed,Female,Graduate,28,2.89,4,18358.67,4730.13,2024-08-14
STU02402,Biology,Microbiology,Spring 2025,Enrolled,Female,Sophomore,18,2.32,1,13543.15,828.3,2025-01-11
STU02403,Psychology,Cognitive Psychology,Fall 2024,Waitlisted,Male,Junior,29,2.3,2,19052.54,10777.32,2024-08-26
STU02404,Business Administration,Management,Spring 2025,Enrolled,Female,Graduate,31,2.19,4,10967.61,4327.34,2025-01-18
STU02405,History,World History,Spring 2024,Completed,Male,Senior,20,3.08,2,14255.2,4651.17,2024-01-10
STU02406,History,Modern History,Spring 2025,Enrolled,Female,Junior,23,2.85,1,9619.33,5045.83,2025-01-24
STU02407,History,Modern History,Spring 2023,Completed,Male,Sophomore,29,3.38,3,14487.45,3052.31,2023-01-23
STU02408,English,Linguistics,Fall 2023,Waitlisted,Female,Junior,23,2.78,1,16913.61,9853.62,2023-08-23
STU02409,English,Poetry,Spring 2025,Waitlisted,Female,Senior,22,3.18,2,12319.93,6129.38,2025-01-13
STU02410,Mathematics,Discrete Math,Fall 2024,Waitlisted,Male,Graduate,26,3.55,2,5680.89,2798.65,2024-08-30
STU02411,English,Poetry,Spring 2024,Completed,Female,Freshman,29,2.49,3,16875.95,2106.62,2024-01-20
STU02412,Biology,Microbiology,Fall 2024,Completed,Female,Freshman,22,2.71,2,23653.64,3753.73,2024-08-26
STU02413,Physics,Mechanics,Spring 2025,Dropped,Female,Sophomore,27,3.47,4,9916.77,5157.45,2025-01-08
STU02414,Business Administration,Business Ethics,Fall 2024,Completed,Male,Sophomore,29,3.69,3,21334.91,9746.0,2024-08-25
STU02415,Business Administration,Accounting,Spring 2025,Completed,Female,Freshman,19,2.73,1,19142.41,6749.64,2025-01-26
STU02416,Chemistry,Biochemistry,Spring 2024,Completed,Male,Freshman,19,2.12,4,16076.62,7048.38,2024-01-20
STU02417,Mathematics,Linear Algebra,Spring 2025,Enrolled,Female,Senior,26,2.85,4,13203.28,2754.2,2025-01-19
STU02418,Economics,Macroeconomics,Fall 2024,Waitlisted,Male,Graduate,25,3.54,4,15969.67,1112.0,2024-08-25
STU02419,Chemistry,Analytical Chemistry,Spring 2025,Waitlisted,Male,Senior,21,3.23,4,24753.42,7031.48,2025-01-13
STU02420,Business Administration,Entrepreneurship,Spring 2024,Completed,Female,Graduate,26,3.04,4,14297.42,8163.09,2024-01-15
STU02421,Psychology,Abnormal Psychology,Fall 2024,Enrolled,Female,Junior,26,3.35,2,14099.21,3013.1,2024-08-28
STU02422,Economics,Microeconomics,Spring 2025,Completed,Female,Freshman,25,3.78,4,17058.18,5926.75,2025-01-10
STU02423,Physics,Relativity,Fall 2024,Enrolled,Male,Junior,26,3.03,1,13851.78,952.78,2024-08-25
STU02424,English,Composition,Spring 2024,Completed,Female,Graduate,27,3.27,1,21679.82,1824.81,2024-01-11
STU02425,Computer Science,Data Structures,Fall 2023,Waitlisted,Male,Junior,18,3.22,3,11253.13,1203.41,2023-08-30
STU02426,Chemistry,Biochemistry,Fall 2023,Completed,Male,Senior,27,2.49,2,22016.05,6737.17,2023-08-30
STU02427,Physics,Thermodynamics,Spring 2025,Completed,Male,Sophomore,29,3.08,2,7308.55,1920.38,2025-01-14
STU02428,Psychology,Developmental Psychology,Spring 2025,Dropped,Female,Sophomore,22,3.81,2,16932.83,7360.28,2025-01-15
STU02429,Psychology,Developmental Psychology,Spring 2025,Enrolled,Male,Freshman,18,3.05,3,18072.71,204.64,2025-01-20
STU02430,Physics,Optics,Spring 2025,Completed,Female,Sophomore,28,3.33,3,23441.85,10564.98,2025-01-15
STU02431,History,US History,Spring 2025,Enrolled,Female,Sophomore,19,3.16,2,10077.62,840.83,2025-01-13
STU02432,English,Poetry,Fall 2024,Completed,Male,Graduate,23,2.68,1,16555.26,646.99,2024-08-16
STU02433,Psychology,Abnormal Psychology,Spring 2024,Enrolled,Female,Graduate,31,2.89,3,8815.09,4670.11,2024-01-19
STU02434,History,Modern History,Fall 2023,Completed,Female,Junior,21,2.77,3,22369.25,5146.67,2023-08-31
STU02435,Biology,Cell Biology,Fall 2023,Completed,Male,Graduate,31,3.9,1,10646.53,3075.37,2023-08-18
STU02436,Mathematics,Statistics,Fall 2024,Enrolled,Male,Junior,26,3.55,2,21350.65,12680.9,2024-08-13
STU02437,Chemistry,General Chemistry,Spring 2023,Enrolled,Male,Freshman,20,2.32,3,24811.9,6626.43,2023-01-29
STU02438,Chemistry,Analytical Chemistry,Spring 2023,Dropped,Male,Sophomore,24,3.57,2,20272.64,8368.35,2023-01-29
STU02439,English,Poetry,Spring 2025,Dropped,Male,Graduate,34,2.52,1,14051.29,7429.18,2025-01-11
STU02440,Biology,Microbiology,Spring 2024,Enrolled,Male,Graduate,32,3.17,3,21791.33,7717.44,2024-01-12
STU02441,Physics,Relativity,Spring 2025,Dropped,Male,Freshman,24,3.2,1,12972.83,931.17,2025-01-09
STU02442,English,American Literature,Spring 2024,Completed,Female,Freshman,23,4.0,4,6455.25,382.55,2024-01-24
STU02443,Psychology,Intro to Psychology,Fall 2024,Dropped,Female,Freshman,25,3.49,3,16891.0,2947.79,2024-08-14
STU02444,English,American Literature,Fall 2023,Completed,Female,Junior,22,3.98,4,10202.32,5765.77,2023-09-03
STU02445,Physics,Electromagnetism,Spring 2025,Completed,Female,Senior,23,2.88,4,7004.23,2831.3,2025-01-09
STU02446,Computer Science,Web Dev,Spring 2025,Completed,Male,Senior,22,3.64,4,13979.6,2767.7,2025-01-14
STU02447,Chemistry,Biochemistry,Spring 2025,Enrolled,Female,Graduate,28,3.52,3,13524.63,2696.37,2025-01-10
STU02448,Chemistry,Physical Chemistry,Fall 2024,Completed,Male,Junior,28,3.25,3,7342.14,1318.71,2024-08-18
STU02449,Business Administration,Accounting,Fall 2023,Enrolled,Female,Freshman,20,3.52,1,19107.13,4786.04,2023-08-17
STU02450,History,European History,Spring 2023,Waitlisted,Male,Freshman,19,4.0,1,8485.57,3166.21,2023-01-16
STU02451,Physics,Thermodynamics,Spring 2024,Enrolled,Female,Sophomore,26,3.19,1,7013.87,1783.04,2024-01-21
STU02452,Biology,Genetics,Fall 2024,Dropped,Non-binary,Freshman,29,3.08,3,23101.76,12049.97,2024-08-31
STU02453,English,Creative Writing,Fall 2023,Enrolled,Female,Graduate,28,3.21,2,11727.37,4729.07,2023-08-31
STU02454,History,Modern History,Fall 2024,Completed,Male,Junior,22,2.75,4,7667.98,3157.85,2024-08-27
STU02455,History,Modern History,Fall 2024,Completed,Male,Sophomore,23,3.98,4,8653.26,3166.41,2024-08-18
STU02456,Economics,International Economics,Fall 2024,Enrolled,Male,Freshman,29,2.81,2,11289.53,5614.72,2024-08-26
STU02457,English,Poetry,Spring 2025,Completed,Female,Junior,21,3.64,2,16535.22,1642.3,2025-01-08
STU02458,Mathematics,Discrete Math,Fall 2023,Dropped,Female,Freshman,19,2.06,2,11868.61,2854.89,2023-08-27
STU02459,Biology,Cell Biology,Spring 2023,Completed,Female,Freshman,21,3.46,3,10873.53,2712.1,2023-01-25
STU02460,Business Administration,Marketing,Spring 2023,Completed,Female,Graduate,32,3.09,2,15920.49,5225.37,2023-01-28
STU02461,History,European History,Spring 2024,Enrolled,Female,Junior,18,3.05,1,18939.86,11336.05,2024-01-27
STU02462,Psychology,Cognitive Psychology,Spring 2025,Completed,Female,Senior,29,2.61,2,15281.74,8065.83,2025-01-19
STU02463,Physics,Thermodynamics,Spring 2024,Enrolled,Female,Junior,23,2.87,3,11704.46,295.27,2024-01-09
STU02464,Economics,Macroeconomics,Spring 2024,Waitlisted,Female,Junior,19,2.62,2,22096.4,5058.85,2024-01-27
STU02465,Business Administration,Marketing,Spring 2024,Dropped,Female,Senior,29,3.7,4,20999.83,11790.94,2024-01-11
STU02466,Psychology,Cognitive Psychology,Fall 2024,Enrolled,Female,Sophomore,24,2.86,4,5357.57,695.09,2024-08-13
STU02467,Mathematics,Probability,Spring 2024,Enrolled,Female,Sophomore,19,3.87,4,7211.58,3627.44,2024-01-22
STU02468,Biology,Anatomy,Fall 2024,Waitlisted,Female,Freshman,18,3.31,3,9001.33,514.44,2024-08-17
STU02469,Physics,Electromagnetism,Fall 2023,Waitlisted,Female,Sophomore,25,2.79,4,9487.34,2008.53,2023-08-26
STU02470,Physics,Mechanics,Fall 2024,Dropped,Female,Graduate,23,3.69,1,15935.74,7109.79,2024-08-15
STU02471,Chemistry,Organic Chemistry,Fall 2024,Enrolled,Female,Junior,24,3.06,3,14012.47,3563.93,2024-08-27
STU02472,Biology,Anatomy,Spring 2025,Completed,Male,Junior,22,3.79,3,23901.01,7861.57,2025-01-22
STU02473,History,World History,Spring 2024,Completed,Female,Senior,24,3.39,2,21244.79,8656.77,2024-01-16
STU02474,Physics,Quantum Physics,Fall 2023,Waitlisted,Female,Junior,22,2.69,3,22218.61,10953.51,2023-08-22
STU02475,Business Administration,Management,Fall 2024,Completed,Male,Senior,22,2.34,4,22395.37,5805.21,2024-08-15
STU02476,Computer Science,Algorithms,Fall 2024,Completed,Male,Junior,28,2.83,2,10268.07,24.21,2024-08-23
STU02477,Business Administration,Management,Spring 2025,Waitlisted,Female,Sophomore,24,3.22,4,10521.5,2800.69,2025-01-24
STU02478,English,American Literature,Fall 2024,Completed,Female,Sophomore,24,2.9,2,5735.56,3112.11,2024-08-29
STU02479,Physics,Mechanics,Spring 2025,Dropped,Male,Junior,21,3.08,4,15032.6,210.04,2025-01-12
STU02480,Computer Science,Machine Learning,Fall 2023,Waitlisted,Male,Graduate,26,2.13,4,17791.08,7085.48,2023-09-03
STU02481,Business Administration,Business Ethics,Spring 2025,Completed,Female,Graduate,34,3.44,4,14456.09,7804.2,2025-01-13
STU02482,English,Linguistics,Fall 2023,Completed,Female,Junior,18,3.63,3,21234.27,9668.97,2023-08-25
STU02483,Physics,Electromagnetism,Fall 2024,Enrolled,Male,Freshman,19,3.33,2,10153.12,5620.82,2024-08-26
STU02484,Computer Science,Databases,Spring 2025,Enrolled,Male,Freshman,25,2.7,3,11366.3,373.64,2025-01-18
STU02485,Mathematics,Statistics,Spring 2023,Dropped,Male,Sophomore,21,2.8,1,8342.0,167.14,2023-01-30
STU02486,Computer Science,Algorithms,Fall 2024,Enrolled,Female,Graduate,24,3.68,3,23071.19,3308.22,2024-08-16
STU02487,Computer Science,Data Structures,Fall 2023,Completed,Female,Graduate,30,2.49,2,23576.08,4342.72,2023-09-01
STU02488,Computer Science,Machine Learning,Spring 2025,Completed,Non-binary,Freshman,24,2.8,2,16035.59,2636.77,2025-01-09
STU02489,Business Administration,Management,Spring 2023,Waitlisted,Male,Freshman,25,2.03,2,13367.38,7450.55,2023-01-19
STU02490,Physics,Mechanics,Fall 2023,Enrolled,Female,Senior,24,3.0,4,7901.79,3314.85,2023-08-26
STU02491,Economics,Macroeconomics,Spring 2023,Completed,Female,Freshman,26,2.93,1,13013.16,7699.99,2023-01-17
STU02492,Mathematics,Statistics,Spring 2024,Enrolled,Male,Freshman,25,4.0,1,22710.48,12080.88,2024-01-17
STU02493,Economics,Macroeconomics,Fall 2024,Completed,Female,Senior,24,2.54,2,5330.74,2606.07,2024-08-21
STU02494,Biology,Anatomy,Fall 2024,Enrolled,Male,Sophomore,20,2.25,4,16608.36,737.04,2024-08-13
STU02495,History,European History,Fall 2023,Enrolled,Male,Junior,21,2.78,1,8370.41,2289.76,2023-08-23
STU02496,Physics,Thermodynamics,Fall 2023,Enrolled,Male,Graduate,33,3.05,4,22167.12,13281.8,2023-08-23
STU02497,Psychology,Cognitive Psychology,Spring 2025,Waitlisted,Female,Junior,29,3.58,2,21661.14,8943.2,2025-01-19
STU02498,Physics,Optics,Fall 2023,Enrolled,Female,Graduate,22,2.16,2,22682.94,10182.08,2023-08-31
STU02499,English,British Literature,Fall 2024,Dropped,Male,Freshman,19,2.49,2,7316.94,2540.67,2024-08-19
STU02500,Business Administration,Entrepreneurship,Spring 2024,Dropped,Female,Freshman,26,2.94,1,6606.33,3515.84,2024-01-16
STU02501,Biology,Microbiology,Spring 2023,Enrolled,Male,Junior,21,3.53,3,7367.94,3342.41,2023-01-18
STU02502,Psychology,Social Psychology,Spring 2024,Dropped,Male,Freshman,24,2.8,3,13938.32,6138.47,2024-01-12
STU02503,Mathematics,Probability,Spring 2025,Enrolled,Non-binary,Freshman,22,2.68,4,14285.33,7947.0,2025-01-16
STU02504,Mathematics,Linear Algebra,Fall 2024,Completed,Female,Junior,28,2.49,1,6797.57,538.08,2024-08-28
STU02505,Physics,Optics,Fall 2024,Completed,Female,Freshman,24,2.95,4,7967.71,3040.67,2024-08-15
STU02506,History,Modern History,Spring 2023,Enrolled,Male,Junior,19,2.72,1,6395.72,981.93,2023-01-11
STU02507,English,British Literature,Fall 2023,Waitlisted,Female,Freshman,21,3.11,2,16221.06,3736.74,2023-08-27
STU02508,Chemistry,General Chemistry,Fall 2023,Enrolled,Female,Senior,18,2.93,4,18041.2,1457.65,2023-09-04
STU02509,Business Administration,Business Ethics,Spring 2024,Completed,Female,Graduate,34,2.8,1,20065.19,9159.29,2024-01-27
STU02510,English,Composition,Fall 2024,Dropped,Male,Junior,27,3.34,4,5375.69,3141.34,2024-09-01
STU02511,Physics,Electromagnetism,Fall 2023,Dropped,Male,Junior,22,3.22,4,10289.44,802.39,2023-08-21
STU02512,History,World History,Spring 2023,Completed,Female,Graduate,25,3.74,1,13147.1,5513.0,2023-01-27
STU02513,Computer Science,Machine Learning,Spring 2023,Waitlisted,Female,Graduate,26,2.79,2,22578.66,11290.12,2023-01-22
STU02514,Mathematics,Statistics,Spring 2024,Dropped,Male,Sophomore,28,3.52,4,20371.5,7231.78,2024-01-13
STU02515,Psychology,Intro to Psychology,Fall 2024,Completed,Female,Junior,20,3.87,4,16662.01,9356.1,2024-08-27
STU02516,Mathematics,Calculus II,Fall 2024,Waitlisted,Male,Junior,19,2.89,1,11652.95,591.69,2024-08-13
STU02517,Economics,Microeconomics,Fall 2023,Enrolled,Male,Sophomore,26,2.7,1,21331.51,11115.93,2023-08-22
STU02518,Economics,Macroeconomics,Spring 2024,Waitlisted,Female,Junior,24,3.12,3,13950.18,5542.46,2024-01-25
STU02519,Psychology,Social Psychology,Spring 2024,Enrolled,Male,Freshman,29,3.82,2,24290.19,2204.24,2024-01-26
STU02520,Computer Science,Intro to CS,Fall 2024,Enrolled,Female,Graduate,29,3.13,3,22379.28,2622.05,2024-08-31
STU02521,Economics,International Economics,Fall 2024,Completed,Female,Sophomore,22,3.31,1,10921.64,3680.26,2024-08-31
STU02522,Psychology,Intro to Psychology,Spring 2024,Waitlisted,Female,Sophomore,29,3.52,4,19243.83,1093.27,2024-01-19
STU02523,Physics,Quantum Physics,Spring 2025,Dropped,Female,Senior,18,3.51,2,9568.73,2428.75,2025-01-22
STU02524,Mathematics,Linear Algebra,Fall 2024,Completed,Female,Senior,18,3.72,1,18404.03,8091.54,2024-08-14
STU02525,Computer Science,Intro to CS,Spring 2025,Completed,Male,Junior,18,2.93,3,14535.9,1156.32,2025-01-09
STU02526,Business Administration,Marketing,Spring 2025,Dropped,Male,Graduate,22,3.32,4,8542.71,1863.82,2025-01-19
STU02527,Economics,Microeconomics,Spring 2025,Enrolled,Female,Junior,25,3.19,2,15548.05,1496.2,2025-01-09
STU02528,Psychology,Developmental Psychology,Spring 2023,Completed,Female,Junior,20,3.55,1,7106.68,4116.84,2023-01-16
STU02529,English,American Literature,Fall 2024,Completed,Male,Sophomore,29,2.86,1,15310.94,5233.63,2024-09-01
STU02530,Chemistry,Physical Chemistry,Fall 2024,Enrolled,Female,Graduate,25,2.78,4,16409.16,909.95,2024-08-31
STU02531,History,Modern History,Spring 2024,Completed,Male,Freshman,23,3.51,2,8769.76,4240.81,2024-01-22
STU02532,Economics,Game Theory,Spring 2024,Enrolled,Male,Graduate,31,3.19,3,9844.71,1437.39,2024-01-14
STU02533,Mathematics,Statistics,Spring 2025,Waitlisted,Male,Senior,24,3.8,3,20433.36,11273.46,2025-01-12
STU02534,Computer Science,Networks,Spring 2024,Enrolled,Male,Sophomore,27,2.99,3,22414.53,8526.9,2024-01-21
STU02535,History,US History,Fall 2023,Completed,Female,Graduate,23,2.88,3,17318.64,4516.95,2023-08-29
STU02536,Business Administration,Entrepreneurship,Spring 2025,Waitlisted,Male,Freshman,26,2.97,1,24640.8,931.92,2025-01-25
STU02537,Chemistry,Organic Chemistry,Spring 2025,Dropped,Female,Sophomore,20,3.01,1,15637.82,8952.31,2025-01-25
STU02538,Biology,Microbiology,Spring 2023,Completed,Female,Sophomore,19,3.39,1,7400.05,2361.97,2023-01-20
STU02539,Mathematics,Statistics,Spring 2023,Enrolled,Female,Freshman,23,3.49,3,21558.69,9151.08,2023-01-22
STU02540,Mathematics,Differential Equations,Spring 2025,Waitlisted,Female,Freshman,18,2.39,2,20786.01,1623.73,2025-01-09
STU02541,English,Linguistics,Fall 2024,Completed,Female,Graduate,29,3.12,4,17593.45,10417.93,2024-08-14
STU02542,Physics,Mechanics,Spring 2023,Completed,Male,Graduate,22,3.02,3,11638.13,4360.28,2023-01-21
STU02543,Psychology,Intro to Psychology,Spring 2025,Waitlisted,Non-binary,Senior,28,2.94,3,17698.28,9093.02,2025-01-14
STU02544,Chemistry,Physical Chemistry,Spring 2023,Dropped,Male,Junior,29,3.77,2,5121.67,1448.32,2023-01-23
STU02545,Business Administration,Management,Spring 2025,Enrolled,Female,Graduate,32,3.06,2,17890.3,6437.33,2025-01-20
STU02546,Computer Science,Intro to CS,Fall 2023,Enrolled,Male,Senior,20,3.38,1,7478.78,2240.1,2023-08-31
STU02547,Physics,Electromagnetism,Spring 2024,Enrolled,Female,Freshman,22,2.91,1,22914.38,9511.56,2024-01-18
STU02548,Physics,Optics,Spring 2025,Completed,Female,Sophomore,25,3.01,4,18261.26,5771.42,2025-01-17
STU02549,Psychology,Developmental Psychology,Fall 2023,Completed,Male,Senior,27,3.61,1,20599.24,5906.35,2023-08-19
STU02550,Chemistry,General Chemistry,Fall 2024,Enrolled,Male,Freshman,25,3.5,4,5220.56,2902.29,2024-09-01
STU02551,Mathematics,Linear Algebra,Spring 2024,Completed,Female,Sophomore,28,3.42,2,21460.57,2973.67,2024-01-11
STU02552,Economics,Econometrics,Fall 2024,Dropped,Female,Sophomore,27,2.86,3,14008.82,2719.36,2024-08-26
STU02553,History,European History,Spring 2023,Waitlisted,Female,Senior,25,3.34,2,19867.58,9722.2,2023-01-16
STU02554,Chemistry,General Chemistry,Spring 2025,Waitlisted,Female,Junior,28,4.0,4,8712.08,4141.14,2025-01-15
STU02555,History,Modern History,Fall 2023,Enrolled,Female,Freshman,27,2.65,3,7578.75,1089.57,2023-09-04
STU02556,Economics,Game Theory,Fall 2023,Enrolled,Male,Graduate,25,3.08,3,12401.16,1290.14,2023-08-27
STU02557,Mathematics,Statistics,Spring 2023,Waitlisted,Male,Sophomore,29,2.87,4,6759.06,2858.96,2023-01-11
STU02558,Chemistry,Physical Chemistry,Fall 2024,Enrolled,Non-binary,Sophomore,29,3.56,3,24356.24,12380.14,2024-08-12
STU02559,Psychology,Abnormal Psychology,Fall 2024,Completed,Female,Senior,21,3.16,2,15930.32,4035.04,2024-08-28
STU02560,Chemistry,Analytical Chemistry,Spring 2024,Waitlisted,Female,Senior,22,3.19,1,20035.98,1141.89,2024-01-09
STU02561,History,World History,Fall 2024,Enrolled,Male,Sophomore,26,2.57,1,22212.09,5964.51,2024-08-16
STU02562,Business Administration,Business Ethics,Fall 2023,Completed,Non-binary,Sophomore,21,3.29,2,14357.4,2369.32,2023-08-22
STU02563,History,World History,Fall 2023,Completed,Male,Freshman,21,2.15,3,13581.96,7886.77,2023-08-17
STU02564,Physics,Electromagnetism,Spring 2023,Enrolled,Female,Freshman,22,3.81,4,13235.75,151.68,2023-01-16
STU02565,English,Linguistics,Spring 2023,Enrolled,Female,Junior,22,3.55,3,19154.05,4664.64,2023-01-16
STU02566,Economics,Macroeconomics,Fall 2023,Completed,Male,Freshman,25,3.35,2,24348.03,14409.2,2023-09-01
STU02567,Chemistry,Biochemistry,Spring 2023,Completed,Male,Freshman,23,3.65,4,6600.65,959.72,2023-01-24
STU02568,Economics,Microeconomics,Spring 2025,Enrolled,Male,Graduate,31,2.44,1,15573.72,8671.16,2025-01-20
STU02569,Psychology,Developmental Psychology,Spring 2025,Completed,Female,Senior,27,3.03,2,24584.97,14158.5,2025-01-20
STU02570,Mathematics,Linear Algebra,Spring 2023,Enrolled,Female,Freshman,27,3.64,2,21952.23,2774.94,2023-01-20
STU02571,English,Poetry,Fall 2023,Enrolled,Male,Junior,26,3.82,4,22098.34,12917.49,2023-08-25
STU02572,Business Administration,Business Ethics,Fall 2024,Dropped,Male,Graduate,27,2.17,4,6208.94,2790.73,2024-08-22
STU02573,Business Administration,Entrepreneurship,Spring 2024,Waitlisted,Male,Junior,23,3.11,1,11773.59,5347.65,2024-01-22
STU02574,English,British Literature,Fall 2024,Waitlisted,Female,Freshman,22,2.12,1,22536.96,7349.9,2024-08-23
STU02575,Mathematics,Discrete Math,Spring 2023,Completed,Male,Senior,29,3.19,3,9136.82,3418.13,2023-01-30
STU02576,Biology,Evolution,Spring 2025,Waitlisted,Male,Freshman,24,3.68,1,21888.11,5953.12,2025-01-08
STU02577,Economics,Microeconomics,Spring 2024,Completed,Male,Graduate,32,3.2,4,21169.21,2031.49,2024-01-22
STU02578,Biology,Microbiology,Fall 2023,Completed,Female,Sophomore,25,3.08,1,11596.32,4525.11,2023-08-24
STU02579,Psychology,Developmental Psychology,Fall 2023,Enrolled,Male,Senior,21,3.13,1,21216.41,5563.94,2023-08-20
STU02580,Computer Science,Intro to CS,Fall 2024,Completed,Male,Sophomore,23,3.93,3,24046.03,11441.01,2024-08-13
STU02581,Psychology,Developmental Psychology,Fall 2023,Enrolled,Female,Senior,20,3.39,3,13566.86,2697.59,2023-09-01
STU02582,Psychology,Developmental Psychology,Spring 2024,Completed,Male,Senior,25,3.2,3,22268.86,4316.29,2024-01-25
STU02583,Physics,Mechanics,Spring 2025,Waitlisted,Male,Junior,23,3.59,4,8787.12,2888.52,2025-01-14
STU02584,Economics,Econometrics,Fall 2024,Enrolled,Male,Junior,25,2.98,3,5647.51,1986.47,2024-08-28
STU02585,Biology,Genetics,Spring 2025,Dropped,Male,Sophomore,24,2.54,2,21151.11,683.55,2025-01-06
STU02586,English,British Literature,Spring 2025,Waitlisted,Female,Sophomore,22,2.81,4,13810.43,2092.73,2025-01-18
STU02587,English,Linguistics,Fall 2023,Enrolled,Female,Graduate,30,3.73,3,11493.58,5106.73,2023-09-04
STU02588,Biology,Cell Biology,Spring 2023,Waitlisted,Male,Sophomore,20,3.41,1,11905.49,2427.98,2023-01-26
STU02589,Physics,Electromagnetism,Fall 2023,Waitlisted,Female,Senior,21,3.03,4,7373.45,128.21,2023-08-28
STU02590,Economics,Econometrics,Spring 2024,Dropped,Female,Senior,25,2.88,1,13624.92,5615.83,2024-01-09
STU02591,Mathematics,Calculus I,Fall 2023,Completed,Male,Junior,21,3.0,3,24364.56,13948.55,2023-09-05
STU02592,Psychology,Developmental Psychology,Fall 2024,Waitlisted,Male,Graduate,25,3.68,1,10350.24,5092.69,2024-08-29
STU02593,Mathematics,Statistics,Fall 2024,Waitlisted,Female,Senior,27,3.8,2,20779.02,9475.2,2024-09-02
STU02594,Biology,Cell Biology,Fall 2023,Completed,Female,Senior,28,3.04,1,14077.07,5025.25,2023-09-02
STU02595,Chemistry,Analytical Chemistry,Spring 2023,Completed,Female,Sophomore,24,3.38,4,10387.14,6164.19,2023-01-30
STU02596,Mathematics,Calculus II,Fall 2024,Waitlisted,Male,Graduate,29,2.99,3,14270.23,5251.93,2024-08-15
STU02597,Biology,Evolution,Spring 2025,Completed,Male,Junior,26,2.81,4,7281.01,1518.84,2025-01-15
STU02598,Psychology,Intro to Psychology,Spring 2024,Enrolled,Female,Sophomore,18,2.93,3,17310.17,1047.77,2024-01-17
STU02599,Chemistry,Physical Chemistry,Fall 2023,Enrolled,Female,Sophomore,27,3.85,3,9181.7,2496.45,2023-08-31
STU02600,Chemistry,Biochemistry,Spring 2025,Waitlisted,Male,Freshman,25,2.97,4,7588.06,1145.79,2025-01-22
STU02601,Chemistry,Biochemistry,Fall 2024,Enrolled,Male,Sophomore,25,2.53,2,18467.83,6605.63,2024-08-20
STU02602,Mathematics,Calculus I,Spring 2023,Enrolled,Female,Senior,29,3.08,3,5273.2,245.67,2023-01-27
STU02603,Psychology,Developmental Psychology,Spring 2025,Completed,Female,Graduate,27,2.91,1,17563.65,5766.89,2025-01-17
STU02604,Economics,International Economics,Spring 2025,Enrolled,Male,Junior,21,2.58,2,17280.62,8925.67,2025-01-10
STU02605,Economics,Macroeconomics,Spring 2023,Waitlisted,Female,Senior,21,2.07,2,12301.03,6490.64,2023-01-25
STU02606,Mathematics,Statistics,Spring 2024,Enrolled,Female,Freshman,26,3.5,4,18287.51,7473.79,2024-01-26
STU02607,Biology,Cell Biology,Fall 2023,Completed,Male,Senior,27,2.92,2,7115.58,1186.55,2023-09-05
STU02608,English,Linguistics,Fall 2024,Dropped,Male,Sophomore,20,4.0,3,17076.95,4481.5,2024-08-14
STU02609,Biology,Ecology,Spring 2023,Waitlisted,Female,Freshman,20,3.21,1,21415.65,758.16,2023-01-14
STU02610,History,Ancient Civilizations,Spring 2024,Enrolled,Female,Senior,24,3.42,3,8778.5,1351.12,2024-01-24
STU02611,Physics,Thermodynamics,Fall 2023,Waitlisted,Female,Junior,29,3.06,3,23481.64,13658.89,2023-08-22
STU02612,History,World History,Spring 2025,Enrolled,Female,Junior,18,3.7,1,8512.5,3363.91,2025-01-26
STU02613,Economics,Game Theory,Fall 2024,Completed,Female,Freshman,25,3.47,1,10295.34,3838.14,2024-08-30
STU02614,English,American Literature,Fall 2024,Enrolled,Female,Graduate,24,3.56,3,22238.88,6561.08,2024-08-25
STU02615,Psychology,Abnormal Psychology,Spring 2025,Completed,Male,Graduate,23,2.12,2,8379.44,2346.49,2025-01-06
STU02616,Business Administration,Marketing,Fall 2023,Waitlisted,Female,Sophomore,25,3.39,4,20695.49,6028.55,2023-08-22
STU02617,Mathematics,Linear Algebra,Spring 2025,Completed,Male,Sophomore,29,3.15,1,10425.37,3846.55,2025-01-24
STU02618,Mathematics,Differential Equations,Fall 2024,Completed,Female,Senior,21,2.69,3,11451.57,464.15,2024-08-22
STU02619,Physics,Thermodynamics,Spring 2023,Enrolled,Female,Sophomore,29,3.9,4,15591.76,7131.22,2023-01-13
STU02620,Physics,Optics,Fall 2023,Completed,Male,Freshman,27,3.81,4,23719.46,1352.94,2023-08-30
STU02621,Computer Science,Operating Systems,Spring 2025,Enrolled,Female,Sophomore,26,2.68,2,17334.48,94.75,2025-01-08
STU02622,Psychology,Developmental Psychology,Spring 2025,Completed,Female,Sophomore,18,3.11,2,9252.49,2080.43,2025-01-06
STU02623,Physics,Mechanics,Spring 2023,Enrolled,Male,Sophomore,23,3.4,1,15670.17,7742.19,2023-01-21
STU02624,Computer Science,Data Structures,Fall 2024,Enrolled,Male,Freshman,18,2.18,1,13220.85,6055.6,2024-08-31
STU02625,Computer Science,Networks,Fall 2024,Enrolled,Female,Junior,21,2.73,2,8372.07,3974.88,2024-08-28
STU02626,English,Composition,Spring 2025,Enrolled,Female,Sophomore,25,3.05,3,16396.51,1649.05,2025-01-14
STU02627,English,Linguistics,Fall 2023,Waitlisted,Female,Freshman,22,3.32,4,23899.3,9269.54,2023-08-16
STU02628,Chemistry,Analytical Chemistry,Spring 2025,Dropped,Female,Sophomore,20,3.69,2,9278.46,2326.24,2025-01-12
STU02629,English,British Literature,Spring 2024,Waitlisted,Male,Freshman,29,3.48,1,10848.91,529.8,2024-01-10
STU02630,Computer Science,Machine Learning,Fall 2024,Waitlisted,Male,Senior,18,3.48,2,13549.01,3335.8,2024-09-01
STU02631,Computer Science,Web Dev,Spring 2025,Enrolled,Male,Graduate,31,3.08,4,13618.41,7798.16,2025-01-10
STU02632,Economics,Microeconomics,Spring 2024,Waitlisted,Male,Senior,25,4.0,4,11233.67,2074.59,2024-01-22
STU02633,History,European History,Spring 2023,Enrolled,Female,Junior,28,3.24,3,22775.74,4481.58,2023-01-13
STU02634,Mathematics,Probability,Spring 2023,Dropped,Non-binary,Sophomore,22,3.09,3,19393.28,7150.08,2023-01-19
STU02635,Computer Science,Networks,Fall 2024,Enrolled,Female,Graduate,28,2.43,3,18684.19,2416.35,2024-08-14
STU02636,Business Administration,Management,Spring 2023,Completed,Male,Graduate,28,2.56,2,8763.49,43.67,2023-01-24
STU02637,History,Ancient Civilizations,Fall 2024,Enrolled,Male,Graduate,23,3.33,4,7806.47,2751.16,2024-08-19
STU02638,Physics,Quantum Physics,Fall 2024,Dropped,Female,Graduate,25,3.07,4,10451.89,3626.64,2024-08-29
STU02639,Psychology,Developmental Psychology,Spring 2024,Completed,Male,Graduate,26,3.37,4,21616.75,5302.34,2024-01-09
STU02640,Business Administration,Marketing,Spring 2024,Enrolled,Female,Sophomore,24,2.63,3,9000.33,5255.91,2024-01-12
STU02641,Economics,Microeconomics,Fall 2024,Waitlisted,Male,Graduate,28,3.73,2,14339.99,6986.73,2024-08-16
STU02642,Physics,Mechanics,Spring 2025,Enrolled,Female,Junior,26,2.48,4,6035.67,3317.74,2025-01-16
STU02643,Psychology,Developmental Psychology,Fall 2024,Waitlisted,Male,Junior,18,3.23,1,24100.57,7182.54,2024-08-13
STU02644,Psychology,Intro to Psychology,Spring 2025,Waitlisted,Female,Sophomore,20,2.35,1,14664.97,6953.09,2025-01-13
STU02645,Economics,Econometrics,Spring 2024,Enrolled,Female,Senior,27,2.76,4,17662.14,532.12,2024-01-15
STU02646,Economics,Econometrics,Fall 2024,Completed,Male,Junior,29,3.68,4,8053.06,4013.24,2024-08-20
STU02647,Business Administration,Finance,Spring 2025,Enrolled,Female,Graduate,30,3.49,2,6002.88,1428.48,2025-01-26
STU02648,Chemistry,General Chemistry,Fall 2024,Completed,Female,Senior,21,2.85,3,10696.01,5851.28,2024-08-31
STU02649,Physics,Electromagnetism,Spring 2023,Waitlisted,Male,Graduate,24,3.58,1,5294.48,2376.33,2023-01-24
STU02650,Economics,Microeconomics,Spring 2025,Waitlisted,Female,Junior,23,3.84,3,16029.81,4344.71,2025-01-06
STU02651,Chemistry,Organic Chemistry,Spring 2023,Completed,Female,Junior,18,3.38,4,10216.17,4185.02,2023-01-20
STU02652,Computer Science,Web Dev,Spring 2024,Completed,Male,Graduate,22,3.07,2,18269.17,9550.46,2024-01-14
STU02653,Physics,Thermodynamics,Spring 2024,Enrolled,Female,Freshman,29,2.55,1,15710.52,2172.03,2024-01-24
STU02654,History,US History,Spring 2025,Waitlisted,Male,Freshman,20,3.26,4,17752.53,3236.5,2025-01-23
STU02655,Physics,Electromagnetism,Spring 2025,Enrolled,Female,Sophomore,21,2.85,2,16531.28,6799.04,2025-01-12
STU02656,Psychology,Developmental Psychology,Fall 2023,Completed,Female,Freshman,22,2.85,1,7455.8,2528.87,2023-08-26
STU02657,Mathematics,Statistics,Spring 2024,Waitlisted,Female,Sophomore,21,2.35,2,8571.06,6.76,2024-01-09
STU02658,Chemistry,Analytical Chemistry,Fall 2023,Enrolled,Male,Senior,18,2.29,3,20619.49,4536.29,2023-08-27
STU02659,Computer Science,Networks,Spring 2023,Dropped,Female,Freshman,22,3.04,1,18580.74,9278.02,2023-01-14
STU02660,Mathematics,Discrete Math,Spring 2024,Enrolled,Male,Senior,29,2.51,1,16872.14,2706.41,2024-01-18
STU02661,Mathematics,Linear Algebra,Fall 2023,Enrolled,Female,Junior,25,3.18,2,10041.97,5753.38,2023-08-29
STU02662,Economics,Microeconomics,Spring 2025,Enrolled,Male,Senior,29,3.59,1,11633.81,1266.91,2025-01-11
STU02663,History,Modern History,Fall 2023,Enrolled,Female,Junior,22,3.29,1,23264.91,3238.04,2023-08-30
STU02664,Psychology,Developmental Psychology,Spring 2025,Completed,Male,Junior,26,3.66,2,5121.75,1560.69,2025-01-17
STU02665,Physics,Optics,Spring 2024,Completed,Female,Sophomore,22,2.56,4,22537.17,10570.68,2024-01-19
STU02666,English,American Literature,Fall 2024,Enrolled,Male,Freshman,19,3.65,4,11010.54,988.79,2024-08-12
STU02667,Mathematics,Discrete Math,Spring 2025,Completed,Male,Senior,19,3.7,2,13641.67,4868.24,2025-01-06
STU02668,Chemistry,Physical Chemistry,Spring 2023,Waitlisted,Female,Freshman,20,3.41,1,11534.18,5236.69,2023-01-27
STU02669,Chemistry,Biochemistry,Spring 2023,Enrolled,Female,Graduate,30,2.55,4,9252.46,2078.12,2023-01-17
STU02670,Biology,Evolution,Fall 2023,Completed,Male,Junior,19,3.77,4,12759.73,2936.64,2023-08-16
STU02671,Chemistry,Physical Chemistry,Spring 2025,Dropped,Male,Sophomore,21,2.88,4,16406.99,4988.87,2025-01-10
STU02672,Psychology,Intro to Psychology,Spring 2024,Enrolled,Female,Freshman,19,3.08,4,21087.93,2620.19,2024-01-09
STU02673,Economics,Macroeconomics,Fall 2024,Enrolled,Female,Junior,19,3.88,3,21801.54,10552.57,2024-08-18
STU02674,Psychology,Developmental Psychology,Fall 2023,Enrolled,Male,Sophomore,29,3.22,4,8736.16,3432.81,2023-09-05
STU02675,Chemistry,Analytical Chemistry,Spring 2025,Completed,Male,Freshman,24,3.01,4,10010.27,481.05,2025-01-15
STU02676,Economics,Econometrics,Fall 2024,Enrolled,Male,Junior,25,2.34,3,12481.61,2025.27,2024-09-01
STU02677,Mathematics,Linear Algebra,Spring 2025,Enrolled,Female,Freshman,24,3.51,1,11834.19,3298.32,2025-01-10
STU02678,Psychology,Social Psychology,Spring 2025,Enrolled,Male,Junior,21,3.24,1,5323.39,1889.81,2025-01-26
STU02679,Business Administration,Marketing,Spring 2025,Enrolled,Male,Freshman,24,3.26,4,11661.47,3954.72,2025-01-18
STU02680,Psychology,Abnormal Psychology,Spring 2023,Waitlisted,Male,Junior,21,3.04,3,16603.53,6592.58,2023-01-22
STU02681,Economics,International Economics,Spring 2023,Completed,Male,Freshman,21,3.41,4,9354.58,1441.03,2023-01-14
STU02682,Business Administration,Accounting,Spring 2025,Enrolled,Female,Junior,22,3.05,1,18597.46,7174.13,2025-01-25
STU02683,Physics,Mechanics,Spring 2025,Completed,Male,Junior,24,2.54,3,10788.1,4287.82,2025-01-20
STU02684,Computer Science,Intro to CS,Fall 2023,Completed,Female,Freshman,27,3.08,1,15620.06,6400.77,2023-08-23
STU02685,English,Creative Writing,Spring 2024,Waitlisted,Female,Junior,28,3.6,3,12650.03,3120.72,2024-01-08
STU02686,Economics,Game Theory,Spring 2024,Completed,Male,Senior,20,2.69,1,20685.72,8276.77,2024-01-12
STU02687,Economics,Macroeconomics,Spring 2025,Completed,Female,Junior,18,2.59,3,24346.38,11852.9,2025-01-13
STU02688,Computer Science,Machine Learning,Fall 2024,Dropped,Male,Senior,20,3.21,3,15074.65,1463.21,2024-08-22
STU02689,Business Administration,Finance,Spring 2025,Dropped,Male,Graduate,34,3.18,1,6915.36,665.3,2025-01-21
STU02690,Computer Science,Databases,Spring 2024,Waitlisted,Female,Senior,26,2.66,1,12626.21,6378.45,2024-01-10
STU02691,Psychology,Developmental Psychology,Fall 2024,Dropped,Male,Graduate,24,2.68,3,20301.27,11546.35,2024-08-22
STU02692,Business Administration,Marketing,Spring 2025,Waitlisted,Male,Graduate,34,2.76,2,22629.34,8672.0,2025-01-23
STU02693,Psychology,Social Psychology,Spring 2024,Dropped,Female,Graduate,31,2.21,3,14473.71,6732.86,2024-01-08
STU02694,Physics,Mechanics,Spring 2024,Enrolled,Male,Senior,25,3.08,1,14354.96,4958.92,2024-01-11
STU02695,Computer Science,Operating Systems,Fall 2024,Waitlisted,Female,Graduate,25,2.95,1,15606.66,5607.48,2024-08-31
STU02696,Mathematics,Discrete Math,Spring 2024,Completed,Male,Sophomore,23,2.62,4,22808.44,3695.04,2024-01-15
STU02697,Psychology,Social Psychology,Fall 2024,Enrolled,Female,Sophomore,23,3.34,2,17984.85,881.66,2024-08-31
STU02698,Business Administration,Accounting,Fall 2023,Completed,Non-binary,Sophomore,22,2.97,1,8113.52,3068.96,2023-08-26
STU02699,Computer Science,Operating Systems,Spring 2024,Enrolled,Female,Sophomore,23,2.78,3,9806.46,2110.91,2024-01-08
STU02700,English,Creative Writing,Fall 2023,Completed,Female,Freshman,22,2.6,4,16502.25,7309.1,2023-08-22
STU02701,Biology,Microbiology,Fall 2023,Enrolled,Male,Junior,27,3.99,1,9306.61,4031.12,2023-08-21
STU02702,Economics,Game Theory,Fall 2023,Completed,Female,Graduate,26,3.25,2,19928.38,4831.0,2023-08-16
STU02703,Biology,Genetics,Fall 2023,Waitlisted,Male,Freshman,21,2.59,1,8312.4,1017.8,2023-08-22
STU02704,History,World History,Spring 2024,Enrolled,Female,Graduate,31,2.22,4,12892.1,1391.14,2024-01-28
STU02705,Psychology,Social Psychology,Fall 2023,Enrolled,Female,Freshman,18,2.27,4,13026.96,5618.77,2023-08-21
STU02706,History,Ancient Civilizations,Fall 2023,Enrolled,Female,Junior,25,3.12,3,13701.82,4401.42,2023-09-05
STU02707,Economics,Econometrics,Spring 2025,Waitlisted,Female,Graduate,25,3.07,4,9368.46,3389.21,2025-01-11
STU02708,English,Poetry,Spring 2025,Enrolled,Female,Graduate,30,2.48,4,6033.24,1219.66,2025-01-17
STU02709,Chemistry,Organic Chemistry,Spring 2024,Enrolled,Female,Senior,20,3.6,2,19909.34,2936.55,2024-01-10
STU02710,Computer Science,Algorithms,Spring 2024,Enrolled,Male,Junior,24,2.71,4,22754.18,3446.54,2024-01-24
STU02711,Economics,Microeconomics,Fall 2024,Enrolled,Female,Freshman,21,3.28,1,20032.33,2572.15,2024-08-23
STU02712,English,American Literature,Fall 2023,Dropped,Male,Sophomore,20,3.63,4,9552.21,5658.62,2023-08-23
STU02713,Physics,Mechanics,Fall 2024,Completed,Female,Freshman,19,2.93,3,7794.81,1824.78,2024-08-30
STU02714,Psychology,Intro to Psychology,Spring 2024,Waitlisted,Female,Junior,20,2.85,1,14764.82,2293.47,2024-01-15
STU02715,History,World History,Spring 2025,Completed,Male,Junior,18,2.75,3,22540.55,2447.54,2025-01-13
STU02716,Psychology,Developmental Psychology,Spring 2023,Completed,Male,Senior,28,3.32,4,14139.61,2784.99,2023-01-15
STU02717,Physics,Relativity,Fall 2024,Enrolled,Female,Freshman,24,3.41,3,7441.71,503.2,2024-08-30
STU02718,Biology,Microbiology,Fall 2024,Dropped,Female,Sophomore,18,4.0,1,15501.28,775.48,2024-08-23
STU02719,Psychology,Abnormal Psychology,Fall 2024,Enrolled,Female,Senior,26,2.53,2,5414.83,102.6,2024-08-14
STU02720,Psychology,Social Psychology,Spring 2024,Waitlisted,Female,Freshman,22,3.3,2,21229.06,10553.46,2024-01-17
STU02721,Physics,Relativity,Spring 2025,Enrolled,Male,Graduate,23,2.84,2,16192.3,6654.42,2025-01-14
STU02722,Business Administration,Accounting,Fall 2024,Completed,Female,Sophomore,20,2.44,2,23616.87,8078.77,2024-08-26
STU02723,Physics,Mechanics,Fall 2023,Enrolled,Female,Junior,25,3.86,2,12341.5,4037.44,2023-08-22
STU02724,Physics,Relativity,Spring 2025,Completed,Male,Junior,25,3.28,2,20000.3,2107.42,2025-01-06
STU02725,Computer Science,Algorithms,Fall 2024,Completed,Male,Sophomore,26,3.0,1,6088.2,2398.72,2024-08-28
STU02726,Chemistry,Organic Chemistry,Fall 2023,Enrolled,Female,Senior,22,2.99,3,12466.31,6541.64,2023-08-22
STU02727,Physics,Relativity,Spring 2025,Enrolled,Female,Freshman,19,2.66,2,17411.18,4386.26,2025-01-26
STU02728,Psychology,Intro to Psychology,Spring 2024,Waitlisted,Male,Senior,29,2.88,2,10532.45,6159.52,2024-01-27
STU02729,Computer Science,Intro to CS,Spring 2024,Dropped,Male,Senior,18,2.66,4,21459.61,7552.79,2024-01-10
STU02730,Economics,Econometrics,Spring 2024,Completed,Female,Sophomore,23,2.85,2,12522.95,3515.23,2024-01-25
STU02731,Mathematics,Probability,Spring 2023,Enrolled,Female,Senior,19,3.04,1,18601.22,10014.33,2023-01-29
STU02732,Economics,Econometrics,Spring 2024,Completed,Female,Sophomore,24,3.9,2,10007.46,3258.64,2024-01-22
STU02733,Mathematics,Differential Equations,Spring 2023,Enrolled,Non-binary,Graduate,22,2.05,3,10854.49,1135.53,2023-01-30
STU02734,Mathematics,Discrete Math,Spring 2024,Enrolled,Female,Sophomore,23,2.76,1,24108.28,5983.36,2024-01-26
STU02735,History,Ancient Civilizations,Spring 2023,Enrolled,Male,Junior,23,3.06,4,18480.52,4823.24,2023-01-10
STU02736,History,Ancient Civilizations,Spring 2025,Waitlisted,Male,Sophomore,25,3.76,4,14466.92,6459.96,2025-01-11
STU02737,Physics,Mechanics,Fall 2024,Dropped,Male,Freshman,28,4.0,3,10747.07,3820.5,2024-08-15
STU02738,Business Administration,Accounting,Spring 2025,Dropped,Male,Freshman,18,2.86,4,15144.79,9049.12,2025-01-10
STU02739,History,Ancient Civilizations,Spring 2025,Completed,Female,Sophomore,21,3.34,2,7936.96,2624.11,2025-01-22
STU02740,Business Administration,Management,Spring 2024,Enrolled,Female,Sophomore,21,1.74,4,22090.93,13241.43,2024-01-21
STU02741,Biology,Genetics,Spring 2025,Enrolled,Male,Freshman,27,3.29,1,17009.11,1024.64,2025-01-17
STU02742,Chemistry,Organic Chemistry,Fall 2023,Dropped,Female,Junior,20,2.87,3,12466.1,3122.93,2023-08-26
STU02743,Chemistry,Organic Chemistry,Spring 2023,Completed,Female,Freshman,21,3.41,4,13011.91,1501.65,2023-01-19
STU02744,Business Administration,Business Ethics,Fall 2024,Completed,Female,Sophomore,18,3.22,2,16432.79,4486.26,2024-08-26
STU02745,Chemistry,General Chemistry,Fall 2024,Completed,Male,Sophomore,20,2.23,2,23863.26,12658.08,2024-08-29
STU02746,Psychology,Social Psychology,Spring 2025,Waitlisted,Female,Junior,29,2.9,4,15333.07,2070.5,2025-01-20
STU02747,Physics,Thermodynamics,Fall 2024,Enrolled,Male,Sophomore,24,3.14,3,11684.31,1457.42,2024-08-26
STU02748,Biology,Cell Biology,Spring 2025,Enrolled,Male,Junior,24,3.63,4,17490.36,4911.98,2025-01-23
STU02749,History,World History,Spring 2024,Completed,Male,Senior,23,2.86,4,22062.24,5294.41,2024-01-18
STU02750,Business Administration,Business Ethics,Fall 2023,Enrolled,Male,Graduate,26,3.28,3,16698.72,6664.83,2023-08-28
STU02751,English,American Literature,Spring 2024,Enrolled,Male,Senior,28,2.95,3,6507.1,3741.64,2024-01-28
STU02752,History,Ancient Civilizations,Spring 2025,Completed,Female,Freshman,18,3.54,4,23145.31,8673.73,2025-01-07
STU02753,Biology,Ecology,Spring 2023,Enrolled,Male,Freshman,19,3.11,1,22332.16,10648.81,2023-01-18
STU02754,Business Administration,Accounting,Spring 2025,Waitlisted,Female,Junior,19,2.15,1,6437.72,1036.44,2025-01-14
STU02755,English,American Literature,Spring 2025,Completed,Male,Junior,19,3.22,4,8347.35,4900.51,2025-01-23
STU02756,History,European History,Spring 2025,Enrolled,Female,Sophomore,21,4.0,1,14875.98,7800.95,2025-01-20
STU02757,Economics,Econometrics,Spring 2023,Enrolled,Female,Freshman,21,3.83,3,21262.41,10031.3,2023-01-29
STU02758,Physics,Quantum Physics,Spring 2023,Dropped,Male,Junior,26,4.0,2,16484.57,2892.08,2023-01-25
STU02759,Biology,Genetics,Spring 2025,Dropped,Male,Junior,27,2.72,3,21776.92,4911.34,2025-01-16
STU02760,Biology,Evolution,Spring 2025,Completed,Male,Senior,23,3.5,2,23839.21,9744.36,2025-01-18
STU02761,Mathematics,Probability,Spring 2025,Enrolled,Female,Freshman,23,3.33,4,9970.27,3668.51,2025-01-19
STU02762,Psychology,Social Psychology,Spring 2025,Enrolled,Male,Junior,20,3.21,4,5237.11,393.73,2025-01-25
STU02763,Mathematics,Discrete Math,Fall 2023,Enrolled,Male,Junior,25,3.6,2,20822.28,6913.0,2023-09-05
STU02764,History,Modern History,Spring 2025,Enrolled,Female,Senior,25,3.19,1,16160.98,548.97,2025-01-15
STU02765,Mathematics,Statistics,Fall 2023,Waitlisted,Female,Freshman,25,2.6,4,18468.42,203.32,2023-08-20
STU02766,English,Linguistics,Spring 2025,Enrolled,Male,Senior,29,2.61,2,10306.85,1917.21,2025-01-26
STU02767,Business Administration,Management,Spring 2024,Enrolled,Male,Senior,19,3.27,1,6707.38,1788.38,2024-01-13
STU02768,Mathematics,Linear Algebra,Spring 2025,Completed,Male,Junior,22,2.97,2,11237.8,2991.99,2025-01-12
STU02769,Economics,Game Theory,Spring 2023,Waitlisted,Male,Graduate,31,3.28,1,16394.39,5250.22,2023-01-24
STU02770,Computer Science,Intro to CS,Spring 2025,Completed,Female,Sophomore,22,2.8,1,5552.6,2744.67,2025-01-23
STU02771,Chemistry,Organic Chemistry,Fall 2023,Completed,Female,Freshman,21,3.91,4,17486.71,2493.13,2023-08-15
STU02772,Computer Science,Databases,Fall 2023,Completed,Female,Sophomore,26,2.84,4,23524.28,11503.48,2023-09-04
STU02773,Psychology,Intro to Psychology,Spring 2024,Enrolled,Male,Freshman,23,3.31,2,6049.21,1064.42,2024-01-09
STU02774,History,Modern History,Spring 2024,Completed,Female,Senior,20,2.58,2,15229.74,852.2,2024-01-15
STU02775,Computer Science,Algorithms,Fall 2024,Completed,Female,Sophomore,26,2.99,3,22995.5,1630.23,2024-08-31
STU02776,Physics,Relativity,Spring 2024,Completed,Female,Sophomore,29,2.78,2,20568.41,6703.79,2024-01-21
STU02777,Physics,Electromagnetism,Fall 2023,Completed,Female,Sophomore,20,3.09,2,16441.51,6075.84,2023-08-17
STU02778,Psychology,Developmental Psychology,Fall 2024,Enrolled,Male,Senior,21,3.24,2,21239.76,2471.36,2024-09-02
STU02779,English,American Literature,Spring 2023,Completed,Male,Junior,20,3.23,1,17746.1,7873.07,2023-01-22
STU02780,Economics,International Economics,Spring 2023,Enrolled,Non-binary,Freshman,29,2.46,2,24180.14,9266.88,2023-01-28
STU02781,History,Modern History,Spring 2024,Waitlisted,Female,Sophomore,24,1.93,2,24543.66,8572.43,2024-01-17
STU02782,History,World History,Spring 2023,Completed,Male,Freshman,19,3.65,3,24065.85,9751.79,2023-01-27
STU02783,Psychology,Cognitive Psychology,Spring 2025,Completed,Female,Sophomore,28,2.83,1,10095.18,1847.02,2025-01-06
STU02784,Economics,International Economics,Spring 2025,Dropped,Female,Junior,23,2.84,4,10988.26,2131.14,2025-01-12
STU02785,Economics,Macroeconomics,Fall 2023,Dropped,Male,Sophomore,18,2.75,2,19527.14,5343.44,2023-08-18
STU02786,Physics,Electromagnetism,Spring 2025,Waitlisted,Female,Freshman,24,3.76,3,15865.75,9289.58,2025-01-13
STU02787,Chemistry,Organic Chemistry,Spring 2024,Waitlisted,Female,Graduate,29,4.0,2,8541.42,2872.59,2024-01-17
STU02788,Physics,Electromagnetism,Fall 2024,Enrolled,Male,Sophomore,22,2.62,3,23552.77,5756.32,2024-08-14
STU02789,Biology,Ecology,Fall 2024,Waitlisted,Male,Senior,23,2.93,2,19100.4,4411.63,2024-08-15
STU02790,Mathematics,Differential Equations,Fall 2024,Completed,Male,Senior,22,2.61,3,10514.59,5025.23,2024-08-24
STU02791,Mathematics,Differential Equations,Fall 2023,Completed,Male,Graduate,25,3.47,3,6752.13,1545.87,2023-08-22
STU02792,Mathematics,Probability,Fall 2024,Enrolled,Female,Freshman,22,2.74,2,13074.66,6765.2,2024-08-29
STU02793,History,US History,Spring 2024,Enrolled,Female,Senior,21,3.56,2,10069.07,2152.96,2024-01-26
STU02794,Business Administration,Business Ethics,Spring 2024,Enrolled,Male,Junior,27,2.55,4,14679.82,6181.93,2024-01-23
STU02795,Computer Science,Web Dev,Fall 2023,Completed,Female,Freshman,28,2.72,3,20161.53,7215.16,2023-08-28
STU02796,Mathematics,Statistics,Spring 2025,Enrolled,Male,Junior,21,2.97,3,8396.79,535.58,2025-01-18
STU02797,History,European History,Spring 2023,Waitlisted,Male,Senior,25,2.71,2,24547.78,767.2,2023-01-22
STU02798,Business Administration,Accounting,Spring 2024,Completed,Female,Freshman,21,3.44,4,13572.96,6712.12,2024-01-28
STU02799,Computer Science,Algorithms,Spring 2023,Enrolled,Non-binary,Freshman,18,3.54,1,12744.36,6951.09,2023-01-16
STU02800,Business Administration,Business Ethics,Spring 2024,Enrolled,Female,Sophomore,18,3.8,3,9460.25,2983.56,2024-01-10
STU02801,Mathematics,Calculus II,Fall 2024,Dropped,Male,Graduate,29,3.98,4,16337.98,1925.58,2024-08-21
STU02802,Economics,Game Theory,Fall 2024,Completed,Male,Graduate,29,3.02,4,18697.09,10460.42,2024-08-18
STU02803,Biology,Cell Biology,Fall 2023,Completed,Female,Freshman,27,3.38,2,15031.28,3262.99,2023-09-03
STU02804,Physics,Quantum Physics,Fall 2024,Completed,Male,Junior,19,3.23,4,22335.74,5283.47,2024-08-23
STU02805,Psychology,Abnormal Psychology,Spring 2024,Dropped,Female,Graduate,28,2.92,3,16478.29,268.67,2024-01-12
STU02806,Biology,Cell Biology,Fall 2024,Completed,Male,Junior,18,3.62,2,24901.06,14011.58,2024-08-24
STU02807,Computer Science,Web Dev,Fall 2023,Enrolled,Male,Freshman,20,2.71,1,7245.46,3159.34,2023-08-30
STU02808,English,Creative Writing,Spring 2025,Completed,Male,Junior,18,2.99,4,23491.4,11507.93,2025-01-17
STU02809,Chemistry,Analytical Chemistry,Spring 2023,Enrolled,Male,Graduate,26,2.69,4,7043.45,1987.23,2023-01-15
STU02810,History,European History,Fall 2023,Completed,Male,Senior,25,3.04,3,10280.54,3964.89,2023-08-30
STU02811,Business Administration,Management,Fall 2024,Waitlisted,Female,Freshman,23,3.63,4,6981.13,1335.34,2024-08-24
STU02812,Biology,Microbiology,Spring 2025,Completed,Non-binary,Junior,27,4.0,3,23159.25,812.91,2025-01-15
STU02813,Computer Science,Intro to CS,Spring 2024,Enrolled,Female,Senior,19,1.85,2,12746.67,6437.26,2024-01-12
STU02814,Computer Science,Operating Systems,Spring 2025,Completed,Female,Senior,20,3.71,4,13384.0,2387.44,2025-01-17
STU02815,Mathematics,Calculus I,Spring 2025,Completed,Male,Graduate,27,3.56,4,22359.28,12467.74,2025-01-10
STU02816,Biology,Ecology,Fall 2023,Completed,Female,Freshman,23,2.16,2,9712.85,5449.85,2023-08-20
STU02817,English,British Literature,Spring 2023,Completed,Male,Sophomore,28,2.61,4,12938.53,6377.71,2023-01-10
STU02818,Chemistry,Organic Chemistry,Spring 2025,Waitlisted,Female,Graduate,30,2.39,3,11330.14,6569.11,2025-01-22
STU02819,Business Administration,Management,Spring 2024,Enrolled,Female,Sophomore,20,2.71,3,16635.71,993.63,2024-01-08
STU02820,English,British Literature,Spring 2025,Waitlisted,Male,Sophomore,24,3.75,3,15091.54,8298.55,2025-01-25
STU02821,Chemistry,General Chemistry,Spring 2025,Enrolled,Male,Graduate,27,2.99,2,22106.72,8955.13,2025-01-14
STU02822,Business Administration,Finance,Spring 2025,Waitlisted,Male,Graduate,30,3.2,4,17631.07,832.63,2025-01-23
STU02823,Chemistry,Organic Chemistry,Fall 2024,Enrolled,Male,Freshman,19,2.8,2,23812.91,10880.71,2024-08-27
STU02824,Physics,Electromagnetism,Spring 2023,Enrolled,Male,Graduate,33,2.81,4,9778.58,695.69,2023-01-27
STU02825,Biology,Anatomy,Fall 2024,Completed,Female,Graduate,31,3.36,3,10010.17,1869.13,2024-08-31
STU02826,Mathematics,Calculus II,Fall 2023,Waitlisted,Non-binary,Graduate,27,2.27,4,17063.78,1491.54,2023-08-23
STU02827,Physics,Mechanics,Fall 2024,Enrolled,Male,Freshman,28,3.34,4,9738.56,4053.0,2024-08-29
STU02828,English,British Literature,Spring 2025,Completed,Male,Senior,29,3.2,3,24245.56,3417.59,2025-01-24
STU02829,English,Composition,Spring 2025,Enrolled,Female,Freshman,18,2.27,2,13725.38,5210.15,2025-01-21
STU02830,Computer Science,Intro to CS,Fall 2023,Completed,Female,Senior,18,2.58,1,10452.61,3183.75,2023-08-22
STU02831,Physics,Relativity,Fall 2024,Completed,Female,Sophomore,25,3.09,3,22395.98,12046.93,2024-08-26
STU02832,Mathematics,Calculus II,Spring 2025,Enrolled,Female,Junior,29,3.19,4,5937.96,3376.61,2025-01-25
STU02833,English,Poetry,Fall 2024,Enrolled,Male,Junior,26,2.69,4,18364.74,7899.23,2024-08-17
STU02834,Computer Science,Operating Systems,Spring 2025,Enrolled,Female,Sophomore,20,3.68,1,18695.91,2095.18,2025-01-15
STU02835,Chemistry,Biochemistry,Fall 2024,Enrolled,Female,Senior,29,3.08,4,17837.46,10374.68,2024-08-26
STU02836,Biology,Cell Biology,Spring 2023,Waitlisted,Female,Freshman,25,3.23,2,13372.14,6821.34,2023-01-20
STU02837,Chemistry,Organic Chemistry,Fall 2023,Completed,Female,Sophomore,27,2.57,1,23029.43,2410.44,2023-09-04
STU02838,Biology,Genetics,Fall 2023,Enrolled,Male,Sophomore,26,3.25,1,17422.51,2459.98,2023-08-28
STU02839,Computer Science,Databases,Fall 2023,Completed,Female,Graduate,34,2.3,4,9688.11,3095.44,2023-08-22
STU02840,Psychology,Intro to Psychology,Spring 2023,Dropped,Non-binary,Junior,20,2.73,2,15985.5,12.79,2023-01-18
STU02841,Business Administration,Accounting,Spring 2024,Completed,Male,Freshman,25,2.75,4,15336.01,1964.06,2024-01-24
STU02842,Economics,Econometrics,Spring 2023,Enrolled,Non-binary,Junior,23,2.97,2,17675.77,5737.88,2023-01-11
STU02843,English,Creative Writing,Fall 2023,Completed,Female,Junior,28,3.67,1,7306.38,998.24,2023-09-02
STU02844,Physics,Electromagnetism,Spring 2025,Completed,Male,Senior,19,3.51,3,7522.32,1973.69,2025-01-23
STU02845,Physics,Quantum Physics,Spring 2025,Completed,Female,Sophomore,26,3.57,2,23554.24,4911.4,2025-01-15
STU02846,Biology,Genetics,Spring 2024,Enrolled,Female,Freshman,20,2.5,2,16428.77,2419.98,2024-01-10
STU02847,Computer Science,Algorithms,Spring 2024,Completed,Male,Sophomore,19,3.02,1,18590.15,7271.19,2024-01-17
STU02848,Biology,Cell Biology,Fall 2023,Enrolled,Male,Freshman,18,3.73,1,8668.33,4647.25,2023-08-27
STU02849,History,Ancient Civilizations,Spring 2024,Dropped,Male,Senior,25,2.57,2,12686.0,421.24,2024-01-16
STU02850,Economics,Game Theory,Fall 2024,Dropped,Male,Freshman,25,2.69,2,24683.51,12203.96,2024-08-24
STU02851,Chemistry,Biochemistry,Fall 2023,Enrolled,Female,Sophomore,20,2.64,3,12281.26,4914.74,2023-08-16
STU02852,Economics,Macroeconomics,Fall 2023,Enrolled,Female,Sophomore,28,2.79,1,22356.57,8641.82,2023-08-29
STU02853,Physics,Optics,Fall 2023,Enrolled,Non-binary,Graduate,30,2.54,1,20820.6,7387.46,2023-09-01
STU02854,Mathematics,Statistics,Fall 2024,Waitlisted,Female,Sophomore,28,3.46,3,14573.74,3550.83,2024-08-29
STU02855,Computer Science,Web Dev,Spring 2023,Dropped,Female,Junior,19,3.74,4,5052.15,1904.38,2023-01-13
STU02856,Mathematics,Differential Equations,Spring 2025,Completed,Female,Junior,19,3.51,3,5351.31,1988.14,2025-01-13
STU02857,History,World History,Fall 2024,Dropped,Female,Sophomore,27,3.55,3,24398.51,9287.83,2024-08-16
STU02858,Computer Science,Operating Systems,Spring 2024,Completed,Female,Senior,18,3.18,2,6676.17,643.78,2024-01-17
STU02859,Economics,Macroeconomics,Spring 2024,Waitlisted,Male,Sophomore,27,2.28,3,11172.15,4071.29,2024-01-23
STU02860,Business Administration,Marketing,Spring 2025,Completed,Female,Senior,27,2.06,4,17538.33,1828.89,2025-01-07
STU02861,Psychology,Social Psychology,Fall 2024,Waitlisted,Female,Sophomore,24,3.7,2,23760.56,10321.59,2024-08-20
STU02862,Economics,Macroeconomics,Fall 2024,Completed,Female,Freshman,27,2.03,2,20408.26,4541.54,2024-08-20
STU02863,Mathematics,Calculus II,Spring 2023,Waitlisted,Male,Senior,27,2.3,1,17194.48,7086.3,2023-01-10
STU02864,Biology,Evolution,Spring 2024,Completed,Male,Graduate,31,2.78,1,16310.01,6792.13,2024-01-24
STU02865,Mathematics,Statistics,Spring 2025,Waitlisted,Female,Freshman,24,2.96,2,24029.55,9188.13,2025-01-09
STU02866,Business Administration,Finance,Spring 2024,Completed,Female,Junior,22,3.49,3,18995.38,2342.95,2024-01-12
STU02867,Physics,Optics,Fall 2023,Waitlisted,Female,Senior,19,3.14,1,19044.27,5448.67,2023-09-04
STU02868,Physics,Electromagnetism,Spring 2023,Completed,Male,Junior,29,3.99,2,19610.64,3256.7,2023-01-27
STU02869,Biology,Anatomy,Spring 2024,Enrolled,Male,Junior,22,2.84,2,9099.6,3744.91,2024-01-17
STU02870,Physics,Mechanics,Spring 2024,Enrolled,Male,Junior,23,3.3,4,9077.57,4917.29,2024-01-15
STU02871,Biology,Genetics,Fall 2024,Enrolled,Female,Sophomore,22,2.43,2,12760.55,3764.21,2024-09-02
STU02872,Chemistry,Biochemistry,Fall 2023,Waitlisted,Female,Junior,26,2.92,4,12878.66,5637.07,2023-08-19
STU02873,Psychology,Developmental Psychology,Fall 2024,Enrolled,Male,Freshman,28,3.43,2,21356.47,5838.14,2024-09-01
STU02874,Computer Science,Web Dev,Fall 2024,Enrolled,Female,Junior,29,3.77,1,20690.2,7400.84,2024-08-18
STU02875,Business Administration,Accounting,Fall 2023,Completed,Female,Graduate,32,2.95,2,21656.86,249.9,2023-08-22
STU02876,History,Ancient Civilizations,Fall 2024,Enrolled,Female,Graduate,25,2.49,3,10840.91,3869.05,2024-08-14
STU02877,History,US History,Fall 2023,Completed,Female,Junior,22,3.15,2,11437.83,2381.13,2023-09-01
STU02878,Physics,Thermodynamics,Fall 2024,Enrolled,Male,Senior,19,3.0,3,13912.41,434.01,2024-08-13
STU02879,Psychology,Intro to Psychology,Spring 2023,Completed,Male,Junior,29,1.87,2,24993.39,5829.93,2023-01-19
STU02880,Physics,Optics,Fall 2023,Enrolled,Female,Senior,25,4.0,2,15071.64,1720.91,2023-08-18
STU02881,Computer Science,Algorithms,Fall 2024,Enrolled,Female,Graduate,23,3.63,4,18893.44,91.83,2024-08-29
STU02882,Biology,Microbiology,Fall 2023,Completed,Female,Senior,23,3.0,2,6874.5,3221.12,2023-08-26
STU02883,Business Administration,Business Ethics,Fall 2023,Dropped,Male,Senior,20,2.92,4,22121.91,2222.23,2023-08-23
STU02884,Mathematics,Linear Algebra,Fall 2024,Completed,Male,Graduate,26,2.34,3,22431.61,455.2,2024-08-28
STU02885,Mathematics,Calculus II,Fall 2023,Enrolled,Female,Freshman,29,3.4,1,23546.65,9929.07,2023-08-23
STU02886,Chemistry,Physical Chemistry,Fall 2024,Waitlisted,Female,Sophomore,25,3.37,1,5646.91,2191.89,2024-08-25
STU02887,Mathematics,Calculus II,Spring 2025,Enrolled,Female,Freshman,19,3.8,3,11653.09,4143.78,2025-01-23
STU02888,Chemistry,Physical Chemistry,Fall 2024,Waitlisted,Female,Graduate,25,3.22,2,23914.76,10726.84,2024-09-01
STU02889,History,Modern History,Spring 2024,Completed,Male,Freshman,24,3.13,1,14339.83,7983.06,2024-01-11
STU02890,Business Administration,Marketing,Fall 2024,Enrolled,Female,Senior,20,2.8,3,24948.3,14107.2,2024-08-24
STU02891,Chemistry,Organic Chemistry,Spring 2025,Completed,Male,Senior,26,2.75,2,22485.94,804.63,2025-01-24
STU02892,Business Administration,Entrepreneurship,Spring 2025,Completed,Female,Senior,29,3.29,2,24823.03,6290.07,2025-01-15
STU02893,English,Poetry,Fall 2023,Completed,Male,Senior,22,2.28,3,12497.05,5998.19,2023-09-05
STU02894,History,European History,Spring 2025,Enrolled,Male,Sophomore,24,2.97,2,11083.65,3119.04,2025-01-23
STU02895,Chemistry,Organic Chemistry,Spring 2023,Enrolled,Female,Sophomore,19,3.21,2,22732.45,9783.46,2023-01-25
STU02896,Mathematics,Calculus II,Fall 2023,Enrolled,Male,Junior,24,3.39,2,23811.63,12856.75,2023-08-16
STU02897,Business Administration,Accounting,Fall 2024,Dropped,Male,Senior,25,3.27,1,19567.23,10529.08,2024-08-16
STU02898,Mathematics,Statistics,Spring 2025,Completed,Female,Senior,29,2.78,3,20179.73,1100.59,2025-01-15
STU02899,Business Administration,Business Ethics,Spring 2024,Completed,Female,Sophomore,21,3.88,1,11323.01,3287.55,2024-01-14
STU02900,Psychology,Intro to Psychology,Spring 2023,Waitlisted,Male,Freshman,18,3.38,2,9535.39,2608.21,2023-01-29
STU02901,Computer Science,Intro to CS,Spring 2023,Waitlisted,Female,Graduate,27,3.06,3,5595.62,3134.19,2023-01-20
STU02902,Biology,Anatomy,Spring 2024,Waitlisted,Male,Freshman,24,3.14,3,18111.32,6437.96,2024-01-15
STU02903,Physics,Thermodynamics,Fall 2023,Completed,Male,Freshman,20,3.52,3,13465.77,6252.9,2023-08-28
STU02904,Psychology,Cognitive Psychology,Spring 2025,Dropped,Female,Graduate,23,3.25,1,12178.7,2961.39,2025-01-14
STU02905,Computer Science,Networks,Spring 2024,Completed,Male,Senior,26,3.56,4,12186.7,419.88,2024-01-13
STU02906,Biology,Genetics,Fall 2023,Completed,Female,Graduate,22,3.9,4,8968.01,2542.22,2023-08-31
STU02907,Biology,Genetics,Spring 2025,Completed,Female,Graduate,24,3.85,3,9568.37,2428.54,2025-01-21
STU02908,Mathematics,Probability,Spring 2025,Waitlisted,Female,Senior,25,2.6,2,22771.85,4455.14,2025-01-26
STU02909,History,Ancient Civilizations,Spring 2023,Completed,Male,Freshman,29,3.94,1,7197.2,1833.92,2023-01-29
STU02910,Mathematics,Calculus II,Fall 2023,Completed,Male,Sophomore,23,3.06,2,7284.67,615.84,2023-08-24
STU02911,Mathematics,Probability,Fall 2024,Completed,Non-binary,Junior,21,2.6,2,13158.71,3925.87,2024-08-19
STU02912,Economics,Game Theory,Fall 2024,Enrolled,Male,Freshman,29,4.0,4,24966.06,2718.61,2024-08-14
STU02913,Economics,International Economics,Spring 2024,Completed,Male,Junior,23,3.3,2,18228.82,9273.99,2024-01-23
STU02914,Computer Science,Data Structures,Spring 2025,Dropped,Male,Freshman,27,2.65,2,10293.9,1370.63,2025-01-16
STU02915,Economics,Game Theory,Spring 2024,Completed,Male,Graduate,34,3.04,1,14855.21,3398.9,2024-01-09
STU02916,English,Poetry,Spring 2024,Waitlisted,Female,Graduate,33,2.63,3,17856.07,5568.33,2024-01-21
STU02917,English,Linguistics,Spring 2024,Completed,Male,Sophomore,25,2.31,4,5028.36,1689.42,2024-01-16
STU02918,History,European History,Fall 2024,Dropped,Female,Sophomore,25,2.95,3,24440.98,5300.93,2024-08-27
STU02919,Business Administration,Marketing,Spring 2023,Completed,Male,Graduate,28,3.41,2,18755.46,5302.96,2023-01-21
STU02920,English,British Literature,Fall 2023,Enrolled,Male,Freshman,19,2.39,4,10088.41,437.48,2023-08-19
STU02921,Chemistry,Organic Chemistry,Fall 2024,Completed,Male,Senior,25,3.34,2,7570.92,2826.89,2024-08-25
STU02922,Business Administration,Management,Spring 2024,Waitlisted,Male,Senior,26,3.72,4,22705.98,6564.14,2024-01-24
STU02923,Economics,Microeconomics,Fall 2024,Completed,Female,Junior,19,3.12,4,20788.77,2237.12,2024-08-27
STU02924,Chemistry,Physical Chemistry,Spring 2024,Completed,Female,Senior,25,3.71,3,20887.05,6146.79,2024-01-24
STU02925,Mathematics,Discrete Math,Fall 2023,Completed,Female,Junior,27,2.85,1,21183.63,4330.06,2023-08-19
STU02926,History,Ancient Civilizations,Fall 2023,Dropped,Female,Junior,21,1.5,2,6459.67,3353.22,2023-08-25
STU02927,History,Modern History,Fall 2024,Completed,Non-binary,Junior,28,3.85,1,10321.04,5513.38,2024-09-02
STU02928,Chemistry,Biochemistry,Fall 2023,Dropped,Male,Graduate,30,3.34,4,14885.49,8368.06,2023-08-28
STU02929,Computer Science,Web Dev,Spring 2025,Enrolled,Female,Freshman,21,2.54,2,9561.78,1818.73,2025-01-25
STU02930,History,US History,Spring 2025,Enrolled,Male,Graduate,23,2.54,1,22980.47,1409.32,2025-01-22
STU02931,Computer Science,Algorithms,Fall 2023,Dropped,Male,Freshman,22,2.76,2,23944.54,13708.06,2023-08-19
STU02932,Computer Science,Machine Learning,Spring 2025,Dropped,Male,Junior,26,2.76,2,11804.5,2253.24,2025-01-24
STU02933,Business Administration,Entrepreneurship,Fall 2024,Enrolled,Female,Freshman,20,2.9,3,13492.75,1097.29,2024-08-26
STU02934,History,US History,Spring 2023,Waitlisted,Male,Junior,25,2.94,1,22423.41,3662.83,2023-01-14
STU02935,Computer Science,Intro to CS,Fall 2023,Completed,Female,Senior,18,3.19,1,12283.16,3312.62,2023-08-27
STU02936,Business Administration,Entrepreneurship,Spring 2024,Enrolled,Female,Junior,25,3.38,4,7614.41,1488.18,2024-01-09
STU02937,Chemistry,General Chemistry,Fall 2024,Dropped,Male,Senior,19,2.69,3,8855.09,3053.71,2024-08-12
STU02938,History,Ancient Civilizations,Fall 2024,Completed,Male,Freshman,20,2.72,1,8678.95,2419.49,2024-08-12
STU02939,Psychology,Abnormal Psychology,Fall 2023,Waitlisted,Female,Freshman,24,2.38,1,22217.4,6509.98,2023-08-19
STU02940,Biology,Microbiology,Spring 2024,Completed,Male,Junior,29,2.69,3,8814.35,3005.03,2024-01-11
STU02941,Chemistry,Biochemistry,Spring 2023,Completed,Male,Senior,19,3.44,3,22586.47,12707.36,2023-01-26
STU02942,English,Composition,Fall 2024,Waitlisted,Female,Junior,25,3.4,2,16375.38,7768.41,2024-08-13
STU02943,Chemistry,General Chemistry,Spring 2024,Dropped,Male,Junior,20,2.43,3,10246.32,1368.07,2024-01-12
STU02944,Business Administration,Entrepreneurship,Spring 2024,Completed,Male,Senior,28,2.66,2,19832.18,8251.29,2024-01-17
STU02945,Physics,Electromagnetism,Spring 2023,Enrolled,Male,Junior,29,3.24,4,8989.17,1415.85,2023-01-23
STU02946,Computer Science,Databases,Spring 2024,Completed,Male,Graduate,23,2.63,3,21170.27,11364.21,2024-01-23
STU02947,English,British Literature,Fall 2024,Completed,Male,Freshman,23,3.15,2,12779.66,6822.48,2024-09-01
STU02948,Psychology,Cognitive Psychology,Fall 2023,Completed,Male,Sophomore,28,2.87,3,15558.18,2548.79,2023-08-30
STU02949,English,Linguistics,Spring 2024,Enrolled,Female,Graduate,24,1.89,1,21995.06,4117.19,2024-01-11
STU02950,Computer Science,Machine Learning,Spring 2024,Completed,Female,Freshman,27,2.53,4,8655.77,4938.16,2024-01-11
STU02951,Biology,Evolution,Spring 2023,Waitlisted,Female,Senior,26,3.36,3,9237.18,327.05,2023-01-11
STU02952,Psychology,Developmental Psychology,Fall 2024,Completed,Female,Junior,29,3.18,3,7851.94,882.49,2024-08-15
STU02953,Physics,Electromagnetism,Fall 2024,Enrolled,Female,Junior,18,4.0,2,18435.36,4772.31,2024-08-27
STU02954,English,Creative Writing,Spring 2024,Waitlisted,Male,Junior,28,3.5,1,21630.7,6016.18,2024-01-10
STU02955,Economics,Microeconomics,Spring 2023,Waitlisted,Female,Freshman,29,2.96,3,19545.29,9745.42,2023-01-17
STU02956,Chemistry,Physical Chemistry,Spring 2023,Completed,Male,Senior,22,3.06,2,7709.17,3803.2,2023-01-24
STU02957,English,Linguistics,Fall 2023,Dropped,Male,Graduate,28,2.79,3,13230.42,4769.64,2023-08-23
STU02958,Mathematics,Differential Equations,Spring 2025,Completed,Male,Junior,18,3.4,4,9212.05,1563.58,2025-01-07
STU02959,Biology,Ecology,Fall 2023,Waitlisted,Male,Junior,21,2.26,2,10942.34,2007.72,2023-08-22
STU02960,Economics,Game Theory,Fall 2024,Enrolled,Male,Sophomore,22,2.7,4,5285.42,2866.5,2024-08-24
STU02961,Mathematics,Differential Equations,Spring 2025,Completed,Male,Graduate,27,3.45,2,18089.2,5725.45,2025-01-18
STU02962,History,World History,Spring 2024,Completed,Female,Graduate,26,4.0,1,9021.56,4910.87,2024-01-18
STU02963,English,American Literature,Spring 2024,Completed,Male,Graduate,29,3.09,4,14323.8,5625.69,2024-01-15
STU02964,Physics,Thermodynamics,Fall 2024,Enrolled,Male,Junior,22,3.42,4,19229.08,1703.34,2024-08-28
STU02965,English,Linguistics,Fall 2023,Enrolled,Male,Graduate,27,2.3,1,18667.22,8111.74,2023-08-18
STU02966,Mathematics,Discrete Math,Fall 2024,Enrolled,Male,Senior,19,2.91,2,20213.65,585.11,2024-08-22
STU02967,Chemistry,Biochemistry,Spring 2025,Completed,Female,Senior,27,3.48,4,17371.94,8736.17,2025-01-13
STU02968,Physics,Optics,Spring 2025,Completed,Male,Junior,20,2.81,2,23436.91,509.79,2025-01-13
STU02969,Biology,Microbiology,Spring 2023,Completed,Male,Senior,19,3.38,4,7783.93,2709.83,2023-01-29
STU02970,Chemistry,Biochemistry,Spring 2023,Completed,Female,Freshman,18,2.88,1,14470.79,6482.05,2023-01-13
STU02971,Mathematics,Calculus I,Fall 2024,Completed,Male,Graduate,22,3.24,1,13936.68,1447.68,2024-08-22
STU02972,Psychology,Cognitive Psychology,Spring 2025,Completed,Male,Freshman,19,3.18,1,9929.2,853.1,2025-01-15
STU02973,Psychology,Developmental Psychology,Spring 2024,Completed,Female,Sophomore,23,2.22,3,22884.56,963.85,2024-01-13
STU02974,History,European History,Fall 2024,Completed,Female,Graduate,30,3.66,4,17325.84,1907.2,2024-08-22
STU02975,Business Administration,Accounting,Spring 2024,Completed,Female,Senior,26,3.33,3,20619.92,3010.13,2024-01-09
STU02976,Business Administration,Accounting,Spring 2025,Enrolled,Female,Freshman,28,2.98,1,12143.15,4749.42,2025-01-23
STU02977,Physics,Electromagnetism,Spring 2023,Completed,Male,Graduate,34,3.03,1,15647.97,8437.63,2023-01-20
STU02978,Physics,Thermodynamics,Spring 2024,Enrolled,Female,Senior,20,2.71,1,6734.87,472.97,2024-01-15
STU02979,Economics,Microeconomics,Spring 2025,Dropped,Female,Junior,18,3.2,3,11709.84,2549.97,2025-01-16
STU02980,Mathematics,Differential Equations,Fall 2023,Waitlisted,Male,Sophomore,18,3.27,4,20669.37,12088.32,2023-09-03
STU02981,Psychology,Intro to Psychology,Spring 2023,Completed,Female,Sophomore,29,2.36,3,18068.67,7432.48,2023-01-14
STU02982,History,Modern History,Spring 2023,Enrolled,Male,Senior,22,2.96,1,5539.7,2988.52,2023-01-11
STU02983,Chemistry,Biochemistry,Fall 2024,Waitlisted,Male,Graduate,25,3.46,2,12897.33,4707.92,2024-08-22
STU02984,Mathematics,Statistics,Spring 2024,Enrolled,Male,Graduate,31,3.72,4,12935.02,804.19,2024-01-15
STU02985,History,Modern History,Fall 2023,Dropped,Male,Junior,19,3.65,1,21832.12,1736.56,2023-08-15
STU02986,Economics,Microeconomics,Spring 2025,Completed,Male,Senior,20,3.68,1,5617.94,678.95,2025-01-20
STU02987,Mathematics,Calculus I,Fall 2024,Dropped,Male,Sophomore,21,3.0,2,5544.05,1840.13,2024-08-21
STU02988,Business Administration,Management,Fall 2023,Completed,Male,Freshman,25,2.8,2,20007.78,878.44,2023-08-17
STU02989,History,World History,Fall 2024,Completed,Male,Graduate,32,2.45,1,6487.91,81.38,2024-08-24
STU02990,Psychology,Intro to Psychology,Spring 2023,Enrolled,Female,Junior,26,3.31,2,20998.96,12358.95,2023-01-22
STU02991,Economics,Macroeconomics,Spring 2024,Waitlisted,Female,Graduate,31,3.51,4,10309.46,1291.21,2024-01-21
STU02992,Biology,Microbiology,Spring 2025,Enrolled,Male,Sophomore,28,2.73,3,5386.09,3119.8,2025-01-07
STU02993,Psychology,Developmental Psychology,Spring 2024,Enrolled,Male,Graduate,27,2.66,1,9335.15,3279.52,2024-01-17
STU02994,Computer Science,Web Dev,Fall 2024,Waitlisted,Non-binary,Senior,24,2.45,1,8279.76,2302.49,2024-08-12
STU02995,English,Linguistics,Spring 2025,Completed,Male,Junior,27,3.74,4,22763.56,3343.66,2025-01-21
STU02996,History,US History,Fall 2024,Completed,Male,Freshman,18,2.94,1,20367.3,3529.61,2024-08-25
STU02997,History,European History,Fall 2023,Waitlisted,Female,Sophomore,27,3.08,2,13642.06,4517.44,2023-09-05
STU02998,Economics,International Economics,Fall 2023,Enrolled,Male,Graduate,32,2.94,4,21047.21,1263.38,2023-08-18
STU02999,History,Ancient Civilizations,Spring 2023,Waitlisted,Male,Graduate,34,3.24,1,18448.13,7525.48,2023-01-14
STU03000,History,European History,Fall 2023,Dropped,Female,Freshman,25,2.68,1,18452.97,6517.87,2023-09-05
STU03001,Mathematics,Discrete Math,Spring 2025,Completed,Female,Sophomore,22,2.42,3,18134.62,1596.22,2025-01-12
STU03002,Psychology,Social Psychology,Spring 2024,Enrolled,Non-binary,Freshman,23,4.0,1,7924.43,4238.03,2024-01-26
STU03003,Biology,Evolution,Fall 2024,Enrolled,Female,Sophomore,21,3.57,1,10998.26,1199.87,2024-08-12
STU03004,Chemistry,Organic Chemistry,Spring 2024,Enrolled,Male,Graduate,27,3.16,1,15556.88,2569.29,2024-01-09
STU03005,Chemistry,Biochemistry,Fall 2024,Completed,Female,Graduate,26,2.49,2,12661.26,4787.95,2024-08-19
STU03006,Business Administration,Accounting,Spring 2025,Waitlisted,Female,Graduate,22,2.52,1,21012.47,12256.45,2025-01-15
STU03007,History,Ancient Civilizations,Spring 2024,Completed,Female,Graduate,33,3.91,1,10632.01,126.82,2024-01-08
STU03008,Business Administration,Finance,Fall 2023,Completed,Female,Graduate,26,2.95,4,24132.01,5665.38,2023-09-01
STU03009,Chemistry,Biochemistry,Spring 2025,Enrolled,Female,Sophomore,24,3.34,3,24492.18,10123.11,2025-01-07
STU03010,Psychology,Abnormal Psychology,Spring 2023,Completed,Male,Sophomore,19,3.95,1,10808.22,1968.04,2023-01-12
STU03011,History,Modern History,Spring 2025,Waitlisted,Female,Senior,21,3.37,3,9987.05,4895.55,2025-01-19
STU03012,Computer Science,Machine Learning,Fall 2023,Enrolled,Female,Graduate,26,2.22,1,21588.93,7807.37,2023-08-18
STU03013,Psychology,Abnormal Psychology,Fall 2023,Completed,Female,Junior,25,2.21,2,11469.35,2419.08,2023-08-25
STU03014,Biology,Genetics,Spring 2024,Dropped,Male,Junior,23,3.27,1,5630.69,2238.19,2024-01-23
STU03015,Biology,Evolution,Spring 2023,Enrolled,Female,Junior,20,2.44,2,18475.01,8083.58,2023-01-26
STU03016,Psychology,Abnormal Psychology,Spring 2025,Enrolled,Male,Sophomore,22,3.77,3,14878.45,6749.01,2025-01-22
STU03017,Chemistry,Organic Chemistry,Spring 2025,Waitlisted,Male,Sophomore,18,4.0,2,11176.88,2114.31,2025-01-21
STU03018,Mathematics,Discrete Math,Spring 2023,Completed,Male,Sophomore,23,2.95,1,18736.42,6383.42,2023-01-15
STU03019,Chemistry,Biochemistry,Spring 2023,Enrolled,Female,Graduate,25,3.27,3,14384.9,4413.21,2023-01-25
STU03020,Mathematics,Discrete Math,Fall 2023,Enrolled,Non-binary,Sophomore,20,4.0,1,6201.7,3620.19,2023-08-23
STU03021,Computer Science,Networks,Fall 2024,Enrolled,Female,Sophomore,25,3.55,2,13189.93,1341.58,2024-08-15
STU03022,Chemistry,Physical Chemistry,Spring 2025,Enrolled,Female,Graduate,31,3.27,4,21649.79,11438.65,2025-01-24
STU03023,Physics,Relativity,Spring 2024,Enrolled,Female,Senior,19,2.92,2,14927.29,4233.74,2024-01-18
STU03024,Physics,Electromagnetism,Spring 2024,Waitlisted,Female,Sophomore,26,3.19,2,22408.1,2291.45,2024-01-12
STU03025,Chemistry,General Chemistry,Fall 2023,Waitlisted,Female,Sophomore,25,3.6,2,23645.36,12432.21,2023-08-27
STU03026,History,World History,Spring 2023,Dropped,Male,Sophomore,26,3.37,3,16727.28,775.75,2023-01-29
STU03027,History,Modern History,Spring 2024,Completed,Male,Senior,21,3.48,1,11943.34,4026.56,2024-01-14
STU03028,Physics,Optics,Spring 2024,Completed,Male,Sophomore,21,2.91,1,14178.33,8248.15,2024-01-20
STU03029,Computer Science,Web Dev,Spring 2025,Enrolled,Female,Senior,21,2.52,2,6222.92,1827.04,2025-01-16
STU03030,Mathematics,Discrete Math,Spring 2024,Completed,Female,Freshman,20,4.0,1,6794.23,2628.78,2024-01-11
STU03031,English,Composition,Spring 2024,Enrolled,Male,Senior,18,3.34,2,14364.53,7656.23,2024-01-21
STU03032,Physics,Thermodynamics,Spring 2025,Completed,Male,Senior,29,3.94,2,10131.46,1619.78,2025-01-24
STU03033,Business Administration,Management,Spring 2023,Dropped,Male,Senior,26,3.13,2,7739.94,2624.52,2023-01-29
STU03034,Physics,Mechanics,Spring 2023,Completed,Male,Freshman,26,3.58,4,22155.18,7323.11,2023-01-26
STU03035,Mathematics,Probability,Spring 2024,Enrolled,Male,Junior,24,4.0,3,15788.69,4904.67,2024-01-24
STU03036,Chemistry,Analytical Chemistry,Spring 2025,Waitlisted,Male,Sophomore,26,4.0,1,19095.74,3677.99,2025-01-26
STU03037,Economics,Microeconomics,Spring 2024,Enrolled,Male,Sophomore,26,2.26,2,11997.05,5486.83,2024-01-17
STU03038,Chemistry,Biochemistry,Spring 2025,Waitlisted,Male,Junior,21,3.53,2,10437.77,3192.56,2025-01-18
STU03039,Mathematics,Probability,Spring 2024,Enrolled,Male,Graduate,28,3.18,3,22025.78,5727.15,2024-01-10
STU03040,Mathematics,Calculus II,Spring 2025,Waitlisted,Female,Freshman,25,3.16,3,6951.58,167.86,2025-01-24
STU03041,Chemistry,Analytical Chemistry,Spring 2025,Completed,Male,Graduate,28,1.75,1,22811.02,5879.31,2025-01-17
STU03042,Biology,Evolution,Fall 2023,Completed,Male,Freshman,20,3.34,2,10993.84,1906.27,2023-08-20
STU03043,Physics,Quantum Physics,Spring 2024,Completed,Female,Junior,29,3.49,1,6910.71,461.34,2024-01-23
STU03044,Physics,Thermodynamics,Spring 2025,Dropped,Male,Graduate,32,2.84,3,15816.25,6821.37,2025-01-24
STU03045,Mathematics,Statistics,Spring 2023,Enrolled,Female,Freshman,24,3.27,3,12172.47,3323.32,2023-01-22
STU03046,Psychology,Developmental Psychology,Spring 2025,Enrolled,Female,Graduate,34,2.93,4,21425.5,8982.7,2025-01-25
STU03047,Chemistry,Physical Chemistry,Spring 2025,Waitlisted,Male,Graduate,28,4.0,4,19852.63,2945.75,2025-01-22
STU03048,Psychology,Abnormal Psychology,Spring 2023,Completed,Non-binary,Freshman,21,3.36,3,23998.5,398.71,2023-01-18
STU03049,Chemistry,Analytical Chemistry,Fall 2023,Completed,Male,Graduate,34,3.9,1,15757.82,3357.02,2023-08-27
STU03050,Business Administration,Marketing,Fall 2024,Completed,Female,Graduate,28,3.34,2,19077.05,9516.29,2024-09-02
STU03051,Mathematics,Statistics,Fall 2023,Enrolled,Female,Graduate,28,2.53,2,6457.99,872.18,2023-08-15
STU03052,History,Modern History,Spring 2025,Completed,Female,Junior,22,2.87,2,18914.9,8784.32,2025-01-26
STU03053,Chemistry,Physical Chemistry,Fall 2023,Completed,Male,Freshman,28,2.6,2,13624.01,3547.49,2023-08-27
STU03054,Mathematics,Calculus II,Fall 2024,Completed,Male,Senior,25,3.0,2,21101.91,8061.62,2024-08-12
STU03055,Physics,Relativity,Spring 2025,Enrolled,Non-binary,Sophomore,29,3.23,4,15504.37,6736.0,2025-01-16
STU03056,Physics,Mechanics,Spring 2024,Enrolled,Female,Sophomore,21,3.74,1,23690.36,10148.13,2024-01-17
STU03057,Computer Science,Intro to CS,Spring 2023,Completed,Male,Junior,25,3.69,4,24172.17,5368.59,2023-01-16
STU03058,Economics,Macroeconomics,Fall 2024,Completed,Male,Graduate,24,2.87,1,22276.2,1647.81,2024-08-24
STU03059,Mathematics,Linear Algebra,Spring 2023,Dropped,Male,Freshman,25,3.55,4,15779.24,6277.49,2023-01-21
STU03060,Business Administration,Business Ethics,Fall 2024,Dropped,Male,Senior,24,2.25,2,13817.62,7364.6,2024-08-14
STU03061,Economics,Game Theory,Fall 2024,Waitlisted,Female,Senior,23,2.99,1,5751.46,1698.72,2024-08-26
STU03062,History,World History,Fall 2024,Completed,Male,Freshman,21,3.83,4,24651.85,11946.64,2024-08-12
STU03063,Economics,Econometrics,Spring 2024,Enrolled,Male,Graduate,25,2.46,3,12277.61,951.0,2024-01-14
STU03064,Biology,Genetics,Spring 2024,Waitlisted,Female,Sophomore,23,2.94,4,6841.4,228.4,2024-01-08
STU03065,Mathematics,Calculus I,Spring 2024,Enrolled,Male,Graduate,24,3.55,3,6512.89,1808.62,2024-01-10
STU03066,Chemistry,Biochemistry,Spring 2024,Dropped,Non-binary,Junior,29,3.3,2,13097.94,7473.52,2024-01-12
STU03067,Computer Science,Machine Learning,Fall 2024,Dropped,Female,Freshman,28,3.17,3,23484.75,11625.5,2024-08-13
STU03068,Biology,Ecology,Spring 2025,Enrolled,Male,Senior,20,3.9,3,18460.18,3373.56,2025-01-14
STU03069,History,Modern History,Fall 2024,Enrolled,Female,Junior,23,3.17,4,10962.86,980.97,2024-08-27
STU03070,History,Ancient Civilizations,Spring 2023,Enrolled,Male,Sophomore,26,3.44,3,23497.45,12975.9,2023-01-18
STU03071,Computer Science,Algorithms,Fall 2024,Completed,Male,Graduate,24,3.14,2,15533.79,8637.22,2024-08-24
STU03072,Physics,Relativity,Fall 2023,Completed,Female,Junior,21,4.0,1,20467.84,639.24,2023-08-26
STU03073,Physics,Quantum Physics,Spring 2023,Completed,Female,Freshman,18,2.75,4,20782.88,6603.51,2023-01-30
STU03074,Chemistry,Biochemistry,Spring 2025,Completed,Female,Junior,28,3.04,2,5810.01,2135.77,2025-01-19
STU03075,History,European History,Fall 2023,Waitlisted,Male,Senior,29,3.22,1,13866.14,482.53,2023-08-30
STU03076,Computer Science,Databases,Spring 2023,Completed,Non-binary,Graduate,30,2.66,2,6656.09,3305.63,2023-01-28
STU03077,Psychology,Social Psychology,Spring 2023,Enrolled,Male,Freshman,27,2.56,2,10749.14,3178.8,2023-01-30
STU03078,English,British Literature,Fall 2024,Enrolled,Female,Senior,24,3.18,1,20387.58,8647.32,2024-08-30
STU03079,Computer Science,Intro to CS,Spring 2024,Enrolled,Male,Senior,23,2.67,4,24917.13,13414.83,2024-01-19
STU03080,Computer Science,Intro to CS,Spring 2023,Completed,Female,Senior,24,3.15,1,22172.99,12231.9,2023-01-27
STU03081,Computer Science,Data Structures,Fall 2024,Completed,Male,Sophomore,28,2.87,4,18104.65,3696.8,2024-08-29
STU03082,Mathematics,Linear Algebra,Spring 2023,Enrolled,Female,Graduate,24,3.96,3,13488.68,1178.11,2023-01-19
STU03083,Computer Science,Networks,Fall 2024,Completed,Male,Junior,23,3.54,3,14932.48,4876.24,2024-08-25
STU03084,History,World History,Spring 2025,Enrolled,Male,Sophomore,18,2.99,4,8389.33,2381.97,2025-01-20
STU03085,History,US History,Spring 2025,Enrolled,Female,Freshman,29,2.51,1,7286.46,3236.52,2025-01-13
STU03086,Business Administration,Marketing,Spring 2024,Enrolled,Female,Sophomore,19,2.85,3,6230.85,3186.42,2024-01-25
STU03087,Economics,Macroeconomics,Fall 2023,Enrolled,Non-binary,Freshman,28,3.27,4,17518.7,9694.77,2023-09-05
STU03088,History,Modern History,Fall 2023,Waitlisted,Female,Sophomore,26,3.26,4,18414.2,547.84,2023-08-20
STU03089,Physics,Quantum Physics,Spring 2024,Enrolled,Male,Senior,29,3.36,4,23296.32,13605.69,2024-01-22
STU03090,English,Linguistics,Spring 2025,Waitlisted,Female,Junior,29,1.91,1,9257.02,447.21,2025-01-07
STU03091,Business Administration,Management,Spring 2025,Completed,Female,Graduate,23,3.17,3,24730.94,13529.75,2025-01-06
STU03092,Business Administration,Accounting,Spring 2024,Dropped,Female,Graduate,30,2.93,1,9194.78,1811.24,2024-01-21
STU03093,Biology,Ecology,Spring 2023,Completed,Female,Graduate,33,2.69,3,6437.99,2764.5,2023-01-14
STU03094,Psychology,Developmental Psychology,Spring 2024,Enrolled,Male,Sophomore,26,3.46,3,20321.6,5429.46,2024-01-23
STU03095,Chemistry,Organic Chemistry,Fall 2023,Enrolled,Male,Senior,24,3.06,2,18790.86,10222.41,2023-08-21
STU03096,Mathematics,Calculus II,Spring 2023,Dropped,Male,Junior,24,3.01,3,5516.97,3277.37,2023-01-24
STU03097,Physics,Thermodynamics,Fall 2023,Dropped,Male,Senior,26,2.93,3,6257.97,1420.64,2023-08-18
STU03098,Chemistry,General Chemistry,Spring 2025,Enrolled,Female,Senior,19,3.29,2,9416.5,869.84,2025-01-13
STU03099,Psychology,Developmental Psychology,Spring 2023,Enrolled,Male,Senior,22,2.64,2,12494.09,3516.61,2023-01-22
STU03100,Chemistry,Organic Chemistry,Spring 2024,Completed,Male,Graduate,27,3.65,2,15299.48,5345.9,2024-01-18
STU03101,Mathematics,Discrete Math,Spring 2024,Completed,Male,Freshman,28,2.87,4,7849.26,3017.12,2024-01-08
STU03102,History,European History,Spring 2025,Enrolled,Female,Freshman,28,3.96,1,8023.24,2943.88,2025-01-18
STU03103,Physics,Mechanics,Fall 2023,Waitlisted,Male,Junior,22,3.4,1,18074.4,3016.76,2023-08-30
STU03104,Physics,Electromagnetism,Spring 2025,Enrolled,Male,Junior,23,2.98,4,11709.28,3691.52,2025-01-09
STU03105,Computer Science,Machine Learning,Spring 2024,Enrolled,Female,Graduate,32,4.0,4,11154.99,846.17,2024-01-20
STU03106,Computer Science,Intro to CS,Fall 2023,Enrolled,Female,Freshman,26,3.51,4,22015.61,3394.89,2023-09-01
STU03107,Psychology,Developmental Psychology,Fall 2024,Waitlisted,Male,Freshman,29,4.0,3,18189.8,454.05,2024-09-01
STU03108,Computer Science,Intro to CS,Fall 2023,Waitlisted,Male,Freshman,25,3.03,2,6239.42,1753.11,2023-08-23
STU03109,Mathematics,Differential Equations,Fall 2024,Completed,Female,Senior,25,3.23,4,13230.23,1459.39,2024-08-27
STU03110,Computer Science,Data Structures,Spring 2025,Dropped,Female,Sophomore,21,3.29,3,18987.42,3891.69,2025-01-13
STU03111,Business Administration,Marketing,Fall 2024,Enrolled,Female,Junior,18,2.91,4,14638.89,373.04,2024-08-22
STU03112,Psychology,Social Psychology,Spring 2025,Waitlisted,Female,Freshman,24,2.86,2,13378.82,6255.96,2025-01-22
STU03113,Economics,Econometrics,Fall 2023,Completed,Female,Freshman,20,2.69,4,19677.28,11744.43,2023-08-24
STU03114,Physics,Optics,Spring 2024,Waitlisted,Male,Freshman,24,3.19,4,16114.07,4686.69,2024-01-15
STU03115,Physics,Quantum Physics,Fall 2024,Enrolled,Male,Freshman,21,2.86,4,6780.32,1105.48,2024-08-27
STU03116,Mathematics,Statistics,Spring 2023,Completed,Male,Graduate,28,2.77,4,17621.32,5434.06,2023-01-25
STU03117,Physics,Electromagnetism,Spring 2025,Completed,Female,Graduate,29,3.1,4,21753.41,2866.81,2025-01-25
STU03118,Chemistry,Analytical Chemistry,Spring 2024,Enrolled,Male,Junior,28,2.97,2,24538.55,981.32,2024-01-23
STU03119,Computer Science,Networks,Spring 2025,Completed,Male,Freshman,20,2.48,2,22774.72,6345.54,2025-01-06
STU03120,Chemistry,Physical Chemistry,Spring 2023,Completed,Female,Junior,25,2.37,4,11655.27,1934.8,2023-01-17
STU03121,Psychology,Intro to Psychology,Spring 2023,Completed,Female,Junior,22,2.78,2,18880.4,6826.77,2023-01-22
STU03122,Physics,Electromagnetism,Spring 2025,Waitlisted,Male,Freshman,24,3.39,4,22273.93,4193.99,2025-01-19
STU03123,Business Administration,Marketing,Spring 2025,Enrolled,Female,Senior,18,3.88,3,20158.75,7473.16,2025-01-15
STU03124,Economics,Econometrics,Spring 2024,Completed,Male,Senior,23,3.19,3,11685.27,6178.58,2024-01-20
STU03125,Mathematics,Statistics,Fall 2024,Enrolled,Female,Junior,22,3.21,2,12422.23,5198.7,2024-08-19
STU03126,Mathematics,Linear Algebra,Spring 2023,Enrolled,Male,Junior,22,2.36,2,5582.03,77.37,2023-01-21
STU03127,History,World History,Spring 2023,Waitlisted,Male,Junior,25,2.19,1,24732.77,4036.2,2023-01-15
STU03128,Psychology,Social Psychology,Spring 2025,Enrolled,Female,Freshman,27,2.84,2,15769.52,1380.36,2025-01-21
STU03129,Business Administration,Finance,Fall 2023,Waitlisted,Female,Sophomore,21,2.51,1,14970.9,7865.59,2023-08-18
STU03130,Computer Science,Databases,Spring 2025,Completed,Female,Freshman,18,3.9,1,6625.61,3499.79,2025-01-18
STU03131,English,American Literature,Spring 2023,Enrolled,Female,Senior,27,3.84,4,7336.69,1780.53,2023-01-20
STU03132,English,Linguistics,Fall 2024,Enrolled,Male,Sophomore,27,3.24,2,18655.05,3441.29,2024-08-21
STU03133,Business Administration,Accounting,Fall 2023,Completed,Male,Junior,24,2.98,1,18512.56,8739.87,2023-08-21
STU03134,Mathematics,Differential Equations,Fall 2023,Completed,Male,Sophomore,20,3.05,4,8156.02,1918.98,2023-08-26
STU03135,Psychology,Developmental Psychology,Spring 2025,Waitlisted,Male,Senior,20,3.34,2,10387.37,1770.23,2025-01-12
STU03136,Psychology,Social Psychology,Fall 2023,Dropped,Female,Sophomore,19,3.69,1,23437.07,2431.8,2023-08-26
STU03137,Economics,International Economics,Fall 2023,Enrolled,Male,Junior,27,2.19,4,12050.37,4834.04,2023-09-03
STU03138,Psychology,Intro to Psychology,Spring 2024,Enrolled,Male,Freshman,18,3.69,4,12982.63,6291.35,2024-01-13
STU03139,Physics,Electromagnetism,Fall 2024,Enrolled,Male,Junior,28,3.14,4,11145.87,3568.48,2024-08-25
STU03140,English,British Literature,Spring 2024,Completed,Male,Junior,18,2.78,1,22890.42,2609.46,2024-01-12
STU03141,Economics,Microeconomics,Spring 2023,Enrolled,Female,Senior,27,3.78,1,10486.95,4395.53,2023-01-19
STU03142,English,Composition,Spring 2025,Dropped,Female,Sophomore,24,2.31,4,23614.52,13211.3,2025-01-26
STU03143,Computer Science,Machine Learning,Spring 2023,Enrolled,Non-binary,Graduate,23,3.33,1,5369.32,199.66,2023-01-27
STU03144,Physics,Quantum Physics,Fall 2023,Enrolled,Male,Junior,23,4.0,4,12145.42,6493.31,2023-08-27
STU03145,Physics,Quantum Physics,Spring 2023,Completed,Male,Senior,22,3.05,4,22104.68,12207.91,2023-01-28
STU03146,Physics,Quantum Physics,Fall 2023,Completed,Male,Freshman,25,3.19,4,16869.72,4148.39,2023-08-31
STU03147,History,Ancient Civilizations,Fall 2023,Enrolled,Female,Senior,25,1.91,2,20437.84,6335.58,2023-08-30
STU03148,Physics,Quantum Physics,Spring 2025,Waitlisted,Female,Junior,27,3.84,2,19474.93,292.42,2025-01-20
STU03149,Psychology,Abnormal Psychology,Spring 2024,Completed,Male,Sophomore,18,3.46,2,12063.09,3320.21,2024-01-23
STU03150,Psychology,Abnormal Psychology,Fall 2024,Dropped,Female,Senior,19,3.02,1,6305.1,3251.25,2024-08-25
STU03151,Chemistry,Physical Chemistry,Spring 2025,Completed,Male,Sophomore,26,3.85,2,21716.13,9623.19,2025-01-07
STU03152,Computer Science,Web Dev,Spring 2025,Dropped,Male,Junior,18,1.62,1,14594.0,7520.98,2025-01-23
STU03153,Psychology,Developmental Psychology,Spring 2025,Completed,Female,Freshman,20,2.37,3,20497.0,9098.47,2025-01-15
STU03154,Business Administration,Management,Spring 2024,Enrolled,Male,Sophomore,18,4.0,3,6746.55,3748.71,2024-01-16
STU03155,History,Ancient Civilizations,Spring 2023,Completed,Female,Senior,29,3.83,4,9213.76,4626.81,2023-01-20
STU03156,English,British Literature,Fall 2023,Completed,Male,Freshman,26,3.65,2,8733.68,2129.62,2023-08-19
STU03157,Psychology,Social Psychology,Spring 2023,Enrolled,Male,Senior,23,3.75,2,16335.29,2252.27,2023-01-10
STU03158,Economics,Macroeconomics,Fall 2023,Completed,Male,Sophomore,27,3.37,4,17365.78,1365.34,2023-09-05
STU03159,Mathematics,Calculus I,Spring 2025,Dropped,Female,Senior,25,3.05,4,15024.81,2156.15,2025-01-13
STU03160,Business Administration,Marketing,Spring 2025,Enrolled,Male,Junior,24,2.26,2,23115.9,4071.9,2025-01-23
STU03161,Business Administration,Entrepreneurship,Spring 2024,Enrolled,Female,Senior,20,3.1,2,21492.31,10526.95,2024-01-28
STU03162,Computer Science,Web Dev,Fall 2023,Enrolled,Male,Graduate,27,2.34,1,21474.69,2724.78,2023-09-05
STU03163,Biology,Anatomy,Spring 2025,Enrolled,Male,Sophomore,25,3.3,4,14015.91,5632.6,2025-01-12
STU03164,Business Administration,Entrepreneurship,Spring 2023,Waitlisted,Female,Sophomore,21,3.01,4,19031.99,4962.81,2023-01-20
STU03165,Chemistry,Analytical Chemistry,Spring 2025,Enrolled,Female,Freshman,27,3.32,4,22733.4,9078.22,2025-01-21
STU03166,Economics,Microeconomics,Spring 2025,Dropped,Male,Sophomore,21,3.91,4,9927.43,2351.95,2025-01-06
STU03167,Computer Science,Web Dev,Fall 2024,Waitlisted,Male,Sophomore,23,2.94,2,9309.71,3316.28,2024-08-27
STU03168,Physics,Quantum Physics,Spring 2025,Enrolled,Female,Senior,28,3.44,2,19290.83,8138.48,2025-01-26
STU03169,Mathematics,Differential Equations,Spring 2025,Enrolled,Male,Senior,26,3.1,4,17915.3,2252.8,2025-01-12
STU03170,Biology,Anatomy,Spring 2023,Enrolled,Female,Senior,26,3.59,3,22248.35,2842.53,2023-01-17
STU03171,Chemistry,General Chemistry,Fall 2023,Enrolled,Female,Graduate,27,2.67,3,10794.36,1507.58,2023-08-30
STU03172,Mathematics,Probability,Fall 2024,Completed,Male,Senior,19,2.87,2,19821.58,3759.38,2024-08-19
STU03173,Economics,Macroeconomics,Fall 2024,Enrolled,Female,Freshman,18,2.2,4,19767.83,9182.74,2024-08-30
STU03174,Biology,Ecology,Fall 2024,Enrolled,Female,Senior,21,2.44,1,13264.45,113.74,2024-08-23
STU03175,Physics,Quantum Physics,Fall 2024,Completed,Female,Sophomore,25,2.25,4,10630.92,470.04,2024-08-26
STU03176,Physics,Optics,Fall 2024,Enrolled,Male,Senior,25,3.63,3,14879.7,763.55,2024-08-18
STU03177,Business Administration,Business Ethics,Fall 2024,Enrolled,Male,Freshman,29,2.93,4,6857.19,3253.39,2024-08-30
STU03178,Chemistry,General Chemistry,Spring 2024,Completed,Male,Senior,29,4.0,1,15747.68,1512.99,2024-01-13
STU03179,Physics,Mechanics,Fall 2024,Completed,Female,Graduate,33,3.05,2,6538.21,804.57,2024-08-19
STU03180,Business Administration,Marketing,Fall 2023,Dropped,Female,Junior,19,3.04,2,10838.6,3545.35,2023-08-20
STU03181,Business Administration,Marketing,Fall 2023,Completed,Female,Graduate,26,3.05,2,15877.97,7045.54,2023-08-16
STU03182,Physics,Electromagnetism,Spring 2024,Enrolled,Male,Freshman,21,3.01,2,7366.48,3450.93,2024-01-27
STU03183,Biology,Ecology,Spring 2023,Enrolled,Male,Junior,26,3.96,3,23145.79,12790.77,2023-01-17
STU03184,Computer Science,Data Structures,Fall 2024,Completed,Non-binary,Junior,24,3.15,3,15230.17,2427.8,2024-08-25
STU03185,Computer Science,Machine Learning,Spring 2025,Completed,Female,Graduate,31,2.57,3,13654.1,1040.88,2025-01-19
STU03186,Biology,Anatomy,Fall 2023,Dropped,Male,Sophomore,19,3.04,3,23531.58,9204.91,2023-09-01
STU03187,Biology,Microbiology,Spring 2025,Completed,Male,Graduate,27,3.35,1,12122.12,1753.66,2025-01-20
STU03188,English,Poetry,Fall 2024,Completed,Female,Freshman,18,3.55,2,24171.48,10512.15,2024-08-31
STU03189,Chemistry,Biochemistry,Spring 2023,Waitlisted,Male,Junior,18,3.06,4,14041.87,2532.86,2023-01-13
STU03190,English,Poetry,Fall 2024,Enrolled,Male,Sophomore,26,2.79,2,13676.43,5526.56,2024-09-01
STU03191,Economics,International Economics,Fall 2023,Completed,Male,Junior,23,3.4,3,21715.75,7925.93,2023-08-28
STU03192,Physics,Mechanics,Spring 2025,Enrolled,Female,Junior,19,3.27,1,15064.09,6948.17,2025-01-20
STU03193,Business Administration,Finance,Spring 2025,Enrolled,Non-binary,Freshman,20,2.98,2,20522.33,5315.1,2025-01-10
STU03194,Physics,Quantum Physics,Spring 2024,Completed,Male,Junior,18,2.68,2,13226.45,4784.1,2024-01-08
STU03195,History,US History,Spring 2025,Waitlisted,Male,Junior,24,2.37,2,8256.93,209.81,2025-01-07
STU03196,Psychology,Abnormal Psychology,Fall 2023,Enrolled,Female,Freshman,27,3.08,4,15891.44,1956.88,2023-08-20
STU03197,Mathematics,Statistics,Spring 2025,Enrolled,Male,Graduate,30,2.66,2,11882.0,7061.27,2025-01-16
STU03198,Psychology,Social Psychology,Fall 2023,Enrolled,Male,Sophomore,21,3.54,1,20216.03,5491.39,2023-08-25
STU03199,Mathematics,Linear Algebra,Fall 2024,Waitlisted,Male,Junior,22,3.18,1,16667.8,4780.95,2024-08-22
STU03200,Chemistry,Organic Chemistry,Fall 2024,Enrolled,Female,Freshman,18,3.58,3,12972.58,5902.31,2024-08-17
STU03201,Biology,Evolution,Spring 2025,Completed,Male,Graduate,24,2.55,4,22250.4,2642.99,2025-01-09
STU03202,Physics,Thermodynamics,Spring 2024,Waitlisted,Male,Junior,21,2.94,2,13835.93,6166.32,2024-01-10
STU03203,Physics,Mechanics,Spring 2024,Enrolled,Female,Junior,28,3.19,1,9063.2,367.36,2024-01-26
STU03204,Business Administration,Finance,Fall 2024,Waitlisted,Male,Graduate,25,4.0,4,24687.63,6940.39,2024-08-15
STU03205,Economics,Microeconomics,Spring 2024,Completed,Female,Sophomore,25,3.12,2,19133.75,2212.84,2024-01-16
STU03206,Biology,Genetics,Fall 2024,Waitlisted,Male,Freshman,25,3.7,3,21641.24,1087.14,2024-08-29
STU03207,Business Administration,Marketing,Fall 2023,Completed,Female,Junior,19,3.62,4,14750.05,3241.79,2023-08-23
STU03208,Chemistry,General Chemistry,Spring 2025,Enrolled,Female,Junior,22,2.45,2,23950.46,593.06,2025-01-09
STU03209,Psychology,Cognitive Psychology,Spring 2025,Enrolled,Male,Senior,27,3.72,2,12677.5,3589.07,2025-01-06
STU03210,History,US History,Spring 2023,Completed,Male,Sophomore,26,3.32,2,13296.96,4265.61,2023-01-20
STU03211,English,British Literature,Spring 2025,Waitlisted,Female,Junior,20,3.31,3,19339.54,6760.34,2025-01-12
STU03212,Mathematics,Differential Equations,Fall 2024,Enrolled,Male,Sophomore,19,2.59,3,13908.11,2963.22,2024-08-17
STU03213,Computer Science,Data Structures,Fall 2024,Enrolled,Female,Senior,24,3.43,2,6046.12,2694.65,2024-08-19
STU03214,Chemistry,Analytical Chemistry,Fall 2023,Completed,Female,Junior,19,4.0,2,5636.11,1525.7,2023-08-21
STU03215,Computer Science,Data Structures,Spring 2025,Enrolled,Male,Junior,19,2.94,1,8032.21,443.77,2025-01-26
STU03216,Chemistry,Physical Chemistry,Fall 2024,Completed,Female,Graduate,33,3.08,4,7000.36,2906.17,2024-08-24
STU03217,History,US History,Spring 2025,Completed,Male,Senior,18,2.6,1,23903.23,13382.38,2025-01-26
STU03218,Chemistry,Biochemistry,Spring 2025,Enrolled,Female,Senior,29,3.26,2,5560.11,3108.51,2025-01-19
STU03219,Physics,Mechanics,Spring 2024,Enrolled,Male,Sophomore,24,3.04,1,6536.99,1541.2,2024-01-15
STU03220,Computer Science,Data Structures,Fall 2024,Enrolled,Female,Graduate,29,2.93,2,14481.28,8059.99,2024-08-29
STU03221,Physics,Electromagnetism,Fall 2023,Completed,Male,Graduate,25,2.93,2,16907.47,3476.92,2023-08-17
STU03222,History,World History,Fall 2024,Completed,Male,Graduate,27,3.24,2,14140.05,3394.85,2024-08-26
STU03223,Economics,International Economics,Fall 2024,Enrolled,Male,Freshman,28,3.37,4,18389.97,294.53,2024-08-26
STU03224,Computer Science,Networks,Spring 2025,Waitlisted,Male,Sophomore,24,2.2,3,13007.61,1273.09,2025-01-18
STU03225,Computer Science,Intro to CS,Fall 2024,Enrolled,Male,Junior,27,3.97,4,7941.4,3647.16,2024-08-13
STU03226,Mathematics,Statistics,Spring 2025,Completed,Female,Freshman,18,2.26,2,23066.82,117.45,2025-01-10
STU03227,Biology,Microbiology,Spring 2023,Completed,Female,Junior,27,2.94,3,8526.62,2089.42,2023-01-20
STU03228,Mathematics,Statistics,Fall 2023,Waitlisted,Female,Senior,21,2.75,3,13820.7,2934.44,2023-08-31
STU03229,Chemistry,Biochemistry,Spring 2023,Completed,Male,Senior,21,2.85,4,22160.27,4552.36,2023-01-10
STU03230,History,Modern History,Spring 2024,Waitlisted,Female,Freshman,25,4.0,4,22953.37,13309.15,2024-01-26
STU03231,Biology,Ecology,Fall 2024,Enrolled,Non-binary,Junior,27,3.76,4,13072.71,2484.79,2024-08-25
STU03232,Mathematics,Statistics,Fall 2023,Enrolled,Female,Senior,28,3.71,1,20799.63,1428.49,2023-08-29
STU03233,Mathematics,Differential Equations,Spring 2025,Completed,Female,Sophomore,18,2.57,3,5703.71,204.09,2025-01-10
STU03234,Physics,Mechanics,Spring 2025,Enrolled,Male,Junior,23,3.46,3,16932.78,6575.89,2025-01-24
STU03235,Chemistry,General Chemistry,Spring 2025,Enrolled,Male,Senior,29,1.71,3,13139.76,3398.78,2025-01-26
STU03236,Biology,Anatomy,Spring 2025,Completed,Male,Freshman,23,2.9,2,18628.14,3523.06,2025-01-18
STU03237,English,British Literature,Spring 2025,Enrolled,Male,Sophomore,19,3.06,4,20020.48,4536.56,2025-01-24
STU03238,Psychology,Developmental Psychology,Spring 2023,Completed,Male,Graduate,23,2.57,4,12739.05,2673.97,2023-01-13
STU03239,Chemistry,General Chemistry,Fall 2024,Waitlisted,Male,Junior,21,2.68,2,24029.99,10299.03,2024-08-27
STU03240,Psychology,Social Psychology,Fall 2024,Enrolled,Female,Junior,28,3.63,2,10790.85,3390.69,2024-08-15
STU03241,Mathematics,Statistics,Fall 2024,Enrolled,Female,Graduate,29,2.84,1,15426.68,2565.59,2024-08-28
STU03242,Computer Science,Machine Learning,Spring 2024,Enrolled,Female,Freshman,19,2.7,3,6755.12,631.17,2024-01-25
STU03243,Economics,International Economics,Fall 2024,Enrolled,Male,Graduate,28,3.24,3,11452.56,5656.99,2024-08-14
STU03244,Chemistry,Organic Chemistry,Spring 2024,Enrolled,Male,Graduate,29,2.41,4,23257.17,2821.77,2024-01-15
STU03245,English,Composition,Fall 2023,Completed,Male,Senior,23,1.77,2,8839.51,2589.37,2023-08-27
STU03246,History,Modern History,Spring 2025,Waitlisted,Female,Junior,26,3.54,3,20911.27,9580.76,2025-01-08
STU03247,Mathematics,Discrete Math,Spring 2024,Completed,Female,Freshman,26,3.67,1,6163.02,1946.96,2024-01-23
STU03248,Physics,Quantum Physics,Spring 2024,Completed,Female,Freshman,25,3.16,1,10855.79,1253.68,2024-01-17
STU03249,Psychology,Social Psychology,Spring 2024,Completed,Female,Graduate,31,3.32,4,13117.59,7646.41,2024-01-19
STU03250,Computer Science,Databases,Spring 2025,Enrolled,Female,Senior,29,3.62,1,8931.74,4848.0,2025-01-21
STU03251,English,Creative Writing,Fall 2023,Enrolled,Male,Senior,20,3.52,2,16068.9,3750.78,2023-08-22
STU03252,Biology,Cell Biology,Spring 2024,Completed,Female,Freshman,21,1.82,4,24530.14,14155.05,2024-01-20
STU03253,Economics,Microeconomics,Fall 2024,Enrolled,Female,Senior,26,3.0,4,20695.54,11325.44,2024-08-26
STU03254,Economics,Game Theory,Fall 2024,Dropped,Female,Graduate,28,3.56,4,8784.75,4258.92,2024-08-27
STU03255,Psychology,Developmental Psychology,Spring 2024,Enrolled,Female,Graduate,22,2.6,1,11530.08,4030.61,2024-01-20
STU03256,History,Ancient Civilizations,Spring 2025,Completed,Male,Sophomore,18,2.9,4,17212.37,9985.09,2025-01-07
STU03257,History,World History,Fall 2024,Enrolled,Non-binary,Junior,28,3.39,1,16312.71,1256.46,2024-08-16
STU03258,Chemistry,Physical Chemistry,Spring 2023,Dropped,Female,Freshman,21,3.01,3,16476.48,4606.86,2023-01-21
STU03259,Psychology,Abnormal Psychology,Spring 2025,Dropped,Female,Senior,26,3.32,4,9676.97,464.0,2025-01-15
STU03260,Computer Science,Operating Systems,Spring 2024,Enrolled,Male,Freshman,21,2.51,4,17166.39,3730.07,2024-01-09
STU03261,Physics,Optics,Spring 2025,Completed,Female,Senior,26,3.38,2,8084.45,1730.58,2025-01-14
STU03262,Business Administration,Entrepreneurship,Fall 2023,Dropped,Female,Freshman,27,3.74,2,10903.12,4025.22,2023-08-25
STU03263,Economics,Microeconomics,Fall 2024,Completed,Male,Sophomore,28,3.94,2,19841.85,8287.69,2024-08-20
STU03264,Economics,Microeconomics,Spring 2024,Waitlisted,Male,Senior,25,1.93,3,11970.12,5982.65,2024-01-11
STU03265,Business Administration,Accounting,Fall 2023,Completed,Male,Sophomore,18,2.55,2,20712.04,11189.17,2023-08-28
STU03266,Mathematics,Probability,Spring 2025,Waitlisted,Male,Graduate,26,3.7,1,17509.94,4119.75,2025-01-21
STU03267,Mathematics,Linear Algebra,Spring 2024,Completed,Non-binary,Senior,21,2.81,1,18076.77,825.27,2024-01-23
STU03268,History,Modern History,Fall 2023,Completed,Female,Senior,19,2.44,2,13686.78,2752.55,2023-08-30
STU03269,Computer Science,Web Dev,Fall 2023,Completed,Male,Junior,18,2.67,2,5248.32,539.37,2023-08-31
STU03270,Psychology,Developmental Psychology,Fall 2024,Enrolled,Female,Freshman,21,3.35,2,5432.79,759.98,2024-08-22
STU03271,Mathematics,Statistics,Fall 2024,Enrolled,Male,Freshman,26,4.0,4,12393.74,1584.94,2024-08-30
STU03272,History,European History,Fall 2024,Completed,Male,Graduate,23,3.01,1,24620.77,295.67,2024-08-17
STU03273,Mathematics,Statistics,Fall 2024,Enrolled,Female,Sophomore,26,2.47,1,11714.13,4490.34,2024-09-01
STU03274,English,Creative Writing,Fall 2023,Completed,Male,Senior,18,2.65,1,23257.21,6504.31,2023-08-16
STU03275,Business Administration,Finance,Spring 2024,Enrolled,Male,Freshman,23,2.13,2,11764.2,2379.22,2024-01-10
STU03276,Computer Science,Intro to CS,Spring 2024,Waitlisted,Non-binary,Freshman,24,2.65,4,8042.33,684.65,2024-01-28
STU03277,Physics,Quantum Physics,Fall 2023,Enrolled,Female,Graduate,29,3.13,2,14013.34,662.22,2023-09-05
STU03278,Chemistry,Biochemistry,Spring 2025,Enrolled,Female,Freshman,27,3.23,4,23363.84,5345.68,2025-01-11
STU03279,Physics,Optics,Spring 2024,Completed,Male,Graduate,27,3.45,2,12967.55,2482.73,2024-01-11
STU03280,Economics,Econometrics,Spring 2023,Completed,Male,Graduate,30,3.18,1,16438.91,9735.07,2023-01-12
STU03281,Business Administration,Management,Spring 2025,Enrolled,Male,Senior,18,3.03,2,5080.51,1224.34,2025-01-08
STU03282,Computer Science,Intro to CS,Fall 2024,Dropped,Male,Freshman,19,3.66,4,20812.12,3497.84,2024-09-01
STU03283,Computer Science,Algorithms,Spring 2025,Completed,Female,Junior,26,2.4,3,23519.83,3073.44,2025-01-16
STU03284,Chemistry,Organic Chemistry,Fall 2023,Completed,Female,Sophomore,26,2.16,3,19145.88,10596.67,2023-08-30
STU03285,English,Poetry,Fall 2024,Waitlisted,Female,Freshman,26,3.18,2,9628.73,1454.39,2024-08-19
STU03286,Computer Science,Databases,Spring 2025,Waitlisted,Male,Sophomore,22,3.34,3,17637.79,5526.81,2025-01-26
STU03287,Biology,Microbiology,Fall 2024,Completed,Female,Sophomore,25,2.14,2,21044.43,6685.6,2024-09-02
STU03288,Economics,Econometrics,Fall 2023,Enrolled,Female,Graduate,32,2.59,4,17456.58,1601.35,2023-08-25
STU03289,History,World History,Fall 2023,Enrolled,Female,Freshman,27,2.5,2,13734.13,7047.51,2023-08-25
STU03290,Chemistry,Organic Chemistry,Spring 2024,Enrolled,Female,Junior,23,3.44,1,11200.04,5025.85,2024-01-08
STU03291,English,British Literature,Fall 2023,Dropped,Male,Freshman,27,2.92,4,18839.85,8511.26,2023-08-29
STU03292,English,British Literature,Fall 2024,Waitlisted,Female,Junior,21,3.45,2,13008.9,1017.54,2024-08-27
STU03293,Mathematics,Linear Algebra,Spring 2025,Completed,Non-binary,Sophomore,19,3.37,3,13908.02,766.33,2025-01-17
STU03294,Chemistry,Analytical Chemistry,Spring 2024,Waitlisted,Non-binary,Sophomore,19,3.72,4,8274.19,380.21,2024-01-11
STU03295,Computer Science,Operating Systems,Spring 2024,Completed,Female,Graduate,25,3.06,4,5819.92,3073.96,2024-01-20
STU03296,Chemistry,Physical Chemistry,Spring 2023,Enrolled,Male,Senior,26,3.53,2,22350.26,5254.36,2023-01-25
STU03297,Physics,Relativity,Spring 2023,Enrolled,Female,Senior,28,3.13,2,16943.01,4651.32,2023-01-18
STU03298,Physics,Quantum Physics,Fall 2024,Enrolled,Male,Senior,19,2.49,1,14356.29,2682.46,2024-08-21
STU03299,Economics,Game Theory,Fall 2024,Enrolled,Female,Senior,21,3.56,2,9758.48,5788.67,2024-09-02
STU03300,Business Administration,Business Ethics,Fall 2024,Waitlisted,Female,Sophomore,18,2.12,3,8883.24,2542.74,2024-08-20
STU03301,Psychology,Abnormal Psychology,Spring 2025,Enrolled,Female,Senior,25,2.47,4,21349.53,4725.31,2025-01-20
STU03302,Business Administration,Finance,Spring 2024,Dropped,Male,Freshman,27,3.19,2,22965.18,8679.24,2024-01-24
STU03303,Chemistry,Physical Chemistry,Fall 2023,Completed,Female,Junior,24,3.25,2,6524.27,2555.13,2023-08-24
STU03304,Mathematics,Linear Algebra,Fall 2023,Completed,Male,Graduate,27,3.8,1,8683.61,4596.69,2023-08-20
STU03305,Physics,Electromagnetism,Spring 2024,Enrolled,Female,Junior,29,3.89,3,14775.97,791.53,2024-01-25
STU03306,Computer Science,Networks,Spring 2025,Enrolled,Female,Freshman,26,2.59,3,6889.32,788.48,2025-01-13
STU03307,Biology,Cell Biology,Spring 2025,Completed,Female,Sophomore,27,2.83,3,15764.37,8695.1,2025-01-08
STU03308,Mathematics,Calculus I,Fall 2023,Dropped,Female,Sophomore,26,2.6,4,19112.07,4101.57,2023-09-03
STU03309,Physics,Mechanics,Fall 2024,Completed,Female,Senior,29,2.73,3,8875.38,1616.42,2024-08-24
STU03310,Physics,Relativity,Spring 2025,Waitlisted,Male,Freshman,22,4.0,3,13521.13,7215.31,2025-01-20
STU03311,Business Administration,Business Ethics,Fall 2024,Enrolled,Male,Junior,26,3.18,2,22721.02,4972.35,2024-08-19
STU03312,Computer Science,Networks,Spring 2025,Completed,Female,Freshman,19,2.74,3,9628.25,3226.26,2025-01-16
STU03313,Psychology,Developmental Psychology,Spring 2024,Waitlisted,Female,Graduate,30,3.77,1,5694.46,2359.61,2024-01-15
STU03314,English,Composition,Fall 2024,Waitlisted,Male,Junior,27,2.41,2,12486.51,3474.91,2024-08-29
STU03315,Computer Science,Networks,Fall 2024,Completed,Female,Senior,28,3.6,3,15699.33,1228.69,2024-08-29
STU03316,Economics,Macroeconomics,Spring 2025,Completed,Female,Junior,20,2.9,1,24688.32,12653.21,2025-01-12
STU03317,Chemistry,Organic Chemistry,Spring 2025,Enrolled,Male,Sophomore,29,2.99,3,9108.68,1137.2,2025-01-21
STU03318,Biology,Cell Biology,Fall 2024,Completed,Female,Senior,21,3.83,1,15932.99,8794.69,2024-09-02
STU03319,Computer Science,Intro to CS,Spring 2024,Completed,Female,Freshman,27,2.26,4,5970.67,2666.31,2024-01-10
STU03320,English,Creative Writing,Fall 2023,Enrolled,Female,Sophomore,18,2.75,1,18414.51,7111.32,2023-08-16
STU03321,Physics,Relativity,Spring 2024,Completed,Female,Graduate,29,2.92,1,20333.45,11453.38,2024-01-17
STU03322,Business Administration,Finance,Spring 2024,Enrolled,Male,Sophomore,18,2.53,3,20483.14,5781.26,2024-01-24
STU03323,Physics,Thermodynamics,Spring 2025,Enrolled,Female,Junior,21,3.5,1,9056.82,1658.32,2025-01-07
STU03324,Chemistry,Analytical Chemistry,Spring 2024,Completed,Female,Senior,22,3.42,2,8730.44,4865.48,2024-01-21
STU03325,Biology,Ecology,Spring 2025,Waitlisted,Female,Senior,27,2.09,4,8083.12,2197.83,2025-01-20
STU03326,English,Creative Writing,Spring 2025,Completed,Female,Freshman,25,3.18,3,22566.71,2652.11,2025-01-07
STU03327,Mathematics,Statistics,Fall 2024,Waitlisted,Male,Graduate,29,2.52,3,18203.45,8678.97,2024-08-29
STU03328,Mathematics,Linear Algebra,Spring 2024,Enrolled,Male,Graduate,31,4.0,1,23221.31,5552.11,2024-01-17
STU03329,Psychology,Social Psychology,Spring 2024,Enrolled,Female,Freshman,26,1.55,1,6514.79,49.79,2024-01-19
STU03330,English,Composition,Fall 2023,Completed,Female,Junior,28,3.23,2,6309.29,1439.95,2023-08-29
STU03331,Business Administration,Business Ethics,Spring 2023,Enrolled,Female,Senior,26,2.93,1,7590.53,3839.16,2023-01-25
STU03332,Computer Science,Databases,Spring 2023,Enrolled,Female,Freshman,28,2.78,3,9030.54,1849.32,2023-01-19
STU03333,English,British Literature,Spring 2023,Enrolled,Male,Sophomore,20,3.75,2,10291.82,1297.1,2023-01-27
STU03334,Physics,Mechanics,Spring 2025,Enrolled,Male,Senior,26,3.3,4,14538.96,8612.98,2025-01-23
STU03335,Physics,Relativity,Fall 2024,Enrolled,Male,Graduate,27,3.54,4,11177.3,3663.76,2024-08-16
STU03336,Chemistry,General Chemistry,Fall 2024,Completed,Male,Senior,24,2.93,3,24998.5,6528.98,2024-08-15
STU03337,Physics,Optics,Fall 2024,Enrolled,Female,Junior,27,3.41,4,14264.59,2772.52,2024-08-22
STU03338,Business Administration,Finance,Spring 2025,Completed,Male,Senior,27,3.51,2,22524.47,11943.97,2025-01-18
STU03339,Biology,Cell Biology,Spring 2025,Completed,Male,Junior,29,2.4,1,22221.1,3379.42,2025-01-17
STU03340,Psychology,Developmental Psychology,Spring 2025,Dropped,Female,Senior,23,3.07,1,8311.27,2019.21,2025-01-21
STU03341,Psychology,Developmental Psychology,Fall 2024,Waitlisted,Male,Sophomore,21,2.95,1,9980.4,5624.14,2024-08-18
STU03342,Mathematics,Discrete Math,Fall 2024,Enrolled,Female,Junior,26,3.39,2,21412.51,2507.75,2024-08-23
STU03343,Mathematics,Calculus I,Fall 2023,Waitlisted,Male,Senior,26,2.74,4,19582.07,2959.73,2023-08-19
STU03344,Mathematics,Calculus I,Spring 2024,Enrolled,Male,Freshman,24,3.48,3,24663.25,3622.71,2024-01-20
STU03345,Physics,Quantum Physics,Fall 2023,Completed,Male,Senior,18,3.09,1,12573.81,5242.43,2023-09-03
STU03346,Chemistry,Analytical Chemistry,Spring 2025,Completed,Male,Freshman,19,2.6,3,17445.83,4838.4,2025-01-15
STU03347,Biology,Anatomy,Spring 2025,Completed,Male,Junior,20,2.36,3,18015.47,5696.34,2025-01-10
STU03348,Chemistry,Biochemistry,Spring 2024,Completed,Female,Graduate,29,2.27,2,24795.49,4495.7,2024-01-21
STU03349,Biology,Cell Biology,Spring 2024,Enrolled,Male,Freshman,19,3.3,3,8249.01,4879.14,2024-01-14
STU03350,Biology,Anatomy,Fall 2023,Waitlisted,Female,Senior,28,2.44,4,8207.47,1425.04,2023-08-17
STU03351,Physics,Quantum Physics,Fall 2023,Enrolled,Female,Senior,23,3.37,1,15609.26,779.16,2023-08-25
STU03352,English,American Literature,Spring 2025,Enrolled,Male,Graduate,32,2.62,3,17100.62,1250.11,2025-01-14
STU03353,Computer Science,Algorithms,Spring 2024,Dropped,Female,Freshman,22,2.76,2,13181.52,225.55,2024-01-25
STU03354,History,Modern History,Spring 2024,Enrolled,Female,Senior,20,2.92,2,7147.97,4073.93,2024-01-26
STU03355,Computer Science,Operating Systems,Spring 2024,Completed,Male,Freshman,28,2.7,2,23863.26,1422.96,2024-01-21
STU03356,Psychology,Intro to Psychology,Fall 2024,Completed,Female,Graduate,25,3.15,1,5006.19,2650.12,2024-08-28
STU03357,Computer Science,Machine Learning,Fall 2024,Completed,Non-binary,Freshman,19,3.67,2,9651.61,5100.42,2024-08-25
STU03358,Computer Science,Algorithms,Spring 2024,Enrolled,Male,Sophomore,28,3.61,2,6019.48,1731.17,2024-01-24
STU03359,Economics,Econometrics,Fall 2024,Completed,Male,Freshman,20,2.44,2,20181.82,9497.1,2024-08-19
STU03360,History,World History,Spring 2023,Completed,Male,Sophomore,24,2.85,4,12523.3,3803.97,2023-01-24
STU03361,English,Composition,Spring 2025,Completed,Male,Junior,22,3.53,2,11793.04,3029.51,2025-01-19
STU03362,Computer Science,Web Dev,Fall 2023,Completed,Female,Junior,27,2.68,3,15800.03,6682.59,2023-08-29
STU03363,Biology,Anatomy,Spring 2023,Completed,Female,Freshman,28,2.83,4,6913.27,157.28,2023-01-25
STU03364,English,Linguistics,Spring 2024,Enrolled,Female,Junior,21,3.19,3,17359.46,6930.36,2024-01-26
STU03365,History,Ancient Civilizations,Fall 2023,Enrolled,Female,Junior,26,3.34,2,10336.08,725.85,2023-08-30
STU03366,Mathematics,Statistics,Fall 2024,Enrolled,Female,Senior,24,3.58,1,7140.21,1253.52,2024-08-28
STU03367,Biology,Microbiology,Spring 2023,Completed,Male,Graduate,25,2.98,4,17639.64,6517.39,2023-01-14
STU03368,Computer Science,Networks,Spring 2023,Completed,Female,Senior,21,2.96,4,6669.04,3086.86,2023-01-10
STU03369,Computer Science,Algorithms,Fall 2023,Dropped,Male,Graduate,30,3.43,3,17854.84,355.63,2023-08-30
STU03370,Computer Science,Data Structures,Spring 2024,Enrolled,Male,Senior,19,3.22,2,7254.75,2732.65,2024-01-14
STU03371,Mathematics,Statistics,Spring 2024,Enrolled,Male,Junior,26,3.86,4,11496.46,5443.05,2024-01-23
STU03372,Business Administration,Marketing,Spring 2024,Enrolled,Male,Sophomore,27,2.73,2,10122.14,5339.52,2024-01-09
STU03373,Business Administration,Accounting,Fall 2023,Completed,Male,Senior,26,3.37,3,8143.65,1028.36,2023-08-16
STU03374,English,American Literature,Spring 2023,Dropped,Female,Senior,20,2.84,1,9895.18,3852.28,2023-01-26
STU03375,English,Linguistics,Spring 2024,Completed,Female,Graduate,31,2.88,4,18992.69,311.91,2024-01-19
STU03376,History,European History,Spring 2025,Completed,Male,Junior,29,3.32,4,21421.57,11386.2,2025-01-17
STU03377,Mathematics,Discrete Math,Fall 2023,Waitlisted,Female,Senior,22,3.17,3,19307.06,4318.72,2023-09-05
STU03378,Psychology,Abnormal Psychology,Spring 2024,Waitlisted,Male,Senior,19,2.82,1,12639.41,6911.96,2024-01-17
STU03379,Physics,Electromagnetism,Spring 2025,Completed,Female,Freshman,20,2.82,3,18003.12,9307.74,2025-01-10
STU03380,Biology,Cell Biology,Spring 2025,Enrolled,Male,Freshman,29,2.5,3,10466.25,1869.61,2025-01-09
STU03381,History,Ancient Civilizations,Fall 2023,Enrolled,Female,Graduate,26,2.98,4,19615.25,3519.92,2023-08-15
STU03382,Biology,Evolution,Spring 2023,Completed,Female,Junior,22,3.03,3,7553.33,3637.15,2023-01-24
STU03383,Computer Science,Algorithms,Spring 2025,Waitlisted,Male,Sophomore,28,2.98,4,20045.39,811.85,2025-01-19
STU03384,Economics,International Economics,Fall 2024,Completed,Male,Sophomore,22,2.02,4,14251.66,5166.86,2024-08-20
STU03385,Economics,Macroeconomics,Fall 2024,Completed,Male,Graduate,32,3.22,3,16127.43,4780.44,2024-08-13
STU03386,Physics,Mechanics,Spring 2023,Completed,Male,Freshman,24,2.21,3,10045.83,2415.18,2023-01-11
STU03387,Computer Science,Data Structures,Spring 2024,Enrolled,Female,Sophomore,20,2.93,3,24906.98,4879.23,2024-01-16
STU03388,Chemistry,Organic Chemistry,Fall 2023,Enrolled,Female,Graduate,31,2.77,2,12845.24,3383.51,2023-08-22
STU03389,Business Administration,Marketing,Spring 2025,Completed,Female,Freshman,18,2.71,3,20997.83,11657.93,2025-01-15
STU03390,Chemistry,Biochemistry,Spring 2023,Enrolled,Female,Senior,23,3.16,3,23144.81,12128.32,2023-01-23
STU03391,History,Modern History,Fall 2024,Completed,Male,Sophomore,29,3.27,1,11492.0,2889.49,2024-08-31
STU03392,Computer Science,Intro to CS,Fall 2024,Enrolled,Male,Sophomore,27,2.93,2,12067.97,4552.06,2024-08-31
STU03393,Physics,Electromagnetism,Spring 2025,Completed,Female,Sophomore,18,2.85,2,10758.73,1843.04,2025-01-19
STU03394,Economics,International Economics,Spring 2024,Enrolled,Female,Senior,18,3.72,1,14870.34,3716.97,2024-01-21
STU03395,History,Ancient Civilizations,Spring 2025,Completed,Male,Senior,18,3.69,1,16759.48,2784.12,2025-01-07
STU03396,Biology,Anatomy,Spring 2024,Enrolled,Female,Junior,19,3.1,3,7488.82,2382.23,2024-01-16
STU03397,Physics,Optics,Spring 2024,Enrolled,Female,Freshman,28,2.54,1,10298.62,1367.27,2024-01-24
STU03398,Economics,Econometrics,Fall 2024,Enrolled,Female,Freshman,19,2.73,4,9940.44,1453.22,2024-08-29
STU03399,Economics,Econometrics,Spring 2024,Completed,Male,Junior,21,2.86,1,11796.85,4137.1,2024-01-10
STU03400,History,US History,Spring 2023,Enrolled,Female,Sophomore,23,3.08,3,10256.46,3543.09,2023-01-13
STU03401,History,European History,Spring 2025,Completed,Male,Senior,18,2.89,3,10813.33,2684.0,2025-01-18
STU03402,English,Poetry,Spring 2024,Completed,Male,Sophomore,22,3.15,4,10754.93,6343.36,2024-01-10
STU03403,Business Administration,Entrepreneurship,Fall 2024,Dropped,Female,Freshman,24,3.07,3,7865.97,636.42,2024-08-12
STU03404,Business Administration,Business Ethics,Spring 2024,Enrolled,Female,Junior,19,2.17,3,12418.47,1286.36,2024-01-16
STU03405,Computer Science,Databases,Fall 2024,Dropped,Male,Senior,19,3.01,4,10475.96,3704.33,2024-08-21
STU03406,Chemistry,Organic Chemistry,Spring 2023,Completed,Non-binary,Junior,23,3.61,4,10187.83,3339.05,2023-01-27
STU03407,Mathematics,Calculus II,Spring 2023,Completed,Female,Graduate,27,3.05,1,20439.78,11629.15,2023-01-24
STU03408,Mathematics,Linear Algebra,Fall 2024,Completed,Male,Junior,29,4.0,1,11693.3,2241.95,2024-08-14
STU03409,Computer Science,Data Structures,Fall 2023,Completed,Female,Sophomore,19,3.21,2,13519.46,1542.66,2023-09-04
STU03410,Biology,Anatomy,Spring 2025,Completed,Male,Senior,29,3.32,3,12229.77,3998.2,2025-01-07
STU03411,Physics,Relativity,Fall 2023,Enrolled,Male,Graduate,32,2.39,4,16684.37,3875.42,2023-08-20
STU03412,Mathematics,Differential Equations,Spring 2024,Completed,Male,Sophomore,29,3.37,2,19014.64,9761.64,2024-01-13
STU03413,Economics,Game Theory,Fall 2024,Completed,Male,Graduate,26,2.91,3,8183.35,3228.19,2024-08-16
STU03414,Mathematics,Statistics,Spring 2024,Enrolled,Male,Sophomore,24,3.29,3,22848.52,8825.11,2024-01-20
STU03415,Business Administration,Business Ethics,Spring 2024,Enrolled,Female,Graduate,27,3.21,3,17170.25,4053.7,2024-01-25
STU03416,History,World History,Spring 2025,Enrolled,Male,Senior,29,3.93,3,23755.75,108.2,2025-01-08
STU03417,Business Administration,Management,Fall 2023,Completed,Male,Freshman,18,3.59,4,23099.54,61.01,2023-08-18
STU03418,Physics,Electromagnetism,Spring 2024,Enrolled,Female,Freshman,19,3.53,2,5585.87,3266.17,2024-01-28
STU03419,History,World History,Spring 2024,Enrolled,Male,Junior,19,3.53,3,17166.31,6938.28,2024-01-21
STU03420,English,Linguistics,Spring 2024,Completed,Female,Junior,18,2.89,4,15895.59,9416.38,2024-01-24
STU03421,Psychology,Abnormal Psychology,Fall 2023,Dropped,Male,Senior,23,4.0,3,7208.86,1908.11,2023-08-17
STU03422,Mathematics,Calculus II,Fall 2023,Completed,Male,Freshman,19,3.05,4,18194.06,7123.26,2023-08-25
STU03423,Psychology,Abnormal Psychology,Spring 2024,Dropped,Male,Graduate,24,2.67,2,24201.34,980.56,2024-01-23
STU03424,Chemistry,General Chemistry,Spring 2024,Completed,Male,Junior,25,2.69,1,22425.08,10353.2,2024-01-09
STU03425,Physics,Electromagnetism,Spring 2025,Waitlisted,Male,Graduate,25,3.27,4,12811.24,842.45,2025-01-14
STU03426,Chemistry,General Chemistry,Spring 2023,Dropped,Male,Graduate,34,3.74,4,5709.39,2956.96,2023-01-16
STU03427,Psychology,Abnormal Psychology,Spring 2023,Dropped,Female,Senior,25,3.54,1,10110.06,4420.69,2023-01-27
STU03428,Mathematics,Statistics,Spring 2023,Enrolled,Male,Graduate,31,2.56,3,15512.64,5814.82,2023-01-10
STU03429,Chemistry,Organic Chemistry,Spring 2025,Completed,Male,Sophomore,25,3.34,1,12080.1,7224.33,2025-01-15
STU03430,English,Linguistics,Spring 2023,Completed,Female,Freshman,19,3.41,3,5489.29,1194.31,2023-01-10
STU03431,Mathematics,Calculus II,Fall 2023,Completed,Female,Senior,25,2.92,1,6067.51,2506.53,2023-08-17
STU03432,Business Administration,Management,Fall 2024,Waitlisted,Female,Graduate,23,2.78,4,9065.79,505.33,2024-09-02
STU03433,Physics,Thermodynamics,Spring 2024,Enrolled,Male,Sophomore,20,3.35,3,24293.71,12762.31,2024-01-19
STU03434,History,Modern History,Fall 2023,Enrolled,Male,Freshman,22,2.29,4,8521.34,1354.42,2023-08-20
STU03435,Biology,Ecology,Spring 2025,Enrolled,Female,Junior,26,2.31,1,9868.91,5866.43,2025-01-21
STU03436,Business Administration,Accounting,Spring 2024,Completed,Male,Junior,22,3.28,1,7872.05,2277.6,2024-01-13
STU03437,English,Poetry,Spring 2025,Dropped,Male,Senior,22,3.36,1,21355.56,11134.43,2025-01-16
STU03438,Physics,Relativity,Fall 2024,Enrolled,Female,Freshman,27,3.17,2,22594.16,13282.7,2024-08-24
STU03439,Mathematics,Linear Algebra,Spring 2025,Completed,Female,Junior,28,2.8,3,22054.73,8541.38,2025-01-20
STU03440,Business Administration,Marketing,Spring 2024,Dropped,Male,Sophomore,25,1.92,1,16399.75,1657.17,2024-01-28
STU03441,Business Administration,Business Ethics,Spring 2024,Completed,Male,Senior,25,3.31,4,19487.64,8193.43,2024-01-17
STU03442,English,Poetry,Spring 2024,Waitlisted,Female,Freshman,24,3.36,4,6222.27,2447.18,2024-01-11
STU03443,Chemistry,Physical Chemistry,Fall 2024,Enrolled,Female,Sophomore,26,1.96,3,23581.42,3529.45,2024-08-27
STU03444,Psychology,Abnormal Psychology,Fall 2024,Dropped,Male,Graduate,33,2.81,4,21203.07,179.21,2024-08-14
STU03445,Physics,Electromagnetism,Fall 2024,Enrolled,Non-binary,Senior,21,4.0,1,22774.55,5200.33,2024-08-24
STU03446,English,Linguistics,Fall 2024,Completed,Female,Sophomore,27,3.49,4,13827.35,6192.21,2024-08-30
STU03447,History,Ancient Civilizations,Fall 2023,Completed,Male,Senior,18,3.04,2,13631.09,5241.63,2023-08-15
STU03448,Computer Science,Operating Systems,Spring 2024,Dropped,Male,Freshman,20,2.38,3,14037.17,1620.54,2024-01-10
STU03449,Mathematics,Differential Equations,Spring 2024,Waitlisted,Female,Senior,27,3.16,2,24326.67,2285.46,2024-01-25
STU03450,Chemistry,Organic Chemistry,Spring 2025,Dropped,Female,Graduate,26,2.49,3,10950.27,3840.3,2025-01-16
STU03451,History,Modern History,Fall 2024,Dropped,Female,Sophomore,28,2.9,2,10054.16,1193.56,2024-08-25
STU03452,Physics,Quantum Physics,Fall 2024,Enrolled,Male,Senior,21,3.01,1,17033.4,6219.63,2024-08-26
STU03453,Physics,Electromagnetism,Fall 2023,Completed,Female,Freshman,27,3.7,4,14524.66,8608.24,2023-08-22
STU03454,English,British Literature,Spring 2025,Completed,Female,Senior,22,2.96,1,18066.8,9229.53,2025-01-18
STU03455,Psychology,Social Psychology,Spring 2025,Waitlisted,Female,Junior,26,3.93,1,22202.41,13146.42,2025-01-22
STU03456,Economics,International Economics,Spring 2024,Enrolled,Female,Freshman,26,3.43,1,8618.05,2388.91,2024-01-19
STU03457,Economics,Macroeconomics,Spring 2024,Enrolled,Female,Junior,23,2.75,4,18675.3,3498.61,2024-01-15
STU03458,Business Administration,Marketing,Fall 2024,Enrolled,Female,Graduate,31,2.88,4,18420.25,7136.21,2024-08-22
STU03459,Physics,Quantum Physics,Spring 2025,Enrolled,Male,Graduate,34,4.0,4,6124.19,2321.32,2025-01-16
STU03460,History,US History,Spring 2024,Waitlisted,Female,Senior,24,3.26,4,10373.5,754.53,2024-01-27
STU03461,Mathematics,Calculus II,Fall 2023,Enrolled,Male,Freshman,26,3.3,1,10270.43,1423.25,2023-08-28
STU03462,English,Linguistics,Spring 2023,Waitlisted,Female,Sophomore,26,2.52,4,16863.84,5517.69,2023-01-15
STU03463,Mathematics,Discrete Math,Spring 2025,Dropped,Male,Senior,25,3.15,1,7468.14,2262.36,2025-01-14
STU03464,History,Ancient Civilizations,Fall 2024,Dropped,Female,Freshman,24,2.87,1,18971.61,7028.49,2024-08-28
STU03465,Economics,Game Theory,Spring 2023,Completed,Male,Graduate,22,2.97,2,11850.47,6776.63,2023-01-28
STU03466,History,Modern History,Fall 2024,Enrolled,Male,Graduate,31,2.46,4,6671.64,3292.95,2024-08-13
STU03467,Chemistry,Physical Chemistry,Spring 2025,Waitlisted,Male,Junior,23,3.59,1,16101.71,1051.19,2025-01-09
STU03468,History,Ancient Civilizations,Fall 2023,Completed,Male,Graduate,31,2.6,2,22578.98,13031.57,2023-09-01
STU03469,Biology,Ecology,Spring 2024,Completed,Female,Senior,26,2.62,2,15851.4,4186.85,2024-01-27
STU03470,Mathematics,Differential Equations,Fall 2023,Dropped,Female,Sophomore,18,2.78,1,22058.66,4201.73,2023-09-05
STU03471,English,British Literature,Spring 2024,Enrolled,Female,Junior,22,2.99,4,6032.84,3606.1,2024-01-12
STU03472,Computer Science,Web Dev,Spring 2023,Enrolled,Male,Graduate,29,2.94,2,11380.88,5113.44,2023-01-28
STU03473,Psychology,Social Psychology,Fall 2024,Enrolled,Male,Junior,26,3.82,2,18168.51,6576.57,2024-09-02
STU03474,Mathematics,Calculus I,Fall 2023,Enrolled,Female,Freshman,20,3.61,1,24116.23,8395.79,2023-08-22
STU03475,Physics,Electromagnetism,Spring 2025,Dropped,Female,Sophomore,22,2.54,4,19693.09,10962.41,2025-01-18
STU03476,Psychology,Abnormal Psychology,Spring 2023,Completed,Male,Graduate,27,2.33,1,19849.11,985.29,2023-01-14
STU03477,Computer Science,Networks,Spring 2025,Completed,Male,Freshman,28,3.17,2,17325.06,9434.94,2025-01-08
STU03478,Biology,Evolution,Spring 2025,Dropped,Female,Junior,22,3.6,4,18917.39,6655.71,2025-01-13
STU03479,Psychology,Social Psychology,Fall 2023,Waitlisted,Female,Junior,22,3.43,1,7710.9,3780.26,2023-08-29
STU03480,Biology,Microbiology,Fall 2024,Completed,Male,Freshman,22,3.57,1,20408.64,2829.82,2024-08-28
STU03481,History,US History,Spring 2025,Completed,Male,Senior,21,3.24,2,15052.99,5926.09,2025-01-24
STU03482,Mathematics,Linear Algebra,Fall 2024,Completed,Male,Sophomore,19,3.01,2,12758.61,1.34,2024-08-20
STU03483,Economics,Macroeconomics,Spring 2023,Enrolled,Female,Sophomore,29,2.96,1,7258.21,2970.93,2023-01-14
STU03484,Physics,Optics,Spring 2025,Enrolled,Male,Junior,26,3.29,2,17573.69,9642.99,2025-01-24
STU03485,Biology,Genetics,Fall 2023,Enrolled,Female,Junior,18,4.0,1,11439.66,282.1,2023-09-01
STU03486,Psychology,Social Psychology,Fall 2024,Enrolled,Male,Senior,20,3.14,4,24012.91,11478.42,2024-08-15
STU03487,Computer Science,Networks,Spring 2025,Enrolled,Female,Senior,21,3.22,3,9690.62,1148.81,2025-01-09
STU03488,History,US History,Fall 2024,Enrolled,Female,Junior,22,3.18,3,23749.34,2663.75,2024-08-12
STU03489,Mathematics,Probability,Spring 2024,Completed,Female,Graduate,25,3.2,1,24405.87,5047.23,2024-01-23
STU03490,History,World History,Spring 2024,Enrolled,Female,Sophomore,22,3.4,1,12394.05,1242.65,2024-01-18
STU03491,Psychology,Intro to Psychology,Spring 2024,Completed,Female,Junior,18,2.43,1,11295.13,6678.83,2024-01-14
STU03492,Biology,Ecology,Spring 2025,Completed,Male,Freshman,19,3.96,3,19996.79,2128.61,2025-01-15
STU03493,Psychology,Cognitive Psychology,Fall 2024,Dropped,Male,Sophomore,18,3.17,2,5190.12,2986.42,2024-08-23
STU03494,Psychology,Abnormal Psychology,Fall 2023,Completed,Male,Sophomore,21,2.99,1,13136.05,2125.26,2023-09-05
STU03495,Physics,Quantum Physics,Spring 2025,Completed,Non-binary,Freshman,23,2.43,4,22151.06,4979.38,2025-01-19
STU03496,Physics,Mechanics,Fall 2024,Enrolled,Male,Senior,28,2.71,1,12805.78,5029.0,2024-08-13
STU03497,Business Administration,Business Ethics,Spring 2024,Completed,Male,Freshman,23,2.56,1,23902.35,2955.34,2024-01-12
STU03498,Physics,Thermodynamics,Fall 2024,Waitlisted,Male,Freshman,18,2.34,2,20270.79,11130.38,2024-08-13
STU03499,Physics,Electromagnetism,Fall 2024,Waitlisted,Male,Graduate,34,2.6,1,14136.71,1131.01,2024-08-21
STU03500,Mathematics,Calculus II,Fall 2024,Waitlisted,Female,Senior,21,3.01,4,9110.77,222.89,2024-08-15
STU03501,English,Poetry,Fall 2024,Enrolled,Female,Graduate,32,2.68,1,17336.77,1795.25,2024-09-01
STU03502,English,American Literature,Fall 2024,Enrolled,Male,Junior,29,2.56,3,14649.51,4036.56,2024-09-01
STU03503,Computer Science,Algorithms,Fall 2023,Dropped,Male,Senior,21,2.22,3,19018.58,112.78,2023-09-03
STU03504,History,European History,Spring 2024,Enrolled,Female,Senior,29,2.41,1,11052.91,5757.01,2024-01-26
STU03505,Mathematics,Discrete Math,Spring 2024,Completed,Male,Sophomore,25,2.42,1,16810.2,1529.79,2024-01-22
STU03506,Business Administration,Entrepreneurship,Spring 2025,Enrolled,Female,Senior,27,2.71,3,19163.03,8953.06,2025-01-06
STU03507,English,Poetry,Spring 2025,Completed,Female,Senior,19,3.31,4,17226.62,7530.43,2025-01-14
STU03508,Chemistry,General Chemistry,Fall 2023,Enrolled,Male,Graduate,27,3.06,3,14987.61,3691.42,2023-09-05
STU03509,Computer Science,Algorithms,Fall 2024,Enrolled,Male,Sophomore,21,2.53,3,16974.47,4521.32,2024-08-23
STU03510,Chemistry,Biochemistry,Spring 2025,Enrolled,Male,Graduate,30,3.55,2,10817.59,4643.67,2025-01-14
STU03511,Business Administration,Marketing,Fall 2023,Dropped,Female,Freshman,29,3.55,3,23783.92,10353.22,2023-09-05
STU03512,English,British Literature,Spring 2024,Completed,Male,Senior,22,4.0,3,12897.07,1971.84,2024-01-17
STU03513,Business Administration,Finance,Spring 2023,Enrolled,Male,Graduate,31,2.81,4,23755.85,11783.18,2023-01-15
STU03514,Psychology,Developmental Psychology,Spring 2024,Dropped,Male,Sophomore,21,3.24,1,23133.38,5671.45,2024-01-13
STU03515,Chemistry,General Chemistry,Fall 2024,Enrolled,Male,Senior,18,2.69,4,18477.31,479.15,2024-08-14
STU03516,Mathematics,Discrete Math,Fall 2023,Completed,Female,Graduate,29,3.51,1,8392.48,3511.54,2023-08-28
STU03517,Computer Science,Data Structures,Fall 2024,Completed,Non-binary,Freshman,24,3.08,3,8385.72,3670.15,2024-08-25
STU03518,Biology,Anatomy,Spring 2023,Enrolled,Male,Sophomore,29,2.72,4,13006.5,645.68,2023-01-27
STU03519,Economics,Game Theory,Spring 2024,Completed,Female,Freshman,25,3.23,4,22833.32,6638.85,2024-01-13
STU03520,Psychology,Intro to Psychology,Fall 2024,Enrolled,Female,Senior,27,3.68,3,12079.43,5251.09,2024-08-31
STU03521,History,European History,Spring 2023,Dropped,Female,Senior,21,3.87,1,24325.53,7449.09,2023-01-21
STU03522,Physics,Quantum Physics,Spring 2025,Completed,Male,Freshman,21,2.48,3,11044.99,204.56,2025-01-12
STU03523,Chemistry,Organic Chemistry,Fall 2024,Enrolled,Male,Freshman,27,2.29,2,6941.08,1801.88,2024-08-14
STU03524,Biology,Cell Biology,Fall 2023,Completed,Female,Junior,22,2.64,1,7452.38,1324.07,2023-08-21
STU03525,English,American Literature,Fall 2023,Completed,Male,Sophomore,19,3.81,1,14213.98,536.01,2023-08-18
STU03526,History,Ancient Civilizations,Spring 2024,Enrolled,Male,Junior,21,3.03,2,15896.32,8817.63,2024-01-08
STU03527,Computer Science,Data Structures,Spring 2025,Completed,Female,Sophomore,29,3.15,2,16514.78,2123.87,2025-01-20
STU03528,Physics,Electromagnetism,Spring 2025,Enrolled,Male,Junior,20,2.73,2,17457.52,2719.33,2025-01-11
STU03529,Business Administration,Finance,Fall 2023,Enrolled,Male,Sophomore,25,2.94,1,7454.11,166.83,2023-08-27
STU03530,Mathematics,Probability,Fall 2024,Dropped,Female,Freshman,28,2.32,2,10491.44,2561.61,2024-08-24
STU03531,Chemistry,Physical Chemistry,Fall 2023,Enrolled,Male,Sophomore,23,4.0,2,7169.63,4135.21,2023-08-18
STU03532,English,American Literature,Spring 2024,Waitlisted,Male,Sophomore,22,2.79,2,17685.95,8575.2,2024-01-17
STU03533,Biology,Evolution,Fall 2024,Enrolled,Female,Junior,18,2.95,3,24474.26,6934.0,2024-08-26
STU03534,Physics,Electromagnetism,Fall 2023,Completed,Male,Junior,24,3.12,4,12898.97,3282.67,2023-08-24
STU03535,History,World History,Fall 2023,Completed,Male,Sophomore,26,3.33,3,21965.89,6951.25,2023-09-01
STU03536,Physics,Relativity,Spring 2023,Dropped,Female,Sophomore,26,1.98,4,15475.02,1059.29,2023-01-19
STU03537,Economics,International Economics,Fall 2024,Waitlisted,Male,Graduate,26,3.21,3,6492.26,1569.42,2024-08-22
STU03538,Physics,Optics,Spring 2024,Enrolled,Male,Freshman,29,3.3,3,17548.91,2.66,2024-01-18
STU03539,Physics,Quantum Physics,Spring 2025,Completed,Female,Graduate,33,3.13,1,23058.38,12568.38,2025-01-16
STU03540,Chemistry,Analytical Chemistry,Spring 2025,Enrolled,Male,Sophomore,25,3.94,1,5838.76,1385.83,2025-01-21
STU03541,Business Administration,Management,Spring 2024,Enrolled,Male,Junior,23,2.83,2,11047.38,4801.53,2024-01-14
STU03542,Biology,Microbiology,Spring 2025,Completed,Male,Senior,26,2.88,3,15484.68,2501.18,2025-01-21
STU03543,History,Ancient Civilizations,Fall 2024,Completed,Male,Graduate,28,3.61,4,12486.74,6358.26,2024-08-15
STU03544,Physics,Relativity,Spring 2025,Completed,Female,Sophomore,28,3.37,2,10417.72,270.94,2025-01-22
STU03545,Chemistry,Organic Chemistry,Spring 2025,Completed,Non-binary,Senior,22,3.7,2,18062.61,4733.01,2025-01-21
STU03546,Chemistry,General Chemistry,Spring 2024,Enrolled,Female,Senior,20,2.86,2,6055.67,655.0,2024-01-26
STU03547,Psychology,Cognitive Psychology,Fall 2023,Enrolled,Female,Senior,26,2.97,3,5894.44,724.71,2023-09-05
STU03548,Psychology,Abnormal Psychology,Fall 2023,Completed,Male,Freshman,20,3.04,4,13300.91,1714.59,2023-08-31
STU03549,Psychology,Cognitive Psychology,Fall 2023,Completed,Female,Graduate,28,2.03,1,15517.86,2161.28,2023-08-18
STU03550,History,World History,Spring 2024,Enrolled,Female,Freshman,20,3.26,1,16451.31,3315.15,2024-01-20
STU03551,History,Modern History,Fall 2024,Completed,Male,Sophomore,29,2.93,1,24008.84,8371.61,2024-08-24
STU03552,Economics,Macroeconomics,Spring 2024,Enrolled,Male,Sophomore,24,3.03,1,13462.36,7296.45,2024-01-15
STU03553,Mathematics,Linear Algebra,Fall 2024,Completed,Female,Graduate,27,3.29,1,22261.36,3915.42,2024-08-23
STU03554,Psychology,Cognitive Psychology,Spring 2024,Enrolled,Male,Sophomore,26,2.63,1,9566.21,2073.54,2024-01-17
STU03555,Chemistry,Analytical Chemistry,Spring 2025,Completed,Male,Senior,20,3.05,4,20777.4,1778.26,2025-01-09
STU03556,Physics,Thermodynamics,Fall 2024,Dropped,Female,Sophomore,24,3.38,4,22202.95,9531.42,2024-09-01
STU03557,Chemistry,Biochemistry,Spring 2025,Enrolled,Female,Graduate,27,2.61,1,24531.75,13940.66,2025-01-17
STU03558,Economics,Macroeconomics,Fall 2024,Completed,Female,Junior,22,1.5,1,10067.57,5385.45,2024-08-26
STU03559,Biology,Microbiology,Spring 2025,Enrolled,Female,Freshman,25,4.0,1,5118.67,661.85,2025-01-08
STU03560,Physics,Relativity,Spring 2024,Waitlisted,Female,Graduate,32,3.35,4,20291.13,10171.07,2024-01-26
STU03561,Mathematics,Discrete Math,Spring 2024,Waitlisted,Male,Graduate,29,2.81,2,17552.49,9487.16,2024-01-22
STU03562,Biology,Ecology,Fall 2023,Enrolled,Male,Senior,23,2.87,1,18604.26,6936.74,2023-09-01
STU03563,Physics,Thermodynamics,Spring 2025,Completed,Male,Sophomore,18,3.42,3,13465.18,4994.12,2025-01-07
STU03564,Business Administration,Marketing,Spring 2025,Enrolled,Male,Junior,19,3.8,3,8422.83,4192.47,2025-01-09
STU03565,Biology,Microbiology,Spring 2025,Completed,Female,Sophomore,28,3.0,3,15345.51,7725.05,2025-01-16
STU03566,Psychology,Intro to Psychology,Fall 2023,Dropped,Female,Junior,18,2.72,1,19350.74,3675.14,2023-08-24
STU03567,Computer Science,Data Structures,Spring 2025,Completed,Male,Freshman,29,3.35,3,18276.2,7491.87,2025-01-07
STU03568,Psychology,Intro to Psychology,Spring 2023,Enrolled,Male,Graduate,27,2.81,1,10778.87,1877.6,2023-01-13
STU03569,Computer Science,Intro to CS,Spring 2025,Completed,Female,Freshman,21,3.22,2,19788.23,905.33,2025-01-17
STU03570,Psychology,Developmental Psychology,Spring 2025,Completed,Male,Freshman,27,2.54,4,17119.0,4943.04,2025-01-20
STU03571,Psychology,Intro to Psychology,Fall 2024,Enrolled,Female,Freshman,28,3.53,2,24113.11,13412.71,2024-08-18
STU03572,Chemistry,Organic Chemistry,Spring 2023,Dropped,Male,Graduate,25,3.09,3,9649.38,1723.37,2023-01-25
STU03573,Chemistry,Physical Chemistry,Fall 2023,Enrolled,Male,Junior,28,2.6,2,17412.74,7966.6,2023-08-19
STU03574,Mathematics,Statistics,Spring 2023,Completed,Non-binary,Freshman,23,2.36,4,5643.69,161.64,2023-01-11
STU03575,Business Administration,Marketing,Fall 2023,Completed,Male,Junior,29,4.0,4,6051.74,927.06,2023-09-05
STU03576,Mathematics,Differential Equations,Fall 2024,Enrolled,Female,Sophomore,24,3.62,2,9588.01,1055.12,2024-08-24
STU03577,Mathematics,Discrete Math,Fall 2024,Waitlisted,Female,Sophomore,27,3.17,3,15337.17,8328.86,2024-08-22
STU03578,Economics,Microeconomics,Fall 2023,Waitlisted,Female,Freshman,21,3.73,3,23181.45,3035.57,2023-08-25
STU03579,Mathematics,Calculus I,Spring 2023,Completed,Female,Junior,19,2.82,3,21162.38,7770.84,2023-01-20
STU03580,Physics,Quantum Physics,Spring 2025,Enrolled,Female,Sophomore,27,3.36,4,14787.06,1364.79,2025-01-13
STU03581,Economics,Game Theory,Spring 2024,Enrolled,Female,Sophomore,22,3.01,1,19972.03,7922.26,2024-01-12
STU03582,Biology,Anatomy,Spring 2025,Enrolled,Female,Senior,18,3.98,3,12078.22,5466.79,2025-01-23
STU03583,Business Administration,Marketing,Fall 2024,Enrolled,Female,Junior,29,3.43,2,16553.38,3662.94,2024-08-15
STU03584,Biology,Evolution,Fall 2023,Enrolled,Female,Freshman,28,3.63,2,17974.67,7823.2,2023-08-16
STU03585,Mathematics,Linear Algebra,Fall 2023,Enrolled,Female,Senior,24,3.88,2,23165.77,5791.63,2023-08-18
STU03586,History,World History,Spring 2024,Enrolled,Male,Sophomore,26,2.49,3,12768.74,3335.69,2024-01-14
STU03587,Physics,Relativity,Spring 2024,Enrolled,Male,Sophomore,27,1.5,3,16768.88,3650.45,2024-01-16
STU03588,Chemistry,Analytical Chemistry,Fall 2024,Enrolled,Female,Graduate,27,2.54,3,22564.33,12935.74,2024-08-15
STU03589,Psychology,Developmental Psychology,Spring 2025,Enrolled,Male,Junior,21,3.05,2,6897.86,2481.0,2025-01-12
STU03590,Computer Science,Intro to CS,Spring 2024,Completed,Female,Junior,27,2.71,4,10745.32,494.93,2024-01-25
STU03591,Economics,Econometrics,Spring 2025,Waitlisted,Male,Junior,26,4.0,3,6333.31,2475.54,2025-01-19
STU03592,Physics,Electromagnetism,Spring 2024,Completed,Male,Senior,29,3.2,4,15738.16,7864.01,2024-01-23
STU03593,Physics,Relativity,Spring 2024,Enrolled,Male,Freshman,18,3.2,4,23900.44,7426.39,2024-01-13
STU03594,Computer Science,Intro to CS,Spring 2023,Waitlisted,Female,Junior,22,2.46,1,15366.62,5970.44,2023-01-28
STU03595,Biology,Cell Biology,Spring 2025,Enrolled,Female,Senior,18,3.48,2,19182.21,4718.61,2025-01-21
STU03596,Chemistry,General Chemistry,Spring 2025,Completed,Female,Freshman,22,4.0,1,20774.19,8536.36,2025-01-07
STU03597,Computer Science,Operating Systems,Spring 2024,Completed,Female,Freshman,25,2.71,4,7432.38,3448.56,2024-01-22
STU03598,Physics,Optics,Spring 2023,Completed,Male,Graduate,25,3.03,1,23156.52,3913.22,2023-01-20
STU03599,Mathematics,Linear Algebra,Spring 2025,Completed,Male,Sophomore,23,2.77,2,16849.49,6796.27,2025-01-14
STU03600,Physics,Electromagnetism,Fall 2024,Enrolled,Female,Senior,19,3.3,3,19816.25,293.85,2024-08-27
STU03601,Physics,Optics,Fall 2023,Waitlisted,Female,Junior,22,3.01,1,6621.79,3055.17,2023-08-22
STU03602,Computer Science,Databases,Spring 2023,Completed,Female,Senior,25,2.78,1,11554.54,2606.43,2023-01-12
STU03603,Biology,Ecology,Spring 2025,Enrolled,Male,Sophomore,18,3.11,3,24878.24,10262.94,2025-01-06
STU03604,Computer Science,Web Dev,Fall 2023,Waitlisted,Female,Sophomore,18,3.13,2,21540.2,3678.59,2023-08-21
STU03605,Psychology,Developmental Psychology,Spring 2023,Dropped,Female,Senior,26,2.54,3,13628.11,3097.0,2023-01-26
STU03606,Mathematics,Probability,Fall 2024,Completed,Female,Graduate,29,2.65,1,21263.02,3790.2,2024-08-18
STU03607,Business Administration,Management,Spring 2024,Enrolled,Female,Freshman,22,3.71,1,23022.62,220.27,2024-01-18
STU03608,Computer Science,Databases,Spring 2023,Enrolled,Female,Junior,19,3.7,2,15420.04,5748.3,2023-01-24
STU03609,Chemistry,General Chemistry,Fall 2024,Waitlisted,Male,Graduate,22,3.11,1,21249.12,9482.81,2024-08-22
STU03610,Chemistry,Biochemistry,Spring 2024,Completed,Male,Sophomore,18,2.26,1,15788.36,4047.88,2024-01-09
STU03611,Physics,Mechanics,Fall 2024,Completed,Female,Sophomore,24,2.3,1,9601.82,3522.06,2024-08-23
STU03612,History,US History,Spring 2025,Completed,Female,Freshman,27,3.3,2,17463.46,3642.09,2025-01-25
STU03613,Economics,Game Theory,Fall 2024,Enrolled,Male,Sophomore,28,3.99,4,17385.2,8835.77,2024-08-24
STU03614,Chemistry,Organic Chemistry,Spring 2025,Completed,Female,Junior,25,3.81,3,16720.03,2842.35,2025-01-23
STU03615,Psychology,Social Psychology,Spring 2025,Waitlisted,Female,Graduate,30,2.99,3,22547.3,1083.13,2025-01-12
STU03616,Computer Science,Databases,Fall 2023,Waitlisted,Male,Senior,29,2.25,4,5636.04,3053.31,2023-08-25
STU03617,Business Administration,Business Ethics,Spring 2023,Enrolled,Female,Graduate,23,3.24,4,8938.82,3327.75,2023-01-20
STU03618,Computer Science,Operating Systems,Spring 2023,Enrolled,Male,Senior,27,3.31,2,22791.81,6404.14,2023-01-26
STU03619,Biology,Microbiology,Spring 2025,Enrolled,Female,Freshman,27,4.0,4,24580.59,3479.9,2025-01-08
STU03620,English,American Literature,Spring 2024,Enrolled,Male,Graduate,27,3.14,1,17435.19,3294.63,2024-01-11
STU03621,Chemistry,Physical Chemistry,Spring 2025,Enrolled,Male,Freshman,23,2.3,3,10179.64,5347.83,2025-01-10
STU03622,Biology,Microbiology,Fall 2024,Completed,Male,Graduate,28,2.95,4,24456.26,6504.6,2024-08-23
STU03623,Chemistry,Biochemistry,Fall 2023,Dropped,Female,Sophomore,27,3.01,3,22406.08,12629.39,2023-08-23
STU03624,Computer Science,Databases,Fall 2024,Enrolled,Male,Junior,22,3.02,2,17538.64,8256.53,2024-08-15
STU03625,Biology,Ecology,Spring 2024,Dropped,Male,Senior,22,3.2,2,10456.34,5360.92,2024-01-10
STU03626,Chemistry,General Chemistry,Fall 2024,Enrolled,Female,Senior,24,4.0,1,17414.16,827.8,2024-08-16
STU03627,English,Poetry,Spring 2024,Completed,Female,Graduate,25,3.49,1,18236.43,9051.95,2024-01-19
STU03628,History,US History,Spring 2025,Completed,Male,Sophomore,29,3.53,3,15680.05,2229.29,2025-01-24
STU03629,Physics,Thermodynamics,Spring 2024,Enrolled,Female,Sophomore,20,3.56,2,18934.27,10648.7,2024-01-16
STU03630,Business Administration,Accounting,Fall 2024,Enrolled,Male,Sophomore,24,2.78,1,11932.87,2282.9,2024-08-27
STU03631,English,Linguistics,Fall 2024,Dropped,Female,Sophomore,27,2.87,1,9263.57,3473.96,2024-09-01
STU03632,Chemistry,General Chemistry,Spring 2025,Enrolled,Male,Sophomore,29,2.9,1,11619.57,1209.33,2025-01-18
STU03633,Economics,Macroeconomics,Spring 2023,Enrolled,Male,Sophomore,19,2.41,2,22545.6,1405.38,2023-01-16
STU03634,Computer Science,Databases,Spring 2023,Completed,Female,Sophomore,22,3.42,1,6767.56,3433.76,2023-01-25
STU03635,English,Linguistics,Fall 2023,Enrolled,Male,Graduate,29,3.04,2,9253.56,3120.16,2023-08-25
STU03636,Economics,Microeconomics,Spring 2024,Waitlisted,Female,Freshman,19,3.26,2,16820.48,3507.41,2024-01-14
STU03637,Mathematics,Differential Equations,Fall 2023,Enrolled,Male,Graduate,33,3.01,3,12622.87,7064.86,2023-09-03
STU03638,Computer Science,Algorithms,Fall 2023,Completed,Female,Freshman,28,3.64,1,23564.91,11268.38,2023-08-15
STU03639,Business Administration,Finance,Fall 2024,Enrolled,Female,Senior,24,2.93,4,24376.85,4671.9,2024-08-15
STU03640,Mathematics,Discrete Math,Spring 2023,Enrolled,Male,Graduate,25,2.78,3,19151.07,8434.18,2023-01-26
STU03641,History,World History,Spring 2024,Enrolled,Male,Junior,19,2.82,4,7175.92,2592.84,2024-01-28
STU03642,Mathematics,Discrete Math,Fall 2024,Enrolled,Female,Freshman,21,2.58,4,17216.77,1857.18,2024-08-19
STU03643,Business Administration,Entrepreneurship,Spring 2025,Enrolled,Male,Junior,27,2.85,2,21653.03,10193.68,2025-01-22
STU03644,Physics,Relativity,Fall 2023,Waitlisted,Female,Senior,23,3.53,4,9789.1,3188.95,2023-08-20
STU03645,Psychology,Intro to Psychology,Fall 2023,Enrolled,Male,Junior,28,3.26,2,12606.88,1396.54,2023-08-29
STU03646,Economics,Microeconomics,Spring 2025,Enrolled,Male,Junior,22,3.53,2,9135.63,3811.92,2025-01-18
STU03647,Business Administration,Business Ethics,Spring 2025,Waitlisted,Female,Senior,18,2.99,4,10698.6,4154.54,2025-01-13
STU03648,History,Ancient Civilizations,Spring 2024,Enrolled,Female,Senior,29,2.92,1,5622.17,1731.49,2024-01-09
STU03649,Physics,Mechanics,Spring 2025,Enrolled,Male,Junior,18,2.85,4,16799.55,4405.64,2025-01-17
STU03650,Psychology,Intro to Psychology,Spring 2024,Enrolled,Female,Freshman,27,3.13,2,21249.02,7162.8,2024-01-18
STU03651,Physics,Electromagnetism,Spring 2023,Enrolled,Male,Graduate,30,2.9,4,16087.28,5940.12,2023-01-12
STU03652,Computer Science,Operating Systems,Fall 2024,Completed,Male,Junior,21,3.59,2,12054.9,5940.08,2024-08-14
STU03653,Physics,Electromagnetism,Fall 2023,Completed,Female,Graduate,25,2.81,2,6315.36,3580.46,2023-08-24
STU03654,Mathematics,Differential Equations,Spring 2023,Dropped,Female,Junior,21,2.2,3,20606.76,9822.52,2023-01-23
STU03655,History,US History,Spring 2025,Enrolled,Male,Sophomore,18,3.38,3,6792.69,2783.85,2025-01-24
STU03656,Biology,Cell Biology,Spring 2023,Waitlisted,Male,Junior,18,3.12,2,15636.43,7516.88,2023-01-17
STU03657,Business Administration,Entrepreneurship,Fall 2024,Completed,Female,Freshman,19,3.1,2,17625.45,1459.71,2024-08-24
STU03658,Physics,Thermodynamics,Spring 2024,Completed,Female,Senior,29,4.0,4,12050.56,555.37,2024-01-10
STU03659,Business Administration,Finance,Spring 2023,Completed,Non-binary,Junior,20,1.97,1,16108.83,6966.99,2023-01-19
STU03660,Economics,Game Theory,Fall 2023,Completed,Male,Graduate,31,3.05,1,15874.53,2625.35,2023-08-22
STU03661,English,American Literature,Spring 2025,Enrolled,Male,Junior,23,3.44,1,11442.64,2270.72,2025-01-25
STU03662,History,European History,Fall 2023,Completed,Male,Senior,22,3.58,4,9459.55,3497.27,2023-08-30
STU03663,Biology,Ecology,Spring 2023,Enrolled,Male,Junior,22,3.14,3,18978.05,9125.75,2023-01-14
STU03664,English,American Literature,Spring 2025,Waitlisted,Female,Junior,23,3.4,4,18996.57,10925.54,2025-01-13
STU03665,English,Composition,Fall 2024,Waitlisted,Male,Senior,29,3.6,3,18397.82,8090.62,2024-08-28
STU03666,Business Administration,Management,Fall 2023,Enrolled,Female,Junior,22,3.3,3,12425.34,1098.16,2023-09-05
STU03667,Mathematics,Calculus I,Fall 2023,Completed,Male,Senior,20,3.14,2,17224.17,8127.52,2023-08-22
STU03668,Business Administration,Management,Fall 2023,Completed,Male,Freshman,23,3.1,2,7036.75,3077.59,2023-08-28
STU03669,Computer Science,Operating Systems,Spring 2025,Dropped,Female,Senior,24,3.04,2,5791.42,3353.23,2025-01-15
STU03670,Business Administration,Finance,Fall 2024,Completed,Female,Graduate,23,2.74,2,16396.57,3507.87,2024-08-16
STU03671,Chemistry,Biochemistry,Spring 2025,Enrolled,Female,Junior,24,1.99,4,24259.6,5687.36,2025-01-11
STU03672,English,Creative Writing,Fall 2023,Dropped,Male,Senior,19,3.86,4,13510.69,2533.86,2023-09-01
STU03673,Psychology,Intro to Psychology,Fall 2023,Enrolled,Female,Graduate,30,2.81,4,11105.29,1481.34,2023-08-17
STU03674,Physics,Thermodynamics,Spring 2023,Completed,Female,Freshman,28,4.0,4,13183.79,7845.3,2023-01-26
STU03675,Computer Science,Machine Learning,Fall 2023,Completed,Male,Junior,20,2.83,4,19342.39,4090.74,2023-08-21
STU03676,Psychology,Cognitive Psychology,Spring 2025,Enrolled,Female,Sophomore,22,2.84,1,7972.48,1937.3,2025-01-11
STU03677,Business Administration,Business Ethics,Fall 2024,Enrolled,Female,Senior,27,2.99,4,8257.44,2711.54,2024-08-23
STU03678,History,Ancient Civilizations,Spring 2023,Enrolled,Female,Sophomore,20,3.25,4,24150.85,5467.97,2023-01-14
STU03679,Biology,Cell Biology,Spring 2023,Waitlisted,Female,Sophomore,22,3.03,1,7446.92,1686.49,2023-01-26
STU03680,Computer Science,Databases,Spring 2024,Enrolled,Male,Junior,29,3.62,2,5332.79,2404.72,2024-01-10
STU03681,Biology,Genetics,Spring 2024,Completed,Female,Freshman,19,2.31,2,5614.54,1810.05,2024-01-22
STU03682,Psychology,Developmental Psychology,Spring 2024,Completed,Female,Sophomore,19,3.72,4,8406.63,2833.98,2024-01-17
STU03683,Computer Science,Web Dev,Fall 2024,Enrolled,Female,Senior,24,3.16,2,23063.05,5505.77,2024-08-19
STU03684,Computer Science,Web Dev,Spring 2025,Enrolled,Female,Freshman,28,3.38,1,19058.99,1062.89,2025-01-21
STU03685,Biology,Genetics,Fall 2023,Enrolled,Female,Graduate,24,3.31,2,15519.02,2354.55,2023-08-28
STU03686,English,Creative Writing,Spring 2025,Waitlisted,Female,Freshman,24,3.95,1,15116.21,5497.06,2025-01-24
STU03687,English,British Literature,Spring 2024,Completed,Female,Graduate,28,3.4,1,24310.22,2634.89,2024-01-13
STU03688,Psychology,Intro to Psychology,Fall 2023,Completed,Female,Freshman,24,3.37,3,15137.61,6655.16,2023-09-04
STU03689,Chemistry,General Chemistry,Spring 2023,Enrolled,Male,Junior,20,3.39,4,12649.16,3658.86,2023-01-24
STU03690,History,Modern History,Spring 2024,Completed,Female,Sophomore,21,2.48,1,14981.67,5865.32,2024-01-25
STU03691,Chemistry,Physical Chemistry,Fall 2024,Completed,Male,Junior,24,3.36,1,6296.2,1292.63,2024-08-27
STU03692,Biology,Cell Biology,Fall 2024,Enrolled,Female,Graduate,29,3.68,3,22127.07,6946.03,2024-08-21
STU03693,History,European History,Spring 2024,Completed,Female,Graduate,23,2.83,3,15314.72,6855.92,2024-01-20
STU03694,Computer Science,Data Structures,Spring 2025,Completed,Male,Senior,26,2.36,1,9432.18,2148.58,2025-01-17
STU03695,History,Modern History,Spring 2024,Completed,Female,Senior,24,3.05,1,14219.6,3697.73,2024-01-14
STU03696,History,World History,Spring 2023,Completed,Male,Graduate,29,2.25,4,24740.46,4428.84,2023-01-23
STU03697,Mathematics,Calculus I,Fall 2024,Completed,Female,Senior,27,3.0,3,9000.98,3014.57,2024-08-16
STU03698,Business Administration,Business Ethics,Fall 2024,Enrolled,Male,Senior,21,2.3,1,5735.78,2805.73,2024-08-24
STU03699,Economics,Microeconomics,Fall 2024,Waitlisted,Male,Graduate,22,3.88,2,6241.4,336.5,2024-08-21
STU03700,English,American Literature,Fall 2023,Completed,Male,Junior,28,2.0,4,8387.98,4005.26,2023-08-25
STU03701,English,Composition,Fall 2024,Completed,Male,Sophomore,23,3.41,2,16909.0,7884.53,2024-08-18
STU03702,Business Administration,Business Ethics,Fall 2024,Dropped,Male,Sophomore,19,2.29,4,15188.04,6609.63,2024-08-29
STU03703,History,US History,Spring 2023,Waitlisted,Female,Junior,29,3.32,1,7900.87,69.29,2023-01-20
STU03704,Mathematics,Probability,Spring 2024,Dropped,Female,Senior,22,2.7,4,5595.44,1692.56,2024-01-15
STU03705,Business Administration,Finance,Spring 2023,Waitlisted,Male,Sophomore,24,2.25,3,20723.37,3353.67,2023-01-19
STU03706,Biology,Genetics,Spring 2025,Completed,Male,Senior,29,3.28,4,17205.17,1754.89,2025-01-21
STU03707,Business Administration,Entrepreneurship,Spring 2025,Enrolled,Male,Junior,25,3.55,1,20847.02,3210.84,2025-01-17
STU03708,Physics,Thermodynamics,Spring 2023,Completed,Female,Senior,22,3.65,1,18182.27,4797.59,2023-01-18
STU03709,Biology,Cell Biology,Spring 2025,Completed,Male,Freshman,20,2.67,4,20620.86,8916.58,2025-01-10
STU03710,Physics,Relativity,Spring 2025,Completed,Female,Sophomore,21,3.25,2,8101.87,1302.76,2025-01-11
STU03711,Economics,International Economics,Spring 2024,Waitlisted,Female,Freshman,27,3.33,1,19329.74,496.42,2024-01-17
STU03712,Psychology,Social Psychology,Spring 2023,Enrolled,Female,Graduate,26,3.67,4,14723.29,2806.97,2023-01-26
STU03713,Biology,Cell Biology,Spring 2025,Enrolled,Male,Freshman,28,2.65,2,12374.81,6108.57,2025-01-09
STU03714,Mathematics,Calculus I,Spring 2025,Completed,Male,Sophomore,24,3.52,3,21711.88,8331.37,2025-01-06
STU03715,Chemistry,Analytical Chemistry,Fall 2023,Completed,Male,Senior,22,2.66,4,10354.21,328.99,2023-08-24
STU03716,Economics,Microeconomics,Spring 2025,Dropped,Female,Senior,19,2.9,1,12004.04,5559.6,2025-01-25
STU03717,Business Administration,Entrepreneurship,Fall 2024,Enrolled,Male,Graduate,33,3.86,4,9703.11,4387.49,2024-08-25
STU03718,English,Composition,Spring 2024,Completed,Male,Graduate,23,3.03,4,22572.43,10613.65,2024-01-28
STU03719,Psychology,Cognitive Psychology,Fall 2023,Dropped,Male,Graduate,27,3.0,3,7212.42,951.83,2023-08-26
STU03720,Physics,Electromagnetism,Spring 2025,Dropped,Female,Senior,26,2.55,3,24533.21,6611.97,2025-01-07
STU03721,Biology,Microbiology,Fall 2024,Waitlisted,Male,Freshman,20,3.45,1,10838.19,3184.41,2024-08-23
STU03722,Chemistry,Organic Chemistry,Spring 2025,Completed,Male,Junior,27,3.66,3,17286.65,5478.83,2025-01-16
STU03723,Economics,Macroeconomics,Spring 2024,Dropped,Male,Graduate,31,3.62,1,7822.84,1817.68,2024-01-28
STU03724,Mathematics,Linear Algebra,Spring 2023,Completed,Male,Senior,24,2.04,2,24702.52,5209.09,2023-01-13
STU03725,History,World History,Spring 2023,Enrolled,Male,Graduate,23,2.82,2,24515.79,5460.05,2023-01-15
STU03726,Chemistry,Analytical Chemistry,Spring 2025,Completed,Female,Sophomore,19,2.66,2,5526.77,3282.65,2025-01-07
STU03727,English,British Literature,Spring 2024,Completed,Male,Freshman,20,2.89,2,6631.83,1916.29,2024-01-15
STU03728,Mathematics,Linear Algebra,Fall 2024,Completed,Male,Junior,20,3.15,4,19943.8,11454.55,2024-08-28
STU03729,Biology,Evolution,Spring 2024,Completed,Female,Junior,25,3.06,2,14628.62,2796.89,2024-01-23
STU03730,Physics,Mechanics,Spring 2025,Enrolled,Non-binary,Senior,21,3.76,2,14022.8,3528.16,2025-01-25
STU03731,History,Ancient Civilizations,Spring 2024,Dropped,Male,Senior,18,3.77,3,15853.08,8909.81,2024-01-28
STU03732,Chemistry,Physical Chemistry,Spring 2025,Waitlisted,Female,Sophomore,27,2.91,3,7914.82,1092.2,2025-01-21
STU03733,Computer Science,Intro to CS,Spring 2025,Completed,Female,Sophomore,26,3.07,1,17189.23,4350.85,2025-01-11
STU03734,Psychology,Abnormal Psychology,Fall 2024,Enrolled,Female,Senior,20,2.73,1,24670.47,3040.73,2024-08-21
STU03735,English,Creative Writing,Fall 2024,Completed,Male,Sophomore,28,3.51,2,18807.87,1641.06,2024-08-26
STU03736,Economics,Microeconomics,Spring 2024,Completed,Female,Sophomore,20,2.95,2,22844.62,9595.21,2024-01-09
STU03737,English,Composition,Spring 2025,Waitlisted,Male,Sophomore,19,2.9,1,14081.52,4445.33,2025-01-14
STU03738,Mathematics,Calculus I,Spring 2023,Enrolled,Male,Graduate,30,3.47,2,23632.15,13181.82,2023-01-25
STU03739,Mathematics,Discrete Math,Spring 2024,Enrolled,Male,Junior,25,3.16,1,14598.51,5296.72,2024-01-18
STU03740,Physics,Optics,Fall 2024,Waitlisted,Male,Junior,20,2.23,1,23687.51,3418.8,2024-08-29
STU03741,English,Poetry,Spring 2025,Completed,Male,Freshman,27,3.89,2,15110.83,6294.25,2025-01-13
STU03742,Computer Science,Databases,Fall 2024,Completed,Male,Freshman,26,3.58,2,7043.26,3813.0,2024-08-27
STU03743,History,Ancient Civilizations,Fall 2023,Waitlisted,Male,Freshman,22,4.0,2,23824.43,10568.56,2023-08-27
STU03744,Physics,Relativity,Fall 2024,Completed,Male,Graduate,24,3.36,3,23652.34,6789.69,2024-08-23
STU03745,Economics,Econometrics,Spring 2025,Dropped,Female,Sophomore,27,3.03,1,18901.44,8982.54,2025-01-20
STU03746,Mathematics,Calculus I,Spring 2025,Completed,Female,Sophomore,18,2.92,1,19629.74,11252.69,2025-01-23
STU03747,Business Administration,Management,Spring 2024,Enrolled,Male,Graduate,30,2.5,3,14363.56,7810.32,2024-01-23
STU03748,Physics,Mechanics,Fall 2024,Waitlisted,Female,Sophomore,21,3.92,4,22908.28,1901.9,2024-08-12
STU03749,Business Administration,Finance,Spring 2024,Completed,Female,Freshman,20,3.03,1,15372.93,7186.19,2024-01-18
STU03750,History,Ancient Civilizations,Spring 2024,Completed,Male,Senior,23,3.34,4,19278.85,9168.15,2024-01-24
STU03751,History,US History,Fall 2024,Completed,Female,Senior,18,2.52,2,18522.09,5879.15,2024-08-13
STU03752,History,Modern History,Spring 2024,Completed,Male,Freshman,27,2.37,4,5259.53,2431.56,2024-01-28
STU03753,Physics,Quantum Physics,Spring 2025,Enrolled,Male,Senior,19,3.18,4,15556.38,6576.42,2025-01-15
STU03754,History,Ancient Civilizations,Spring 2024,Completed,Male,Sophomore,22,3.74,4,23852.92,7776.58,2024-01-27
STU03755,History,World History,Spring 2025,Waitlisted,Male,Sophomore,25,3.46,1,20679.22,9689.23,2025-01-24
STU03756,Economics,Econometrics,Fall 2024,Enrolled,Male,Graduate,29,3.25,1,24798.7,8649.03,2024-08-31
STU03757,Physics,Thermodynamics,Spring 2024,Completed,Male,Senior,20,3.83,3,5554.51,189.59,2024-01-08
STU03758,Business Administration,Management,Spring 2024,Enrolled,Female,Graduate,29,3.0,3,9703.38,4909.17,2024-01-23
STU03759,Psychology,Intro to Psychology,Fall 2023,Waitlisted,Female,Junior,22,3.46,1,22355.85,2190.31,2023-08-21
STU03760,Economics,Microeconomics,Spring 2025,Dropped,Male,Graduate,32,3.83,2,23944.06,12527.42,2025-01-22
STU03761,Business Administration,Marketing,Spring 2025,Enrolled,Female,Junior,26,3.1,4,16898.6,8522.98,2025-01-09
STU03762,English,Creative Writing,Fall 2024,Completed,Female,Junior,22,3.68,4,21767.98,10142.99,2024-08-14
STU03763,Computer Science,Intro to CS,Spring 2025,Enrolled,Male,Graduate,30,2.71,2,20701.96,3044.75,2025-01-06
STU03764,Chemistry,Biochemistry,Fall 2024,Completed,Female,Senior,24,3.33,4,24725.27,8602.82,2024-08-14
STU03765,English,Linguistics,Spring 2024,Enrolled,Male,Freshman,28,3.79,2,14897.71,161.49,2024-01-10
STU03766,Business Administration,Finance,Spring 2023,Enrolled,Female,Junior,23,2.71,1,9736.04,1291.37,2023-01-29
STU03767,Mathematics,Probability,Spring 2024,Dropped,Male,Junior,19,3.15,2,23981.94,14241.29,2024-01-14
STU03768,Business Administration,Marketing,Spring 2024,Completed,Male,Sophomore,28,2.9,2,14361.63,5557.64,2024-01-27
STU03769,Biology,Genetics,Spring 2024,Enrolled,Male,Graduate,31,3.28,1,14937.55,4139.47,2024-01-12
STU03770,History,US History,Spring 2025,Enrolled,Female,Sophomore,22,3.38,1,14114.13,3876.69,2025-01-17
STU03771,Physics,Thermodynamics,Spring 2025,Waitlisted,Female,Senior,19,3.08,2,21453.07,3587.73,2025-01-21
STU03772,Chemistry,Physical Chemistry,Spring 2024,Enrolled,Female,Junior,22,2.45,1,24165.97,12392.41,2024-01-26
STU03773,English,Composition,Spring 2025,Completed,Female,Junior,29,2.65,3,24897.0,4517.29,2025-01-21
STU03774,History,Modern History,Spring 2024,Completed,Female,Senior,26,3.75,3,16357.81,8196.5,2024-01-08
STU03775,Computer Science,Operating Systems,Fall 2024,Completed,Male,Junior,27,2.85,3,8984.53,4891.92,2024-09-02
STU03776,English,American Literature,Fall 2023,Completed,Male,Senior,24,3.04,4,22137.12,2361.63,2023-09-04
STU03777,English,Poetry,Fall 2023,Completed,Male,Sophomore,21,3.48,3,15858.67,7712.9,2023-09-04
STU03778,Psychology,Cognitive Psychology,Fall 2024,Waitlisted,Female,Senior,18,3.65,2,22540.94,5153.7,2024-09-01
STU03779,History,Ancient Civilizations,Fall 2023,Waitlisted,Female,Graduate,32,3.21,3,10615.04,3229.11,2023-08-25
STU03780,Biology,Genetics,Spring 2023,Completed,Male,Junior,22,2.74,4,12021.52,6384.03,2023-01-24
STU03781,Computer Science,Databases,Fall 2023,Dropped,Female,Graduate,25,3.15,2,15192.04,1665.25,2023-08-27
STU03782,Chemistry,Biochemistry,Fall 2023,Waitlisted,Male,Graduate,31,3.22,3,6195.33,65.85,2023-08-28
STU03783,Psychology,Intro to Psychology,Spring 2024,Dropped,Female,Junior,23,3.17,1,7496.35,3582.94,2024-01-28
STU03784,English,Linguistics,Spring 2023,Enrolled,Male,Senior,25,2.78,2,22494.53,10592.73,2023-01-13
STU03785,Computer Science,Intro to CS,Spring 2024,Enrolled,Female,Graduate,31,3.4,2,11839.58,1085.36,2024-01-22
STU03786,Business Administration,Marketing,Fall 2024,Completed,Female,Senior,22,3.03,2,22599.71,1366.9,2024-08-26
STU03787,Business Administration,Accounting,Fall 2023,Dropped,Male,Freshman,24,3.42,2,15726.99,2727.53,2023-08-18
STU03788,Psychology,Intro to Psychology,Spring 2023,Enrolled,Female,Junior,21,3.3,1,11857.79,2324.21,2023-01-20
STU03789,English,Creative Writing,Fall 2024,Completed,Female,Junior,25,3.52,3,11141.65,1248.05,2024-08-18
STU03790,Computer Science,Algorithms,Spring 2025,Enrolled,Male,Sophomore,22,3.21,1,19835.67,11078.27,2025-01-11
STU03791,Physics,Quantum Physics,Fall 2024,Dropped,Female,Sophomore,25,2.56,2,8174.05,2022.26,2024-08-12
STU03792,Economics,Game Theory,Spring 2025,Dropped,Male,Freshman,20,3.34,1,20111.54,4844.31,2025-01-13
STU03793,Physics,Electromagnetism,Fall 2024,Completed,Male,Sophomore,23,2.48,4,13218.04,183.12,2024-08-17
STU03794,English,American Literature,Spring 2025,Dropped,Male,Senior,28,2.57,4,12092.54,333.99,2025-01-12
STU03795,Physics,Relativity,Spring 2024,Completed,Female,Senior,29,2.62,2,15848.83,9435.5,2024-01-12
STU03796,Psychology,Cognitive Psychology,Fall 2024,Completed,Male,Junior,22,3.56,1,11087.89,2002.78,2024-09-01
STU03797,Chemistry,Analytical Chemistry,Spring 2025,Dropped,Female,Freshman,18,2.24,2,17539.44,120.94,2025-01-09
STU03798,English,Creative Writing,Spring 2023,Completed,Female,Junior,19,2.47,3,19801.06,9864.8,2023-01-13
STU03799,English,Linguistics,Fall 2023,Completed,Male,Senior,27,3.82,2,14847.9,8476.93,2023-08-21
STU03800,Economics,Macroeconomics,Fall 2024,Enrolled,Male,Sophomore,28,3.27,4,10170.61,626.86,2024-08-14
STU03801,Chemistry,Analytical Chemistry,Spring 2023,Dropped,Female,Junior,27,3.5,4,5262.67,1119.25,2023-01-22
STU03802,English,Composition,Fall 2024,Dropped,Female,Senior,26,3.36,3,6559.66,2232.93,2024-08-14
STU03803,Mathematics,Calculus II,Spring 2025,Enrolled,Male,Freshman,27,3.73,4,19502.7,9979.2,2025-01-16
STU03804,History,US History,Spring 2023,Completed,Male,Graduate,25,3.22,2,9451.07,2763.93,2023-01-23
STU03805,Mathematics,Discrete Math,Spring 2025,Enrolled,Female,Sophomore,24,3.03,3,8344.68,2934.02,2025-01-07
STU03806,Mathematics,Statistics,Fall 2024,Waitlisted,Male,Freshman,28,3.02,3,20448.15,11918.95,2024-08-21
STU03807,Business Administration,Entrepreneurship,Fall 2024,Waitlisted,Male,Senior,19,2.66,4,24149.81,6645.47,2024-08-27
STU03808,Biology,Evolution,Spring 2025,Waitlisted,Female,Sophomore,27,2.73,3,8227.47,3314.31,2025-01-17
STU03809,Biology,Anatomy,Spring 2025,Completed,Male,Graduate,22,3.04,3,17138.91,1265.75,2025-01-22
STU03810,Mathematics,Probability,Fall 2023,Enrolled,Male,Graduate,22,2.99,2,17546.74,8935.54,2023-08-23
STU03811,History,European History,Spring 2024,Waitlisted,Male,Sophomore,18,4.0,2,16032.06,2635.87,2024-01-24
STU03812,Mathematics,Calculus II,Fall 2023,Completed,Female,Senior,18,3.19,4,8467.22,4597.6,2023-08-21
STU03813,Economics,Macroeconomics,Fall 2024,Enrolled,Female,Junior,19,2.42,1,19865.57,5438.66,2024-08-24
STU03814,Chemistry,Biochemistry,Fall 2023,Enrolled,Female,Sophomore,27,2.36,3,23397.53,6047.1,2023-08-30
STU03815,Biology,Microbiology,Spring 2025,Enrolled,Female,Freshman,24,2.37,1,9120.44,2986.39,2025-01-23
STU03816,Physics,Relativity,Spring 2025,Completed,Male,Freshman,19,3.24,3,24936.51,12852.55,2025-01-13
STU03817,Computer Science,Operating Systems,Spring 2023,Completed,Female,Senior,28,2.02,2,12115.21,6122.65,2023-01-26
STU03818,History,European History,Spring 2025,Waitlisted,Male,Sophomore,21,2.89,1,14370.32,6975.23,2025-01-09
STU03819,History,US History,Fall 2024,Enrolled,Male,Graduate,29,3.1,4,19009.55,4639.19,2024-08-31
STU03820,Biology,Anatomy,Fall 2023,Enrolled,Female,Senior,19,3.14,1,23851.55,2381.62,2023-09-02
STU03821,English,Composition,Fall 2023,Completed,Female,Freshman,28,3.3,1,6240.91,305.67,2023-09-04
STU03822,English,American Literature,Fall 2024,Completed,Female,Senior,20,2.86,3,13153.42,5325.25,2024-08-18
STU03823,English,Poetry,Fall 2024,Dropped,Male,Sophomore,26,2.62,1,5156.17,170.62,2024-08-21
STU03824,Chemistry,Biochemistry,Fall 2023,Enrolled,Non-binary,Freshman,26,3.07,2,5419.88,507.09,2023-08-22
STU03825,History,Modern History,Fall 2023,Completed,Female,Sophomore,25,3.47,3,23430.82,1673.96,2023-08-30
STU03826,English,Creative Writing,Fall 2023,Enrolled,Male,Senior,29,3.43,1,11359.52,3587.88,2023-08-24
STU03827,Biology,Evolution,Spring 2025,Enrolled,Female,Sophomore,24,2.77,3,18885.54,10666.06,2025-01-12
STU03828,History,Ancient Civilizations,Fall 2024,Enrolled,Male,Sophomore,19,3.72,2,7968.2,3249.63,2024-09-02
STU03829,History,Modern History,Spring 2024,Enrolled,Female,Graduate,34,3.12,2,12702.81,434.49,2024-01-20
STU03830,Economics,Macroeconomics,Spring 2023,Waitlisted,Male,Sophomore,25,3.64,2,5419.66,1543.46,2023-01-22
STU03831,Chemistry,Analytical Chemistry,Spring 2023,Completed,Male,Freshman,23,3.02,1,9836.29,210.24,2023-01-29
STU03832,Biology,Anatomy,Fall 2024,Enrolled,Female,Sophomore,29,3.28,1,18870.53,4823.72,2024-08-22
STU03833,Psychology,Cognitive Psychology,Fall 2024,Enrolled,Female,Senior,21,2.73,1,11484.68,2138.06,2024-08-29
STU03834,History,US History,Spring 2024,Enrolled,Female,Freshman,24,3.53,4,6224.23,1827.69,2024-01-17
STU03835,Biology,Evolution,Spring 2024,Enrolled,Female,Graduate,29,4.0,3,7597.86,3832.43,2024-01-08
STU03836,Economics,International Economics,Spring 2024,Enrolled,Male,Sophomore,26,3.42,1,20335.41,8663.32,2024-01-12
STU03837,Chemistry,General Chemistry,Spring 2025,Waitlisted,Female,Senior,20,2.45,1,17360.45,5993.95,2025-01-12
STU03838,History,US History,Fall 2023,Enrolled,Female,Graduate,24,3.83,3,11133.48,2718.87,2023-08-31
STU03839,Mathematics,Calculus II,Fall 2023,Enrolled,Male,Freshman,28,3.72,1,18003.38,6157.56,2023-08-23
STU03840,Business Administration,Accounting,Spring 2025,Enrolled,Male,Junior,18,3.3,4,11405.17,6324.88,2025-01-26
STU03841,Business Administration,Management,Spring 2023,Enrolled,Male,Freshman,19,2.66,2,5992.62,1768.21,2023-01-13
STU03842,Economics,International Economics,Spring 2024,Enrolled,Male,Freshman,23,2.74,4,6554.91,1029.84,2024-01-28
STU03843,Physics,Quantum Physics,Fall 2023,Enrolled,Male,Senior,27,3.17,4,6288.75,2768.92,2023-08-19
STU03844,Economics,Game Theory,Fall 2023,Enrolled,Male,Sophomore,24,2.88,4,8139.57,3331.4,2023-08-17
STU03845,Mathematics,Calculus II,Fall 2024,Waitlisted,Male,Junior,26,3.22,1,7710.21,2284.93,2024-08-17
STU03846,Physics,Relativity,Spring 2023,Completed,Female,Junior,26,2.79,4,14074.84,7190.29,2023-01-21
STU03847,Mathematics,Linear Algebra,Fall 2023,Enrolled,Male,Senior,18,3.96,4,17437.12,7956.89,2023-08-22
STU03848,Biology,Evolution,Fall 2023,Enrolled,Female,Freshman,19,3.27,4,16897.54,5171.64,2023-09-02
STU03849,History,World History,Fall 2024,Enrolled,Female,Junior,26,3.0,2,24351.98,5212.64,2024-08-20
STU03850,Chemistry,Physical Chemistry,Fall 2023,Completed,Non-binary,Senior,27,3.36,2,12968.07,3848.49,2023-08-25
STU03851,History,European History,Spring 2024,Dropped,Male,Senior,20,2.89,4,10072.4,1877.68,2024-01-14
STU03852,Business Administration,Entrepreneurship,Spring 2025,Waitlisted,Male,Graduate,22,3.12,2,10911.35,5869.73,2025-01-07
STU03853,Computer Science,Intro to CS,Fall 2023,Enrolled,Female,Sophomore,28,3.44,4,14060.48,6509.78,2023-08-20
STU03854,Biology,Evolution,Spring 2025,Dropped,Female,Sophomore,28,3.27,2,19217.51,5854.93,2025-01-13
STU03855,Business Administration,Marketing,Fall 2024,Enrolled,Female,Senior,26,3.92,3,5718.57,1656.68,2024-08-18
STU03856,Business Administration,Finance,Fall 2023,Enrolled,Male,Senior,21,2.28,2,14847.35,4920.32,2023-08-15
STU03857,Business Administration,Marketing,Spring 2023,Completed,Male,Sophomore,25,3.03,3,6222.06,3152.93,2023-01-17
STU03858,Economics,Microeconomics,Spring 2024,Enrolled,Female,Senior,28,3.61,4,21985.17,1827.59,2024-01-19
STU03859,Computer Science,Networks,Spring 2024,Completed,Female,Graduate,25,3.34,3,19174.1,1510.1,2024-01-15
STU03860,Business Administration,Management,Spring 2025,Completed,Male,Graduate,34,3.33,1,22781.73,5816.61,2025-01-15
STU03861,English,American Literature,Spring 2025,Enrolled,Female,Freshman,22,3.85,3,9053.44,3626.06,2025-01-09
STU03862,Psychology,Abnormal Psychology,Spring 2025,Waitlisted,Male,Freshman,18,3.36,1,24568.27,10295.0,2025-01-25
STU03863,Computer Science,Operating Systems,Spring 2023,Enrolled,Female,Junior,21,3.37,4,7575.23,1205.8,2023-01-20
STU03864,Biology,Cell Biology,Spring 2025,Enrolled,Male,Graduate,26,3.25,4,23924.66,6949.72,2025-01-22
STU03865,English,British Literature,Spring 2024,Enrolled,Female,Senior,19,3.09,1,23690.62,2129.45,2024-01-10
STU03866,History,Modern History,Fall 2023,Completed,Female,Graduate,29,2.19,1,12755.66,1835.13,2023-08-27
STU03867,Mathematics,Discrete Math,Spring 2025,Enrolled,Female,Graduate,26,2.58,1,12056.12,3957.1,2025-01-21
STU03868,History,Modern History,Spring 2025,Enrolled,Male,Sophomore,18,3.2,1,5710.07,3257.62,2025-01-24
STU03869,Economics,Microeconomics,Spring 2024,Completed,Male,Sophomore,26,2.38,1,19222.47,6185.5,2024-01-20
STU03870,History,US History,Spring 2025,Completed,Male,Freshman,29,3.08,2,21211.65,4104.09,2025-01-13
STU03871,Mathematics,Statistics,Fall 2024,Completed,Male,Freshman,18,2.52,1,15121.48,773.14,2024-08-30
STU03872,Chemistry,Physical Chemistry,Spring 2025,Enrolled,Female,Graduate,23,2.96,3,14214.01,6880.56,2025-01-12
STU03873,Chemistry,Biochemistry,Spring 2024,Enrolled,Male,Senior,23,3.22,2,6570.37,2296.75,2024-01-28
STU03874,Business Administration,Entrepreneurship,Fall 2024,Dropped,Male,Junior,26,3.24,2,5017.15,2949.84,2024-08-15
STU03875,Business Administration,Business Ethics,Fall 2023,Waitlisted,Female,Junior,26,3.32,1,21212.4,7456.91,2023-08-15
STU03876,Economics,Econometrics,Spring 2023,Completed,Female,Junior,20,2.48,1,13206.11,3998.48,2023-01-30
STU03877,Chemistry,Analytical Chemistry,Spring 2025,Waitlisted,Female,Freshman,25,3.37,2,22657.71,3095.48,2025-01-11
STU03878,Biology,Microbiology,Spring 2025,Enrolled,Female,Sophomore,20,3.28,3,11831.02,2195.66,2025-01-09
STU03879,English,British Literature,Spring 2023,Enrolled,Female,Junior,22,2.96,3,12472.36,5399.03,2023-01-25
STU03880,Biology,Cell Biology,Fall 2023,Enrolled,Male,Sophomore,29,3.04,1,17591.18,6967.37,2023-08-30
STU03881,Economics,Game Theory,Spring 2024,Completed,Male,Graduate,29,3.02,1,8328.64,1593.73,2024-01-24
STU03882,Business Administration,Management,Fall 2024,Enrolled,Female,Graduate,22,3.56,4,5262.44,997.08,2024-08-23
STU03883,Physics,Relativity,Fall 2023,Completed,Female,Graduate,27,3.7,2,21236.22,9979.78,2023-09-01
STU03884,Mathematics,Statistics,Spring 2024,Dropped,Male,Freshman,21,3.54,4,13793.23,8140.2,2024-01-11
STU03885,History,Modern History,Spring 2023,Waitlisted,Male,Graduate,34,2.78,4,18871.25,10470.59,2023-01-13
STU03886,Biology,Microbiology,Spring 2024,Completed,Male,Senior,23,2.63,2,6646.93,3515.69,2024-01-13
STU03887,Chemistry,General Chemistry,Fall 2024,Enrolled,Male,Sophomore,27,2.71,2,18203.76,3603.58,2024-08-29
STU03888,Chemistry,General Chemistry,Fall 2024,Completed,Female,Sophomore,29,2.38,1,7151.57,162.98,2024-08-12
STU03889,History,US History,Fall 2023,Enrolled,Male,Freshman,28,2.77,1,23278.44,5139.87,2023-08-15
STU03890,Psychology,Intro to Psychology,Fall 2024,Enrolled,Male,Junior,18,3.35,3,9806.46,3381.52,2024-08-25
STU03891,Physics,Relativity,Spring 2025,Enrolled,Female,Sophomore,26,2.56,3,24411.11,1897.9,2025-01-09
STU03892,Computer Science,Databases,Spring 2024,Enrolled,Female,Freshman,20,3.0,1,24803.97,12194.17,2024-01-16
STU03893,Psychology,Abnormal Psychology,Fall 2024,Waitlisted,Male,Junior,20,2.86,1,8886.42,1946.58,2024-08-23
STU03894,Business Administration,Entrepreneurship,Fall 2023,Enrolled,Male,Graduate,30,3.66,1,15388.95,6170.56,2023-09-01
STU03895,Biology,Microbiology,Spring 2023,Enrolled,Female,Junior,25,2.55,3,17271.68,540.51,2023-01-30
STU03896,Mathematics,Probability,Fall 2024,Enrolled,Female,Sophomore,23,3.7,4,7913.86,2753.53,2024-08-23
STU03897,Mathematics,Probability,Spring 2025,Dropped,Male,Sophomore,22,2.44,3,18603.55,4067.88,2025-01-10
STU03898,History,European History,Fall 2024,Enrolled,Female,Sophomore,23,2.87,1,24667.35,377.28,2024-08-12
STU03899,Physics,Electromagnetism,Spring 2024,Completed,Male,Senior,21,3.0,2,5287.03,2794.75,2024-01-09
STU03900,Physics,Optics,Spring 2024,Enrolled,Male,Graduate,33,3.05,3,24890.88,6606.69,2024-01-14
STU03901,Mathematics,Differential Equations,Spring 2023,Dropped,Female,Sophomore,23,2.69,1,6289.81,759.68,2023-01-18
STU03902,Business Administration,Finance,Spring 2025,Enrolled,Male,Sophomore,29,3.7,3,6344.57,2555.58,2025-01-07
STU03903,Computer Science,Operating Systems,Spring 2024,Enrolled,Female,Junior,24,3.51,4,14588.23,3762.82,2024-01-18
STU03904,Biology,Genetics,Spring 2025,Completed,Female,Sophomore,22,3.31,2,16198.23,9652.57,2025-01-10
STU03905,Chemistry,Organic Chemistry,Spring 2024,Enrolled,Female,Graduate,27,3.28,4,7515.94,4283.98,2024-01-17
STU03906,History,Modern History,Fall 2023,Enrolled,Male,Junior,25,2.34,3,8111.31,839.0,2023-08-20
STU03907,Physics,Thermodynamics,Fall 2023,Completed,Male,Graduate,26,2.75,2,6219.43,2035.75,2023-08-17
STU03908,Psychology,Social Psychology,Spring 2024,Completed,Male,Freshman,20,3.44,3,9887.31,4388.59,2024-01-17
STU03909,Physics,Optics,Fall 2024,Waitlisted,Female,Junior,27,3.12,3,6136.84,760.95,2024-08-12
STU03910,Economics,Microeconomics,Fall 2023,Completed,Female,Senior,20,2.53,3,13080.13,6441.95,2023-08-27
STU03911,English,American Literature,Fall 2023,Enrolled,Female,Senior,23,2.56,3,11854.68,3628.9,2023-08-24
STU03912,Computer Science,Databases,Spring 2024,Dropped,Female,Freshman,24,3.18,1,18372.15,155.22,2024-01-26
STU03913,Business Administration,Entrepreneurship,Spring 2024,Enrolled,Female,Senior,26,2.53,2,8414.64,4394.1,2024-01-20
STU03914,Chemistry,Biochemistry,Fall 2024,Completed,Male,Senior,26,3.35,4,15692.25,8363.86,2024-08-16
STU03915,History,Ancient Civilizations,Fall 2024,Completed,Male,Freshman,23,2.66,4,13962.62,2719.39,2024-08-29
STU03916,Mathematics,Statistics,Fall 2024,Waitlisted,Male,Senior,25,3.62,1,13339.77,6117.25,2024-08-12
STU03917,Mathematics,Differential Equations,Fall 2023,Completed,Male,Freshman,21,3.72,2,11454.72,5481.18,2023-08-17
STU03918,Psychology,Social Psychology,Spring 2025,Waitlisted,Female,Senior,22,3.46,1,10122.14,1350.98,2025-01-22
STU03919,English,Composition,Spring 2024,Enrolled,Male,Junior,25,3.51,1,8436.32,527.66,2024-01-28
STU03920,English,Creative Writing,Fall 2024,Completed,Female,Freshman,29,2.28,4,15983.53,7137.97,2024-08-28
STU03921,Economics,Econometrics,Fall 2023,Waitlisted,Female,Sophomore,28,3.25,3,19046.19,9269.81,2023-08-31
STU03922,Biology,Ecology,Fall 2024,Completed,Male,Graduate,32,2.87,3,23616.15,1693.01,2024-08-25
STU03923,Computer Science,Databases,Fall 2023,Waitlisted,Female,Senior,26,3.41,4,13724.18,2110.12,2023-09-02
STU03924,Business Administration,Finance,Spring 2024,Enrolled,Male,Junior,24,3.63,2,23530.91,891.31,2024-01-13
STU03925,Psychology,Abnormal Psychology,Spring 2023,Dropped,Female,Sophomore,29,3.11,3,8114.94,623.61,2023-01-17
STU03926,Economics,Microeconomics,Fall 2023,Enrolled,Male,Freshman,22,2.52,2,14909.03,8165.0,2023-08-27
STU03927,Psychology,Social Psychology,Spring 2025,Waitlisted,Male,Sophomore,26,2.53,4,21797.16,8471.54,2025-01-09
STU03928,Chemistry,Physical Chemistry,Spring 2025,Enrolled,Male,Sophomore,27,2.48,3,17720.04,10059.98,2025-01-14
STU03929,Business Administration,Finance,Spring 2025,Completed,Female,Freshman,20,3.97,4,17976.52,629.86,2025-01-11
STU03930,Biology,Ecology,Spring 2024,Enrolled,Female,Freshman,23,3.58,1,18181.24,6169.15,2024-01-11
STU03931,Mathematics,Differential Equations,Spring 2025,Completed,Female,Graduate,34,3.1,3,11239.97,6214.76,2025-01-26
STU03932,Mathematics,Differential Equations,Fall 2024,Enrolled,Female,Graduate,33,2.2,3,18923.47,947.79,2024-09-02
STU03933,Physics,Relativity,Spring 2024,Enrolled,Male,Senior,20,2.67,1,18753.61,6403.95,2024-01-15
STU03934,Biology,Microbiology,Fall 2023,Enrolled,Female,Senior,23,2.55,2,18082.35,1774.59,2023-08-31
STU03935,Chemistry,Biochemistry,Fall 2024,Enrolled,Female,Senior,29,3.2,4,17981.91,3314.88,2024-08-22
STU03936,Biology,Genetics,Spring 2023,Enrolled,Non-binary,Sophomore,21,3.66,2,6647.35,3418.02,2023-01-11
STU03937,English,Composition,Fall 2024,Enrolled,Female,Freshman,21,3.87,4,5252.4,90.57,2024-08-23
STU03938,Biology,Cell Biology,Spring 2025,Enrolled,Female,Senior,23,2.94,4,9218.33,4225.44,2025-01-18
STU03939,History,US History,Fall 2024,Waitlisted,Male,Senior,25,2.94,4,23088.1,12598.78,2024-09-01
STU03940,Psychology,Social Psychology,Fall 2024,Completed,Female,Graduate,31,3.34,4,6887.72,3002.6,2024-09-01
STU03941,Economics,Econometrics,Spring 2025,Waitlisted,Female,Graduate,23,2.85,3,15790.3,4813.58,2025-01-20
STU03942,Chemistry,Organic Chemistry,Spring 2025,Dropped,Female,Sophomore,24,3.32,3,12266.66,623.8,2025-01-06
STU03943,Biology,Microbiology,Fall 2024,Dropped,Female,Freshman,29,2.86,2,20297.24,2233.84,2024-08-13
STU03944,Economics,International Economics,Spring 2024,Completed,Male,Junior,29,3.46,2,23310.75,4530.6,2024-01-22
STU03945,Computer Science,Networks,Spring 2024,Enrolled,Male,Senior,20,2.1,3,22930.16,440.77,2024-01-13
STU03946,Biology,Ecology,Spring 2023,Enrolled,Male,Sophomore,29,3.13,2,16996.59,8125.23,2023-01-17
STU03947,Computer Science,Intro to CS,Spring 2025,Completed,Male,Junior,23,3.21,1,11581.96,4822.31,2025-01-25
STU03948,History,European History,Spring 2024,Completed,Male,Junior,29,3.15,3,12609.28,7299.71,2024-01-26
STU03949,English,American Literature,Spring 2024,Waitlisted,Male,Senior,22,3.37,3,24393.19,4174.1,2024-01-09
STU03950,Biology,Ecology,Spring 2025,Waitlisted,Female,Sophomore,26,2.98,4,20181.11,11257.01,2025-01-18
STU03951,History,World History,Fall 2024,Waitlisted,Female,Freshman,23,3.75,1,8061.7,4708.69,2024-08-22
STU03952,Chemistry,Analytical Chemistry,Spring 2023,Waitlisted,Female,Freshman,28,3.43,1,17154.45,5927.66,2023-01-28
STU03953,Biology,Ecology,Fall 2024,Dropped,Male,Senior,24,3.22,1,14241.2,1579.9,2024-08-24
STU03954,Mathematics,Discrete Math,Fall 2024,Completed,Female,Senior,25,3.92,3,7266.68,2964.26,2024-08-24
STU03955,Mathematics,Calculus I,Fall 2024,Completed,Male,Sophomore,19,4.0,4,15336.97,8182.83,2024-08-29
STU03956,Chemistry,Analytical Chemistry,Spring 2024,Enrolled,Male,Senior,25,3.16,4,7316.69,570.5,2024-01-15
STU03957,Mathematics,Discrete Math,Fall 2024,Completed,Female,Freshman,24,3.8,3,13109.43,4936.54,2024-08-28
STU03958,Economics,Game Theory,Spring 2024,Completed,Female,Senior,18,2.72,2,15964.32,5167.68,2024-01-20
STU03959,Business Administration,Marketing,Fall 2024,Completed,Male,Junior,21,2.17,3,23015.64,12518.63,2024-08-31
STU03960,Computer Science,Data Structures,Fall 2023,Enrolled,Male,Sophomore,28,4.0,1,24987.06,6534.04,2023-08-22
STU03961,Physics,Optics,Fall 2024,Completed,Female,Freshman,29,3.85,3,21958.76,6061.98,2024-08-31
STU03962,Chemistry,Analytical Chemistry,Fall 2024,Completed,Male,Sophomore,18,2.8,1,11268.21,6101.42,2024-08-26
STU03963,Chemistry,General Chemistry,Spring 2024,Enrolled,Male,Senior,22,3.14,4,18450.23,490.76,2024-01-08
STU03964,Computer Science,Databases,Spring 2024,Completed,Male,Graduate,24,2.41,1,23676.23,2770.68,2024-01-19
STU03965,Chemistry,Analytical Chemistry,Fall 2024,Completed,Male,Senior,20,2.94,3,19622.62,9182.39,2024-08-12
STU03966,Chemistry,Organic Chemistry,Spring 2023,Enrolled,Male,Freshman,19,3.4,1,15958.02,6772.7,2023-01-26
STU03967,Physics,Relativity,Fall 2023,Completed,Female,Junior,22,1.9,1,22109.35,665.52,2023-08-21
STU03968,Psychology,Abnormal Psychology,Spring 2024,Waitlisted,Female,Senior,20,2.4,3,22041.4,6696.61,2024-01-21
STU03969,Mathematics,Calculus II,Spring 2023,Enrolled,Male,Graduate,27,3.21,2,18633.63,10445.98,2023-01-22
STU03970,Computer Science,Algorithms,Spring 2024,Enrolled,Male,Senior,20,2.64,3,7336.25,1645.08,2024-01-16
STU03971,Psychology,Intro to Psychology,Spring 2024,Waitlisted,Female,Graduate,32,2.88,3,13006.89,6935.98,2024-01-18
STU03972,Physics,Relativity,Spring 2023,Completed,Male,Graduate,22,3.62,1,22338.87,8400.79,2023-01-22
STU03973,Business Administration,Entrepreneurship,Fall 2023,Waitlisted,Female,Freshman,23,3.11,2,16746.34,6334.48,2023-08-27
STU03974,Psychology,Abnormal Psychology,Spring 2024,Dropped,Female,Freshman,26,2.2,4,18124.67,9228.1,2024-01-24
STU03975,Economics,Econometrics,Spring 2025,Enrolled,Female,Freshman,24,2.87,2,14603.8,2348.58,2025-01-13
STU03976,Chemistry,Physical Chemistry,Spring 2025,Completed,Female,Freshman,20,3.17,1,12093.26,438.48,2025-01-10
STU03977,Biology,Anatomy,Spring 2023,Enrolled,Male,Junior,29,3.27,2,11504.51,618.53,2023-01-21
STU03978,Business Administration,Finance,Fall 2023,Enrolled,Female,Junior,19,3.94,4,18982.78,3180.99,2023-09-04
STU03979,Biology,Cell Biology,Spring 2025,Completed,Male,Freshman,27,2.63,3,17853.89,3483.09,2025-01-10
STU03980,Physics,Quantum Physics,Spring 2025,Enrolled,Non-binary,Junior,25,3.16,4,21680.14,2225.83,2025-01-20
STU03981,Mathematics,Calculus II,Fall 2023,Enrolled,Female,Junior,18,3.5,2,9154.6,3320.72,2023-09-01
STU03982,Computer Science,Data Structures,Fall 2023,Enrolled,Male,Junior,22,3.13,3,19659.39,1106.75,2023-08-24
STU03983,Computer Science,Networks,Spring 2024,Enrolled,Female,Freshman,23,3.36,4,17480.57,4605.37,2024-01-14
STU03984,English,Poetry,Fall 2024,Completed,Male,Senior,26,2.43,4,24191.07,10634.67,2024-08-20
STU03985,History,US History,Fall 2024,Enrolled,Non-binary,Junior,25,2.9,1,7008.59,3568.53,2024-08-17
STU03986,Psychology,Cognitive Psychology,Fall 2024,Enrolled,Male,Graduate,31,2.6,3,11200.52,5022.1,2024-08-15
STU03987,English,American Literature,Spring 2023,Enrolled,Male,Graduate,31,4.0,1,15233.26,261.3,2023-01-23
STU03988,Computer Science,Operating Systems,Spring 2025,Waitlisted,Female,Senior,25,3.22,1,12674.81,5701.74,2025-01-09
STU03989,Computer Science,Intro to CS,Spring 2025,Waitlisted,Female,Graduate,33,3.06,2,9475.65,4634.76,2025-01-18
STU03990,Physics,Relativity,Fall 2023,Dropped,Male,Graduate,34,2.95,2,19635.12,2085.93,2023-09-04
STU03991,History,Modern History,Spring 2025,Enrolled,Male,Senior,20,3.34,3,16975.47,9789.32,2025-01-08
STU03992,History,US History,Fall 2024,Enrolled,Female,Senior,27,3.42,2,13028.76,4130.63,2024-08-22
STU03993,Computer Science,Machine Learning,Fall 2024,Completed,Female,Freshman,18,4.0,1,24954.03,14600.99,2024-08-30
STU03994,Computer Science,Web Dev,Fall 2024,Enrolled,Female,Junior,22,3.51,4,22784.51,4156.91,2024-08-22
STU03995,Physics,Electromagnetism,Fall 2024,Completed,Female,Sophomore,18,2.87,2,20255.3,5344.1,2024-08-18
STU03996,Computer Science,Intro to CS,Spring 2025,Completed,Female,Junior,22,3.26,3,12530.39,6793.02,2025-01-20
STU03997,Business Administration,Management,Fall 2024,Enrolled,Male,Senior,20,3.26,1,7834.3,2198.61,2024-08-30
STU03998,Physics,Optics,Spring 2024,Enrolled,Male,Freshman,20,2.82,3,18694.45,5782.42,2024-01-21
STU03999,Psychology,Intro to Psychology,Fall 2024,Enrolled,Female,Graduate,28,3.61,4,11617.04,1807.84,2024-08-13
STU04000,Computer Science,Operating Systems,Spring 2023,Completed,Male,Sophomore,18,2.95,3,12195.27,6197.63,2023-01-30
STU04001,Computer Science,Operating Systems,Spring 2025,Dropped,Female,Junior,18,3.04,4,11864.6,5813.74,2025-01-14
STU04002,History,Modern History,Spring 2025,Enrolled,Female,Junior,23,2.85,1,21709.37,1192.57,2025-01-07
STU04003,Psychology,Developmental Psychology,Spring 2024,Completed,Non-binary,Junior,28,3.31,2,24669.72,2991.01,2024-01-28
STU04004,Computer Science,Data Structures,Spring 2025,Enrolled,Female,Senior,27,3.04,2,11741.74,5351.37,2025-01-13
STU04005,Biology,Anatomy,Fall 2024,Completed,Female,Senior,25,3.11,4,21950.64,11352.43,2024-08-29
STU04006,English,Composition,Fall 2024,Waitlisted,Female,Sophomore,19,2.34,1,23563.52,7069.94,2024-09-02
STU04007,Biology,Microbiology,Fall 2024,Enrolled,Female,Sophomore,23,3.0,1,15068.08,2973.18,2024-08-31
STU04008,Mathematics,Calculus I,Spring 2025,Waitlisted,Female,Freshman,18,3.47,3,24900.62,381.18,2025-01-24
STU04009,Economics,Game Theory,Fall 2023,Dropped,Female,Freshman,20,4.0,1,14310.29,1041.88,2023-08-26
STU04010,Biology,Anatomy,Spring 2023,Enrolled,Female,Junior,18,2.83,3,24045.48,8837.32,2023-01-13
STU04011,Biology,Anatomy,Fall 2023,Completed,Male,Freshman,26,2.76,1,10501.54,3697.17,2023-09-05
STU04012,Chemistry,Analytical Chemistry,Spring 2025,Completed,Female,Sophomore,25,2.75,3,19765.21,372.14,2025-01-23
STU04013,Economics,Macroeconomics,Fall 2024,Completed,Female,Senior,23,3.39,4,5855.07,694.47,2024-08-12
STU04014,Biology,Evolution,Spring 2023,Completed,Female,Sophomore,24,2.66,4,20890.12,9901.62,2023-01-25
STU04015,Economics,Microeconomics,Spring 2025,Enrolled,Female,Graduate,25,3.01,4,22317.72,1195.6,2025-01-23
STU04016,Psychology,Abnormal Psychology,Spring 2025,Enrolled,Female,Sophomore,24,3.73,2,8192.85,1641.07,2025-01-16
STU04017,English,Linguistics,Spring 2025,Completed,Male,Sophomore,28,3.26,2,7883.2,4421.99,2025-01-08
STU04018,Psychology,Intro to Psychology,Spring 2025,Enrolled,Male,Sophomore,19,3.5,3,13667.57,4877.89,2025-01-22
STU04019,Biology,Cell Biology,Spring 2024,Completed,Male,Graduate,25,3.96,3,22801.97,11958.85,2024-01-17
STU04020,History,Ancient Civilizations,Spring 2025,Completed,Female,Graduate,29,3.46,4,17905.36,590.68,2025-01-20
STU04021,Chemistry,Biochemistry,Spring 2025,Enrolled,Non-binary,Junior,25,3.26,3,19607.39,4357.1,2025-01-08
STU04022,Business Administration,Management,Spring 2024,Enrolled,Male,Sophomore,22,3.56,1,5759.23,1688.15,2024-01-12
STU04023,Economics,Econometrics,Spring 2025,Completed,Female,Graduate,28,2.22,2,8222.46,1270.12,2025-01-14
STU04024,Psychology,Developmental Psychology,Spring 2024,Completed,Male,Junior,27,2.23,1,7820.72,4545.56,2024-01-08
STU04025,Mathematics,Probability,Fall 2024,Waitlisted,Male,Sophomore,21,3.25,4,17360.75,7349.46,2024-08-28
STU04026,Economics,Econometrics,Spring 2025,Dropped,Female,Graduate,31,3.44,4,17852.79,9533.47,2025-01-19
STU04027,History,European History,Spring 2024,Enrolled,Male,Junior,20,2.64,1,18382.41,2853.04,2024-01-20
STU04028,English,Linguistics,Spring 2024,Waitlisted,Female,Senior,24,3.71,4,8032.18,1180.77,2024-01-18
STU04029,Biology,Evolution,Spring 2023,Dropped,Female,Sophomore,25,3.28,3,23013.59,428.48,2023-01-17
STU04030,Psychology,Cognitive Psychology,Spring 2023,Enrolled,Female,Freshman,25,3.87,1,6147.77,512.58,2023-01-24
STU04031,English,Poetry,Spring 2024,Completed,Male,Junior,21,3.75,2,8212.28,4809.58,2024-01-09
STU04032,Physics,Optics,Fall 2023,Completed,Female,Junior,24,2.84,2,13578.47,2238.37,2023-08-26
STU04033,Economics,International Economics,Spring 2024,Enrolled,Female,Junior,19,3.33,4,8730.01,1233.63,2024-01-18
STU04034,Computer Science,Data Structures,Spring 2025,Waitlisted,Non-binary,Junior,18,2.78,1,8576.67,2839.45,2025-01-07
STU04035,Biology,Genetics,Spring 2025,Completed,Male,Junior,18,3.07,2,11199.46,1086.42,2025-01-07
STU04036,Economics,Macroeconomics,Spring 2024,Waitlisted,Male,Senior,19,3.88,1,10950.59,552.58,2024-01-14
STU04037,English,British Literature,Fall 2023,Completed,Male,Sophomore,24,2.97,2,9215.34,4269.37,2023-08-28
STU04038,History,World History,Fall 2024,Completed,Female,Senior,19,3.46,2,10074.97,608.39,2024-09-02
STU04039,Economics,Macroeconomics,Spring 2023,Enrolled,Male,Junior,27,2.77,1,22434.18,6914.32,2023-01-26
STU04040,Mathematics,Discrete Math,Fall 2024,Completed,Female,Junior,18,3.03,4,12425.72,4993.91,2024-08-13
STU04041,Economics,Macroeconomics,Spring 2025,Enrolled,Male,Freshman,20,3.44,3,18436.98,5435.25,2025-01-23
STU04042,English,Linguistics,Spring 2025,Dropped,Female,Sophomore,18,3.37,2,5279.62,1390.13,2025-01-20
STU04043,Computer Science,Networks,Spring 2024,Waitlisted,Female,Freshman,21,2.81,2,13615.6,5350.51,2024-01-08
STU04044,History,US History,Spring 2024,Enrolled,Female,Senior,23,3.46,4,19744.93,8173.37,2024-01-26
STU04045,Psychology,Social Psychology,Fall 2023,Enrolled,Male,Graduate,31,2.63,1,13718.98,712.6,2023-09-02
STU04046,Economics,Econometrics,Spring 2023,Dropped,Female,Graduate,28,3.18,1,23006.24,7930.71,2023-01-18
STU04047,Business Administration,Entrepreneurship,Spring 2023,Completed,Male,Sophomore,23,2.73,3,19789.67,5868.46,2023-01-12
STU04048,Chemistry,General Chemistry,Spring 2025,Completed,Male,Sophomore,26,2.46,1,16107.84,41.32,2025-01-18
STU04049,History,European History,Fall 2024,Enrolled,Female,Sophomore,29,3.6,3,22990.0,10520.04,2024-08-30
STU04050,Business Administration,Management,Fall 2023,Completed,Male,Junior,21,2.73,1,23175.62,12690.45,2023-09-05
STU04051,Economics,Microeconomics,Spring 2024,Enrolled,Female,Sophomore,26,3.51,3,8982.05,3447.96,2024-01-18
STU04052,Biology,Microbiology,Fall 2024,Completed,Male,Senior,23,3.11,2,8207.08,1174.57,2024-08-17
STU04053,Physics,Relativity,Spring 2023,Completed,Female,Freshman,25,3.27,4,14690.83,4576.47,2023-01-10
STU04054,History,US History,Fall 2023,Enrolled,Male,Graduate,28,2.46,4,21284.55,4965.73,2023-08-29
STU04055,Economics,Microeconomics,Spring 2025,Completed,Male,Junior,22,2.62,3,17993.26,2065.75,2025-01-11
STU04056,Economics,International Economics,Spring 2025,Dropped,Female,Junior,22,3.28,2,5440.32,691.64,2025-01-26
STU04057,Mathematics,Differential Equations,Spring 2025,Enrolled,Female,Sophomore,29,3.25,2,9953.74,4091.95,2025-01-08
STU04058,English,British Literature,Spring 2024,Completed,Male,Freshman,26,1.5,2,9874.37,1520.04,2024-01-26
STU04059,English,British Literature,Fall 2024,Completed,Female,Freshman,21,3.21,4,7463.84,1675.36,2024-08-15
STU04060,Psychology,Social Psychology,Spring 2025,Enrolled,Male,Junior,26,3.22,2,18200.6,2424.8,2025-01-18
STU04061,Biology,Genetics,Fall 2024,Waitlisted,Male,Freshman,24,2.99,3,5302.15,2857.67,2024-08-13
STU04062,Economics,Game Theory,Fall 2023,Completed,Female,Freshman,22,2.69,4,6198.09,845.88,2023-08-26
STU04063,History,World History,Fall 2023,Waitlisted,Female,Junior,22,3.72,1,12731.16,1563.29,2023-08-17
STU04064,Biology,Microbiology,Fall 2023,Enrolled,Female,Junior,18,2.87,4,22172.91,2086.43,2023-08-22
STU04065,Computer Science,Databases,Spring 2023,Enrolled,Male,Graduate,25,2.7,4,7857.76,3561.18,2023-01-26
STU04066,Mathematics,Linear Algebra,Fall 2024,Completed,Female,Sophomore,27,3.3,3,17879.35,3016.08,2024-08-13
STU04067,Mathematics,Discrete Math,Spring 2024,Enrolled,Male,Freshman,25,2.61,2,7085.56,3811.06,2024-01-08
STU04068,Economics,Econometrics,Spring 2024,Dropped,Male,Senior,29,2.99,1,8879.6,5254.61,2024-01-26
STU04069,Biology,Anatomy,Spring 2025,Enrolled,Male,Junior,21,2.62,1,5041.61,2817.85,2025-01-16
STU04070,Computer Science,Data Structures,Spring 2024,Enrolled,Male,Graduate,32,3.25,3,19988.39,7748.34,2024-01-20
STU04071,Business Administration,Marketing,Spring 2024,Completed,Female,Graduate,28,2.48,3,23965.37,11122.37,2024-01-26
STU04072,English,Linguistics,Spring 2023,Waitlisted,Male,Junior,20,2.79,2,10124.34,5077.11,2023-01-25
STU04073,Psychology,Developmental Psychology,Spring 2024,Completed,Male,Sophomore,22,3.57,4,24612.22,581.23,2024-01-08
STU04074,Economics,Macroeconomics,Spring 2024,Completed,Male,Graduate,28,2.58,4,19699.06,2994.56,2024-01-14
STU04075,Computer Science,Networks,Spring 2023,Enrolled,Female,Sophomore,28,3.14,3,5601.44,3258.9,2023-01-20
STU04076,Mathematics,Calculus II,Fall 2023,Enrolled,Male,Sophomore,18,4.0,1,8774.8,2161.41,2023-08-17
STU04077,Mathematics,Linear Algebra,Fall 2023,Completed,Female,Junior,24,3.0,2,11803.42,3311.98,2023-08-15
STU04078,Economics,Econometrics,Spring 2025,Enrolled,Male,Sophomore,28,2.48,3,17889.56,10059.55,2025-01-17
STU04079,Economics,Game Theory,Spring 2024,Dropped,Female,Junior,18,3.89,1,9308.44,4629.25,2024-01-12
STU04080,Biology,Evolution,Spring 2025,Waitlisted,Female,Freshman,21,3.12,4,7117.58,3823.4,2025-01-09
STU04081,Biology,Ecology,Spring 2025,Completed,Male,Sophomore,29,2.91,4,9447.72,3271.56,2025-01-25
STU04082,Computer Science,Algorithms,Spring 2025,Enrolled,Female,Senior,29,3.26,2,18226.96,6649.97,2025-01-20
STU04083,Economics,Game Theory,Spring 2025,Completed,Female,Sophomore,29,3.4,4,8222.2,2945.5,2025-01-25
STU04084,History,Modern History,Spring 2023,Dropped,Female,Sophomore,28,3.21,2,11954.7,6968.91,2023-01-22
STU04085,Mathematics,Linear Algebra,Fall 2024,Enrolled,Female,Senior,23,3.12,1,15014.11,3456.69,2024-08-19
STU04086,Mathematics,Discrete Math,Spring 2024,Completed,Female,Sophomore,28,3.17,3,12602.12,2721.36,2024-01-25
STU04087,Business Administration,Accounting,Spring 2024,Dropped,Male,Junior,27,2.69,3,16132.12,8157.36,2024-01-26
STU04088,History,European History,Fall 2024,Enrolled,Female,Junior,19,2.81,3,18565.79,9346.78,2024-08-16
STU04089,Chemistry,General Chemistry,Spring 2023,Enrolled,Female,Graduate,30,3.05,3,24665.61,4385.08,2023-01-17
STU04090,Mathematics,Calculus II,Spring 2024,Completed,Female,Freshman,20,3.48,3,17760.96,4029.83,2024-01-12
STU04091,Physics,Mechanics,Fall 2023,Dropped,Female,Freshman,21,3.56,2,10514.93,321.58,2023-08-27
STU04092,Economics,International Economics,Spring 2024,Dropped,Female,Junior,23,2.34,4,16064.75,9079.63,2024-01-08
STU04093,Mathematics,Linear Algebra,Spring 2024,Enrolled,Male,Freshman,24,2.58,3,8784.71,1525.74,2024-01-22
STU04094,Psychology,Cognitive Psychology,Fall 2023,Enrolled,Non-binary,Freshman,28,3.18,1,17109.3,7308.19,2023-08-30
STU04095,Physics,Quantum Physics,Fall 2023,Enrolled,Male,Sophomore,27,2.94,1,24170.37,3859.77,2023-08-30
STU04096,Psychology,Abnormal Psychology,Spring 2025,Enrolled,Male,Senior,28,2.83,1,8951.95,693.28,2025-01-23
STU04097,Business Administration,Marketing,Spring 2025,Completed,Female,Freshman,25,2.77,2,16075.12,1180.22,2025-01-12
STU04098,Economics,International Economics,Spring 2023,Completed,Male,Senior,25,4.0,4,20681.89,267.91,2023-01-28
STU04099,Mathematics,Probability,Spring 2024,Waitlisted,Female,Freshman,25,3.33,3,9728.08,2663.33,2024-01-23
STU04100,Psychology,Developmental Psychology,Spring 2025,Enrolled,Male,Junior,22,3.23,1,15444.87,494.21,2025-01-13
STU04101,Psychology,Abnormal Psychology,Spring 2025,Enrolled,Male,Sophomore,24,2.83,4,23066.42,13821.78,2025-01-26
STU04102,Chemistry,Biochemistry,Spring 2025,Enrolled,Male,Junior,25,3.49,1,20557.85,10020.33,2025-01-20
STU04103,Business Administration,Entrepreneurship,Spring 2023,Enrolled,Female,Sophomore,22,3.39,1,19255.06,11384.19,2023-01-19
STU04104,History,European History,Spring 2025,Completed,Non-binary,Senior,23,2.6,1,16278.14,3650.56,2025-01-16
STU04105,Biology,Ecology,Spring 2023,Dropped,Non-binary,Graduate,24,3.08,4,16324.24,7356.42,2023-01-30
STU04106,Computer Science,Data Structures,Fall 2024,Completed,Male,Graduate,25,3.39,1,22100.22,10568.67,2024-08-16
STU04107,Biology,Microbiology,Spring 2025,Enrolled,Male,Freshman,29,3.08,4,24007.69,510.2,2025-01-13
STU04108,Chemistry,Organic Chemistry,Spring 2023,Enrolled,Male,Graduate,34,3.23,2,13990.66,6812.5,2023-01-12
STU04109,History,US History,Spring 2025,Enrolled,Male,Freshman,29,2.48,2,22949.73,6235.97,2025-01-18
STU04110,Physics,Mechanics,Spring 2024,Completed,Female,Graduate,32,2.49,4,5797.47,1267.3,2024-01-13
STU04111,English,British Literature,Spring 2024,Enrolled,Female,Graduate,30,2.68,2,15061.37,4470.23,2024-01-09
STU04112,Biology,Ecology,Fall 2024,Dropped,Female,Sophomore,29,2.84,1,19664.39,4268.48,2024-08-13
STU04113,Computer Science,Operating Systems,Spring 2024,Enrolled,Female,Freshman,21,3.94,4,14637.82,4616.14,2024-01-19
STU04114,Chemistry,Biochemistry,Spring 2025,Enrolled,Male,Junior,22,3.33,1,23293.82,12980.12,2025-01-24
STU04115,Computer Science,Algorithms,Fall 2024,Enrolled,Female,Freshman,18,3.11,2,17584.38,10494.23,2024-08-31
STU04116,Psychology,Cognitive Psychology,Fall 2023,Completed,Male,Graduate,33,2.92,4,15253.39,6641.92,2023-08-27
STU04117,Business Administration,Entrepreneurship,Spring 2023,Enrolled,Female,Graduate,30,2.74,4,7801.36,3352.11,2023-01-24
STU04118,Mathematics,Statistics,Spring 2025,Enrolled,Female,Freshman,26,3.32,2,11238.78,286.12,2025-01-08
STU04119,Computer Science,Web Dev,Spring 2024,Completed,Male,Graduate,30,2.96,3,23301.11,12331.65,2024-01-11
STU04120,Mathematics,Calculus II,Fall 2023,Waitlisted,Male,Junior,27,2.97,1,6986.52,981.3,2023-08-17
STU04121,History,European History,Fall 2024,Enrolled,Female,Graduate,32,3.4,3,13382.32,3384.11,2024-09-01
STU04122,Biology,Genetics,Spring 2024,Completed,Male,Graduate,22,2.86,4,5902.22,1444.38,2024-01-18
STU04123,History,Ancient Civilizations,Spring 2024,Completed,Female,Freshman,21,3.15,4,17713.02,7580.32,2024-01-22
STU04124,Chemistry,Organic Chemistry,Fall 2023,Waitlisted,Female,Graduate,25,3.32,4,21130.93,11456.74,2023-09-05
STU04125,Biology,Cell Biology,Fall 2024,Completed,Male,Sophomore,26,3.1,2,16611.34,3281.83,2024-08-12
STU04126,Physics,Thermodynamics,Fall 2024,Completed,Female,Senior,22,2.5,3,12998.17,3229.8,2024-08-13
STU04127,Economics,Econometrics,Spring 2025,Enrolled,Female,Junior,24,2.36,3,21618.06,12489.69,2025-01-18
STU04128,Psychology,Intro to Psychology,Fall 2024,Completed,Non-binary,Sophomore,28,3.76,1,8262.57,70.35,2024-08-25
STU04129,Psychology,Intro to Psychology,Spring 2025,Enrolled,Female,Junior,22,3.3,2,5527.06,2737.69,2025-01-15
STU04130,Economics,Microeconomics,Spring 2024,Dropped,Female,Junior,28,3.8,3,6112.13,3118.5,2024-01-13
STU04131,Economics,International Economics,Spring 2025,Enrolled,Male,Graduate,31,2.95,4,6710.83,2568.95,2025-01-18
STU04132,History,European History,Spring 2025,Enrolled,Female,Junior,27,2.62,4,22321.88,4792.01,2025-01-20
STU04133,English,Composition,Spring 2023,Completed,Male,Sophomore,18,3.53,4,18767.06,10934.02,2023-01-14
STU04134,Business Administration,Finance,Fall 2023,Enrolled,Female,Freshman,18,3.2,2,17774.21,6146.06,2023-08-31
STU04135,Business Administration,Marketing,Fall 2024,Enrolled,Female,Graduate,24,3.67,3,20727.28,2375.91,2024-08-26
STU04136,History,World History,Spring 2025,Enrolled,Female,Graduate,29,3.37,2,8992.96,3147.47,2025-01-07
STU04137,History,World History,Fall 2023,Enrolled,Male,Graduate,31,3.7,4,21881.13,9675.57,2023-08-26
STU04138,Computer Science,Networks,Spring 2025,Waitlisted,Male,Junior,22,2.91,4,11457.2,606.0,2025-01-12
STU04139,Computer Science,Machine Learning,Fall 2024,Waitlisted,Male,Senior,22,2.31,2,5298.58,2506.59,2024-08-25
STU04140,Economics,International Economics,Fall 2024,Waitlisted,Female,Senior,22,2.8,1,9424.58,855.23,2024-08-15
STU04141,Mathematics,Calculus I,Spring 2025,Dropped,Non-binary,Freshman,18,3.58,2,15695.74,7320.87,2025-01-10
STU04142,Psychology,Developmental Psychology,Spring 2024,Enrolled,Female,Senior,22,3.62,2,10732.74,4727.44,2024-01-21
STU04143,Chemistry,Organic Chemistry,Fall 2023,Enrolled,Female,Sophomore,24,2.58,1,11397.01,5891.06,2023-08-21
STU04144,Physics,Electromagnetism,Fall 2024,Waitlisted,Male,Senior,26,3.69,1,22831.47,11078.84,2024-08-19
STU04145,History,World History,Spring 2025,Waitlisted,Male,Junior,25,2.89,2,6735.47,2625.03,2025-01-17
STU04146,Computer Science,Operating Systems,Fall 2024,Completed,Male,Senior,28,3.13,4,16346.19,2266.34,2024-08-24
STU04147,English,American Literature,Fall 2024,Enrolled,Female,Sophomore,22,3.57,4,10430.33,918.66,2024-08-14
STU04148,Computer Science,Intro to CS,Spring 2025,Waitlisted,Male,Graduate,32,3.46,3,15150.77,3110.22,2025-01-19
STU04149,Chemistry,Physical Chemistry,Spring 2024,Waitlisted,Male,Freshman,28,3.09,1,15600.49,1224.61,2024-01-28
STU04150,Chemistry,Organic Chemistry,Spring 2024,Waitlisted,Female,Graduate,25,3.39,1,14875.78,4079.16,2024-01-16
STU04151,English,American Literature,Spring 2025,Completed,Non-binary,Sophomore,18,2.07,3,18395.97,10356.89,2025-01-18
STU04152,English,Creative Writing,Spring 2024,Waitlisted,Female,Graduate,22,2.65,4,11549.53,3077.24,2024-01-18
STU04153,Psychology,Abnormal Psychology,Spring 2023,Enrolled,Male,Graduate,33,2.95,2,5543.23,2361.76,2023-01-25
STU04154,Physics,Mechanics,Fall 2023,Enrolled,Female,Freshman,29,3.84,3,16622.17,1625.01,2023-08-22
STU04155,Psychology,Abnormal Psychology,Spring 2025,Waitlisted,Female,Graduate,33,2.9,2,23562.9,7376.86,2025-01-16
STU04156,Psychology,Abnormal Psychology,Fall 2024,Dropped,Male,Graduate,33,2.35,4,10321.75,2378.22,2024-08-12
STU04157,Biology,Evolution,Spring 2023,Dropped,Female,Graduate,24,3.71,3,9836.7,465.69,2023-01-30
STU04158,History,US History,Fall 2024,Enrolled,Female,Graduate,34,2.09,4,10025.18,550.94,2024-08-27
STU04159,Chemistry,Biochemistry,Spring 2023,Enrolled,Male,Sophomore,25,3.47,1,17218.55,8807.29,2023-01-10
STU04160,Economics,Microeconomics,Spring 2023,Enrolled,Male,Graduate,22,3.57,4,22791.1,3850.84,2023-01-22
STU04161,Chemistry,Biochemistry,Fall 2024,Enrolled,Male,Sophomore,26,3.28,1,12431.64,240.88,2024-08-20
STU04162,Mathematics,Probability,Spring 2025,Enrolled,Male,Junior,22,3.15,1,6493.59,593.23,2025-01-12
STU04163,History,European History,Spring 2024,Completed,Female,Freshman,18,3.46,1,11788.84,874.91,2024-01-25
STU04164,Chemistry,Analytical Chemistry,Spring 2024,Waitlisted,Male,Freshman,21,2.9,1,24932.02,3475.38,2024-01-09
STU04165,English,American Literature,Spring 2024,Completed,Male,Junior,22,2.29,2,23647.04,13926.04,2024-01-23
STU04166,Computer Science,Machine Learning,Spring 2025,Enrolled,Female,Junior,18,3.13,3,11295.68,2734.6,2025-01-10
STU04167,Psychology,Cognitive Psychology,Fall 2023,Completed,Male,Senior,27,2.5,2,17250.4,10342.44,2023-08-25
STU04168,Biology,Evolution,Fall 2024,Enrolled,Female,Freshman,28,3.15,4,17629.98,4076.79,2024-08-12
STU04169,Computer Science,Data Structures,Spring 2025,Enrolled,Non-binary,Sophomore,19,3.19,2,24389.27,10525.5,2025-01-13
STU04170,Physics,Quantum Physics,Spring 2024,Enrolled,Female,Junior,23,3.17,1,10385.69,6227.05,2024-01-09
STU04171,Business Administration,Business Ethics,Spring 2024,Enrolled,Male,Freshman,24,2.5,4,23873.0,5866.61,2024-01-16
STU04172,Economics,Game Theory,Spring 2025,Waitlisted,Female,Freshman,23,3.32,2,9395.44,3901.37,2025-01-20
STU04173,English,Creative Writing,Fall 2024,Enrolled,Female,Sophomore,21,3.42,3,10829.34,6011.29,2024-08-23
STU04174,Physics,Electromagnetism,Fall 2023,Enrolled,Female,Freshman,21,3.83,3,11880.82,6234.43,2023-08-30
STU04175,Business Administration,Business Ethics,Spring 2025,Dropped,Female,Graduate,24,2.97,2,7203.52,1929.1,2025-01-08
STU04176,Business Administration,Marketing,Spring 2024,Waitlisted,Female,Junior,20,2.51,3,8860.72,5310.19,2024-01-20
STU04177,Mathematics,Calculus I,Spring 2024,Enrolled,Female,Senior,27,2.43,1,22711.98,10290.82,2024-01-17
STU04178,Chemistry,Physical Chemistry,Fall 2023,Enrolled,Female,Junior,20,4.0,4,5214.78,2752.76,2023-08-22
STU04179,Chemistry,General Chemistry,Spring 2025,Waitlisted,Female,Junior,25,3.06,4,18201.32,10686.14,2025-01-09
STU04180,Biology,Anatomy,Spring 2024,Enrolled,Male,Freshman,19,2.81,2,12027.18,856.26,2024-01-23
STU04181,Mathematics,Calculus II,Fall 2023,Completed,Non-binary,Senior,22,2.25,4,7742.0,2266.77,2023-08-24
STU04182,Biology,Evolution,Spring 2024,Dropped,Female,Junior,23,3.03,3,16821.98,4863.82,2024-01-11
STU04183,Biology,Evolution,Fall 2023,Completed,Male,Junior,18,3.6,4,18316.11,2993.92,2023-08-24
STU04184,Psychology,Abnormal Psychology,Fall 2023,Waitlisted,Male,Senior,19,2.52,1,11961.78,1621.03,2023-09-04
STU04185,English,Composition,Spring 2025,Waitlisted,Male,Graduate,24,3.15,1,6729.69,2969.28,2025-01-21
STU04186,Physics,Optics,Spring 2025,Enrolled,Female,Junior,21,3.93,1,11381.4,2276.51,2025-01-26
STU04187,Chemistry,Organic Chemistry,Fall 2023,Completed,Male,Freshman,29,3.32,1,16228.43,5236.9,2023-08-23
STU04188,Computer Science,Databases,Spring 2023,Enrolled,Female,Senior,26,2.96,2,13619.87,5934.8,2023-01-25
STU04189,Economics,International Economics,Spring 2023,Waitlisted,Male,Sophomore,28,4.0,2,24965.04,5371.64,2023-01-22
STU04190,English,British Literature,Fall 2024,Waitlisted,Male,Graduate,32,3.31,2,12638.65,5227.94,2024-08-14
STU04191,Computer Science,Data Structures,Fall 2024,Enrolled,Female,Freshman,25,3.35,1,23936.11,4296.51,2024-08-19
STU04192,English,American Literature,Spring 2024,Enrolled,Female,Senior,18,2.28,2,14623.59,8059.43,2024-01-12
STU04193,Physics,Quantum Physics,Fall 2023,Enrolled,Female,Junior,27,2.81,4,14140.31,6793.1,2023-09-05
STU04194,Business Administration,Marketing,Spring 2025,Completed,Female,Sophomore,28,2.87,2,15250.45,5517.69,2025-01-16
STU04195,Biology,Ecology,Fall 2024,Waitlisted,Male,Junior,25,3.93,2,17720.86,10611.76,2024-08-22
STU04196,Physics,Optics,Fall 2024,Enrolled,Female,Junior,28,3.34,4,13499.45,2917.01,2024-08-13
STU04197,History,Ancient Civilizations,Spring 2025,Dropped,Male,Junior,18,2.91,2,11104.58,689.82,2025-01-07
STU04198,Business Administration,Marketing,Spring 2025,Enrolled,Female,Sophomore,24,3.49,3,12435.32,4272.39,2025-01-16
STU04199,Economics,Macroeconomics,Spring 2024,Enrolled,Female,Sophomore,21,3.25,1,7923.31,1412.64,2024-01-22
STU04200,Business Administration,Marketing,Fall 2024,Completed,Male,Senior,20,3.69,4,24814.18,9116.98,2024-09-02
STU04201,Mathematics,Differential Equations,Spring 2025,Enrolled,Male,Graduate,27,2.65,4,21425.08,4677.55,2025-01-10
STU04202,Biology,Evolution,Fall 2024,Enrolled,Female,Freshman,21,3.82,3,22697.9,8036.91,2024-08-28
STU04203,Physics,Relativity,Fall 2023,Completed,Female,Sophomore,29,2.59,1,18083.76,1476.05,2023-08-29
STU04204,History,Ancient Civilizations,Spring 2025,Dropped,Male,Graduate,27,2.77,2,11626.17,22.97,2025-01-11
STU04205,Business Administration,Finance,Fall 2023,Enrolled,Female,Graduate,27,2.58,1,7338.13,678.75,2023-08-15
STU04206,Chemistry,Biochemistry,Spring 2025,Completed,Female,Sophomore,24,2.75,3,18666.39,5422.04,2025-01-11
STU04207,Physics,Optics,Spring 2024,Completed,Male,Sophomore,19,3.07,2,21467.67,8092.74,2024-01-11
STU04208,Psychology,Intro to Psychology,Spring 2025,Enrolled,Female,Sophomore,24,3.01,3,6316.75,162.0,2025-01-19
STU04209,English,American Literature,Fall 2024,Dropped,Male,Sophomore,26,3.78,2,10104.04,3640.84,2024-08-25
STU04210,History,European History,Spring 2023,Enrolled,Male,Senior,25,3.63,3,14332.27,2895.55,2023-01-15
STU04211,Computer Science,Web Dev,Fall 2023,Dropped,Male,Sophomore,22,2.5,2,17025.0,8470.59,2023-08-28
STU04212,English,Creative Writing,Fall 2023,Enrolled,Male,Sophomore,22,2.9,2,11573.95,843.2,2023-09-01
STU04213,English,Creative Writing,Spring 2025,Completed,Male,Junior,21,3.2,3,10559.16,3127.06,2025-01-08
STU04214,Psychology,Abnormal Psychology,Spring 2023,Completed,Non-binary,Freshman,23,2.38,3,10381.02,4362.48,2023-01-18
STU04215,Physics,Electromagnetism,Spring 2025,Dropped,Female,Junior,28,3.09,4,14355.8,4284.44,2025-01-18
STU04216,Chemistry,General Chemistry,Spring 2023,Completed,Male,Junior,20,4.0,1,13446.51,3925.8,2023-01-10
STU04217,Physics,Thermodynamics,Fall 2023,Dropped,Male,Senior,22,2.76,1,12971.27,638.39,2023-09-04
STU04218,Business Administration,Marketing,Spring 2025,Dropped,Female,Junior,25,2.85,1,7379.51,499.14,2025-01-15
STU04219,English,Linguistics,Fall 2024,Completed,Male,Junior,22,2.78,1,16712.82,5875.05,2024-08-28
STU04220,Business Administration,Business Ethics,Spring 2025,Enrolled,Female,Junior,29,2.97,3,11220.4,2481.38,2025-01-26
STU04221,Economics,Microeconomics,Spring 2025,Enrolled,Female,Sophomore,22,2.95,2,11534.47,2571.32,2025-01-26
STU04222,Chemistry,Analytical Chemistry,Fall 2023,Dropped,Male,Senior,19,3.39,2,12306.79,6496.66,2023-08-28
STU04223,Mathematics,Probability,Fall 2024,Completed,Male,Senior,26,3.19,2,12790.55,3979.28,2024-08-21
STU04224,English,American Literature,Spring 2023,Dropped,Male,Freshman,20,4.0,3,6859.61,2556.4,2023-01-24
STU04225,Computer Science,Databases,Fall 2023,Enrolled,Female,Senior,20,4.0,3,13531.38,586.88,2023-08-21
STU04226,History,Modern History,Spring 2024,Waitlisted,Male,Sophomore,29,3.82,4,8350.61,782.6,2024-01-13
STU04227,Computer Science,Intro to CS,Fall 2024,Completed,Male,Freshman,19,3.72,3,19980.16,2433.22,2024-08-16
STU04228,History,World History,Spring 2025,Completed,Female,Senior,22,3.31,1,23930.17,1030.16,2025-01-22
STU04229,Psychology,Developmental Psychology,Fall 2023,Enrolled,Non-binary,Senior,28,3.27,1,12084.8,6070.51,2023-08-19
STU04230,History,US History,Fall 2024,Enrolled,Non-binary,Senior,21,2.33,3,24701.91,1101.19,2024-08-29
STU04231,Mathematics,Discrete Math,Spring 2025,Enrolled,Male,Graduate,34,3.28,1,11330.04,5271.84,2025-01-23
STU04232,English,Linguistics,Spring 2023,Completed,Male,Senior,23,2.19,2,12229.07,4641.99,2023-01-10
STU04233,History,Ancient Civilizations,Fall 2023,Enrolled,Male,Sophomore,25,3.11,4,14348.21,5788.94,2023-08-25
STU04234,Physics,Mechanics,Fall 2024,Waitlisted,Male,Junior,19,3.46,4,11495.86,6428.8,2024-08-24
STU04235,Physics,Relativity,Fall 2023,Enrolled,Male,Freshman,24,2.83,4,15875.8,9253.02,2023-08-19
STU04236,Psychology,Cognitive Psychology,Fall 2024,Completed,Male,Graduate,24,3.49,2,5974.38,1042.78,2024-08-18
STU04237,Computer Science,Operating Systems,Fall 2024,Waitlisted,Female,Graduate,29,2.81,3,14469.94,6819.4,2024-08-15
STU04238,Mathematics,Probability,Fall 2023,Waitlisted,Female,Sophomore,28,3.67,4,8152.68,347.25,2023-09-02
STU04239,Economics,Microeconomics,Fall 2023,Completed,Female,Senior,23,3.34,4,6091.52,308.42,2023-09-02
STU04240,Psychology,Developmental Psychology,Fall 2024,Completed,Male,Graduate,22,3.84,3,11587.43,4025.4,2024-08-26
STU04241,Economics,Microeconomics,Spring 2023,Enrolled,Male,Junior,25,2.62,3,17004.51,4180.53,2023-01-23
STU04242,History,US History,Spring 2025,Enrolled,Female,Graduate,34,3.21,1,23239.68,10711.27,2025-01-13
STU04243,Economics,Macroeconomics,Fall 2024,Enrolled,Female,Sophomore,19,2.97,3,14027.25,7135.32,2024-08-27
STU04244,Psychology,Social Psychology,Spring 2024,Dropped,Male,Senior,23,3.69,4,8588.14,1087.33,2024-01-09
STU04245,Economics,Macroeconomics,Spring 2023,Enrolled,Male,Graduate,25,3.04,4,6259.53,3554.63,2023-01-12
STU04246,Mathematics,Discrete Math,Spring 2025,Dropped,Male,Junior,19,1.95,4,19617.04,2034.61,2025-01-23
STU04247,Physics,Mechanics,Spring 2025,Enrolled,Female,Sophomore,20,3.28,3,19953.44,6893.06,2025-01-08
STU04248,Chemistry,Biochemistry,Fall 2023,Completed,Non-binary,Junior,28,3.11,1,18804.67,1109.23,2023-08-26
STU04249,Psychology,Intro to Psychology,Fall 2024,Completed,Female,Sophomore,26,2.99,4,15070.7,2456.22,2024-08-14
STU04250,History,Ancient Civilizations,Fall 2023,Completed,Male,Senior,23,3.01,1,15274.95,1327.57,2023-08-21
STU04251,History,US History,Spring 2023,Dropped,Female,Sophomore,26,2.28,2,8845.25,959.88,2023-01-12
STU04252,Computer Science,Intro to CS,Spring 2023,Enrolled,Male,Sophomore,25,2.57,3,7048.84,3001.82,2023-01-28
STU04253,Business Administration,Finance,Spring 2025,Completed,Non-binary,Junior,18,3.11,1,13767.11,1437.7,2025-01-09
STU04254,Economics,Game Theory,Fall 2024,Completed,Male,Junior,21,2.65,4,17522.18,4069.93,2024-08-22
STU04255,History,US History,Spring 2024,Completed,Male,Freshman,24,3.01,4,16820.95,8936.08,2024-01-23
STU04256,Physics,Electromagnetism,Spring 2024,Completed,Male,Senior,22,3.48,1,24003.37,3876.36,2024-01-22
STU04257,Computer Science,Algorithms,Spring 2023,Enrolled,Male,Junior,24,3.5,1,20948.4,3107.14,2023-01-26
STU04258,English,Composition,Fall 2024,Completed,Female,Freshman,23,2.66,2,8354.06,460.97,2024-08-31
STU04259,English,Creative Writing,Fall 2024,Completed,Female,Junior,23,3.79,1,10590.56,1036.18,2024-08-18
STU04260,Psychology,Cognitive Psychology,Spring 2025,Completed,Female,Junior,22,1.9,1,14270.03,4468.77,2025-01-24
STU04261,History,Ancient Civilizations,Spring 2024,Completed,Female,Sophomore,28,3.89,2,7560.5,4520.37,2024-01-19
STU04262,Business Administration,Finance,Spring 2024,Completed,Female,Senior,26,3.87,1,22544.07,5604.01,2024-01-20
STU04263,Business Administration,Entrepreneurship,Spring 2024,Enrolled,Male,Sophomore,23,3.4,4,23059.53,2264.99,2024-01-26
STU04264,History,Modern History,Fall 2023,Completed,Female,Junior,20,2.61,3,19764.38,3239.8,2023-08-19
STU04265,Chemistry,Organic Chemistry,Spring 2023,Enrolled,Non-binary,Graduate,33,2.56,2,21302.89,7029.81,2023-01-24
STU04266,Chemistry,Physical Chemistry,Fall 2024,Enrolled,Female,Sophomore,22,3.69,4,20265.87,10561.46,2024-08-27
STU04267,Biology,Microbiology,Spring 2023,Enrolled,Male,Freshman,27,2.95,1,13841.66,7391.12,2023-01-21
STU04268,Psychology,Intro to Psychology,Fall 2024,Enrolled,Male,Graduate,31,3.0,1,21994.26,4317.63,2024-08-20
STU04269,Chemistry,General Chemistry,Fall 2024,Enrolled,Female,Freshman,21,3.05,4,11851.36,4862.71,2024-08-24
STU04270,Mathematics,Calculus I,Fall 2023,Waitlisted,Female,Graduate,25,3.4,1,8828.91,4485.79,2023-08-15
STU04271,Mathematics,Differential Equations,Fall 2024,Dropped,Male,Junior,22,3.11,4,5931.35,3548.76,2024-08-13
STU04272,Business Administration,Finance,Spring 2025,Completed,Male,Graduate,25,3.31,2,21760.1,2780.16,2025-01-22
STU04273,Chemistry,General Chemistry,Spring 2025,Enrolled,Male,Freshman,23,3.28,2,9606.88,2389.1,2025-01-24
STU04274,Mathematics,Discrete Math,Spring 2023,Waitlisted,Non-binary,Graduate,24,2.78,1,11395.55,2338.27,2023-01-18
STU04275,Chemistry,General Chemistry,Spring 2025,Enrolled,Male,Sophomore,24,2.38,2,11553.1,2217.06,2025-01-19
STU04276,English,Linguistics,Spring 2023,Waitlisted,Female,Junior,18,3.38,3,18459.28,5879.0,2023-01-18
STU04277,Economics,Microeconomics,Spring 2024,Completed,Female,Junior,25,2.88,1,18312.93,5602.41,2024-01-13
STU04278,History,Ancient Civilizations,Spring 2023,Completed,Female,Graduate,23,2.82,2,16295.37,1224.13,2023-01-18
STU04279,Mathematics,Calculus I,Fall 2023,Enrolled,Female,Senior,19,2.63,3,17127.83,5172.29,2023-09-03
STU04280,English,Composition,Spring 2023,Dropped,Male,Senior,25,3.45,3,10563.08,6334.57,2023-01-23
STU04281,Computer Science,Networks,Fall 2024,Enrolled,Male,Senior,18,2.87,3,10214.17,5459.23,2024-08-22
STU04282,Chemistry,Physical Chemistry,Fall 2024,Completed,Non-binary,Senior,21,3.51,1,18029.87,8008.65,2024-08-23
STU04283,Business Administration,Finance,Fall 2023,Enrolled,Male,Graduate,31,3.47,3,23114.89,13496.78,2023-08-30
STU04284,Mathematics,Calculus II,Spring 2025,Completed,Male,Freshman,25,3.25,4,8898.55,3789.75,2025-01-21
STU04285,Computer Science,Machine Learning,Fall 2023,Dropped,Male,Sophomore,19,2.74,1,23998.85,4877.83,2023-08-22
STU04286,Psychology,Intro to Psychology,Spring 2024,Waitlisted,Male,Freshman,22,2.93,1,13314.56,4750.09,2024-01-18
STU04287,Mathematics,Calculus I,Spring 2025,Completed,Female,Junior,19,3.62,4,5686.63,694.52,2025-01-09
STU04288,Mathematics,Calculus II,Fall 2023,Enrolled,Male,Junior,28,2.55,1,10719.21,3856.32,2023-08-19
STU04289,Computer Science,Databases,Spring 2024,Waitlisted,Male,Graduate,26,2.79,3,14448.0,1739.6,2024-01-23
STU04290,Psychology,Abnormal Psychology,Spring 2025,Completed,Female,Graduate,34,3.64,3,15058.68,4513.65,2025-01-09
STU04291,Psychology,Social Psychology,Spring 2024,Completed,Female,Sophomore,29,3.53,4,13191.17,4999.64,2024-01-10
STU04292,Mathematics,Calculus I,Spring 2025,Waitlisted,Male,Senior,27,3.56,1,16944.25,9630.24,2025-01-18
STU04293,Mathematics,Statistics,Spring 2024,Waitlisted,Female,Senior,25,2.55,3,17527.3,1380.01,2024-01-11
STU04294,Business Administration,Accounting,Fall 2024,Dropped,Female,Freshman,26,2.6,4,21492.31,12726.75,2024-08-22
STU04295,Psychology,Intro to Psychology,Spring 2023,Waitlisted,Male,Graduate,26,3.27,4,24571.93,1720.61,2023-01-29
STU04296,Computer Science,Intro to CS,Fall 2023,Enrolled,Female,Junior,25,2.81,3,14241.69,667.55,2023-08-25
STU04297,Chemistry,General Chemistry,Spring 2025,Dropped,Male,Graduate,31,3.2,4,24261.28,8089.53,2025-01-20
STU04298,Economics,Econometrics,Fall 2023,Enrolled,Female,Junior,21,3.14,4,8714.42,3635.52,2023-08-31
STU04299,English,British Literature,Spring 2025,Enrolled,Non-binary,Senior,24,2.88,1,11670.33,3415.85,2025-01-09
STU04300,Biology,Evolution,Fall 2023,Enrolled,Male,Freshman,22,3.33,3,24676.82,8862.69,2023-08-19
STU04301,Business Administration,Business Ethics,Spring 2025,Completed,Male,Senior,21,3.58,3,6653.1,2534.12,2025-01-20
STU04302,Biology,Evolution,Spring 2024,Enrolled,Female,Senior,27,3.32,4,14874.38,7889.3,2024-01-23
STU04303,Biology,Cell Biology,Spring 2025,Enrolled,Female,Junior,25,3.26,4,22243.64,207.96,2025-01-16
STU04304,Physics,Thermodynamics,Spring 2024,Completed,Male,Sophomore,23,3.06,3,17271.96,2575.85,2024-01-17
STU04305,Psychology,Abnormal Psychology,Spring 2025,Waitlisted,Male,Graduate,29,2.93,2,17870.71,4221.48,2025-01-26
STU04306,Economics,International Economics,Fall 2024,Completed,Male,Freshman,29,3.4,2,16093.57,3827.15,2024-08-22
STU04307,Chemistry,Physical Chemistry,Fall 2023,Enrolled,Female,Graduate,34,2.93,4,7620.84,3981.12,2023-09-05
STU04308,Economics,Microeconomics,Spring 2024,Enrolled,Female,Freshman,25,2.58,4,11315.85,1253.99,2024-01-09
STU04309,Biology,Ecology,Spring 2024,Enrolled,Female,Freshman,23,3.41,4,24446.57,7291.41,2024-01-10
STU04310,Physics,Thermodynamics,Spring 2023,Completed,Female,Graduate,30,3.23,2,15630.08,1348.75,2023-01-30
STU04311,English,British Literature,Spring 2024,Completed,Female,Graduate,34,3.21,4,5518.03,1593.36,2024-01-12
STU04312,Computer Science,Data Structures,Spring 2025,Completed,Female,Junior,25,3.95,3,13267.49,6817.58,2025-01-23
STU04313,Economics,Microeconomics,Spring 2025,Enrolled,Female,Junior,27,3.02,2,14750.32,1296.29,2025-01-08
STU04314,Economics,Microeconomics,Fall 2024,Waitlisted,Male,Graduate,30,2.8,2,20660.17,8317.72,2024-08-30
STU04315,English,British Literature,Spring 2023,Dropped,Female,Junior,24,2.7,1,11190.18,2865.15,2023-01-19
STU04316,Business Administration,Finance,Spring 2024,Enrolled,Male,Freshman,29,3.2,1,20565.69,3483.69,2024-01-25
STU04317,Computer Science,Data Structures,Spring 2025,Completed,Male,Graduate,28,4.0,4,7431.67,11.01,2025-01-08
STU04318,Biology,Anatomy,Fall 2023,Enrolled,Female,Graduate,23,3.76,1,6592.74,3551.64,2023-08-18
STU04319,Physics,Mechanics,Spring 2025,Enrolled,Female,Graduate,33,2.56,2,21478.34,2322.15,2025-01-26
STU04320,Biology,Anatomy,Spring 2025,Completed,Male,Graduate,22,3.36,1,21544.1,9940.24,2025-01-24
STU04321,Psychology,Abnormal Psychology,Spring 2024,Enrolled,Female,Freshman,27,2.58,1,20857.3,11735.2,2024-01-09
STU04322,Chemistry,Biochemistry,Spring 2024,Completed,Female,Senior,22,2.6,2,9853.43,3108.25,2024-01-26
STU04323,History,European History,Spring 2025,Completed,Male,Sophomore,23,2.59,2,18969.62,9713.24,2025-01-14
STU04324,Mathematics,Differential Equations,Spring 2025,Completed,Female,Freshman,22,2.74,4,6405.75,3644.39,2025-01-10
STU04325,Biology,Cell Biology,Spring 2024,Waitlisted,Female,Freshman,22,3.72,4,22315.25,6992.62,2024-01-21
STU04326,History,World History,Fall 2024,Completed,Female,Freshman,25,3.11,2,7264.52,2601.23,2024-08-30
STU04327,Biology,Microbiology,Fall 2023,Enrolled,Female,Graduate,31,3.04,2,20324.63,8066.55,2023-08-27
STU04328,History,Modern History,Fall 2023,Waitlisted,Female,Freshman,27,3.01,4,13760.3,1172.31,2023-08-29
STU04329,Economics,International Economics,Fall 2023,Dropped,Male,Graduate,26,3.25,1,17140.0,4862.04,2023-08-19
STU04330,Business Administration,Business Ethics,Fall 2023,Enrolled,Male,Graduate,31,2.71,2,17797.93,2422.45,2023-08-23
STU04331,History,Ancient Civilizations,Spring 2025,Enrolled,Female,Sophomore,22,3.7,4,20420.15,9972.17,2025-01-07
STU04332,Business Administration,Accounting,Fall 2024,Completed,Male,Sophomore,21,2.96,2,9481.65,3798.29,2024-09-02
STU04333,English,American Literature,Spring 2025,Completed,Male,Junior,28,3.68,3,6623.18,3352.76,2025-01-26
STU04334,Biology,Evolution,Fall 2024,Dropped,Female,Senior,26,3.16,1,21304.75,11472.28,2024-08-14
STU04335,Mathematics,Calculus I,Fall 2023,Waitlisted,Male,Senior,22,3.24,3,13943.24,7670.15,2023-09-03
STU04336,Computer Science,Intro to CS,Fall 2023,Completed,Male,Junior,19,3.09,3,11619.57,3507.22,2023-08-17
STU04337,English,Poetry,Fall 2024,Dropped,Male,Senior,20,3.51,2,20052.71,3339.75,2024-08-12
STU04338,Economics,Game Theory,Spring 2024,Completed,Male,Junior,28,2.95,1,17328.68,4326.69,2024-01-23
STU04339,Physics,Mechanics,Fall 2024,Enrolled,Male,Sophomore,27,2.97,4,10715.38,787.01,2024-08-20
STU04340,Physics,Mechanics,Spring 2024,Waitlisted,Non-binary,Senior,18,3.3,1,17181.32,2252.17,2024-01-26
STU04341,Biology,Genetics,Fall 2023,Completed,Male,Freshman,19,3.68,2,11975.81,5447.59,2023-08-26
STU04342,Business Administration,Accounting,Spring 2024,Completed,Female,Senior,24,2.83,4,16276.38,1999.45,2024-01-27
STU04343,Biology,Evolution,Spring 2024,Waitlisted,Female,Graduate,27,3.33,3,6504.77,2336.05,2024-01-22
STU04344,Economics,Game Theory,Fall 2023,Enrolled,Female,Sophomore,18,2.74,3,7914.11,19.56,2023-08-24
STU04345,Economics,Econometrics,Fall 2024,Enrolled,Male,Sophomore,21,3.19,4,9657.96,1529.91,2024-08-20
STU04346,Economics,Microeconomics,Fall 2023,Completed,Male,Junior,22,2.73,4,7286.51,2629.66,2023-08-20
STU04347,Economics,International Economics,Spring 2023,Enrolled,Female,Junior,21,3.29,2,23716.26,7282.72,2023-01-13
STU04348,Biology,Genetics,Spring 2023,Enrolled,Male,Senior,23,2.83,2,12501.18,836.85,2023-01-10
STU04349,Computer Science,Algorithms,Fall 2024,Enrolled,Male,Graduate,33,2.95,2,13638.5,4556.26,2024-08-15
STU04350,Psychology,Abnormal Psychology,Fall 2023,Waitlisted,Female,Freshman,23,3.81,1,11167.11,5505.42,2023-08-16
STU04351,Economics,Game Theory,Spring 2024,Enrolled,Female,Sophomore,29,2.56,4,12222.75,4566.61,2024-01-17
STU04352,English,British Literature,Fall 2024,Enrolled,Male,Sophomore,24,2.58,1,23406.67,8074.07,2024-08-28
STU04353,Mathematics,Discrete Math,Spring 2024,Enrolled,Male,Graduate,32,3.03,4,5456.15,891.27,2024-01-27
STU04354,Chemistry,General Chemistry,Spring 2024,Completed,Female,Senior,25,2.91,2,5732.19,1500.05,2024-01-22
STU04355,History,European History,Spring 2023,Completed,Female,Junior,29,3.46,3,14717.96,6711.1,2023-01-26
STU04356,Mathematics,Probability,Fall 2024,Enrolled,Male,Freshman,25,2.73,1,20672.15,2449.06,2024-08-31
STU04357,Psychology,Intro to Psychology,Fall 2024,Completed,Female,Sophomore,26,2.76,2,9473.86,4112.94,2024-08-24
STU04358,History,US History,Fall 2023,Enrolled,Male,Freshman,21,3.94,4,15026.86,5626.25,2023-08-25
STU04359,Physics,Electromagnetism,Fall 2023,Enrolled,Female,Graduate,29,2.94,2,13120.12,6363.8,2023-08-26
STU04360,Computer Science,Machine Learning,Fall 2024,Completed,Female,Junior,27,3.45,2,20373.28,6745.05,2024-08-30
STU04361,Economics,Econometrics,Spring 2025,Completed,Non-binary,Graduate,22,2.68,2,21907.74,8008.33,2025-01-25
STU04362,Psychology,Intro to Psychology,Spring 2025,Enrolled,Male,Senior,27,1.89,2,12635.59,2337.51,2025-01-24
STU04363,Mathematics,Statistics,Spring 2025,Dropped,Female,Graduate,25,2.08,4,9099.22,4228.23,2025-01-23
STU04364,Chemistry,General Chemistry,Fall 2023,Waitlisted,Male,Junior,21,3.13,3,9275.76,1456.2,2023-08-28
STU04365,Mathematics,Calculus I,Spring 2024,Completed,Male,Senior,21,3.51,1,22191.35,12898.77,2024-01-22
STU04366,Computer Science,Databases,Fall 2023,Completed,Female,Freshman,19,3.11,3,18516.3,6943.87,2023-08-24
STU04367,Mathematics,Statistics,Spring 2024,Enrolled,Female,Sophomore,22,3.17,1,12721.36,3377.81,2024-01-15
STU04368,Business Administration,Finance,Fall 2023,Enrolled,Male,Freshman,19,2.52,4,14263.92,7544.19,2023-09-04
STU04369,Business Administration,Entrepreneurship,Spring 2025,Completed,Female,Sophomore,21,3.72,1,5785.96,2098.92,2025-01-10
STU04370,English,American Literature,Fall 2024,Enrolled,Female,Sophomore,18,3.53,2,5407.54,2737.92,2024-08-12
STU04371,Psychology,Intro to Psychology,Fall 2023,Dropped,Male,Senior,29,3.4,4,18310.25,6379.61,2023-08-25
STU04372,Chemistry,Organic Chemistry,Spring 2024,Enrolled,Male,Junior,20,2.87,4,10712.21,5083.09,2024-01-15
STU04373,History,US History,Spring 2025,Completed,Female,Graduate,26,2.98,3,7338.91,1679.96,2025-01-21
STU04374,Computer Science,Data Structures,Spring 2023,Waitlisted,Female,Junior,29,3.82,3,20032.1,9435.07,2023-01-30
STU04375,Psychology,Abnormal Psychology,Spring 2025,Completed,Female,Graduate,27,3.88,2,24217.72,5884.12,2025-01-22
STU04376,History,World History,Fall 2023,Waitlisted,Male,Graduate,30,3.44,1,23000.27,9596.75,2023-08-23
STU04377,Biology,Cell Biology,Fall 2023,Waitlisted,Female,Graduate,33,3.89,1,22601.13,3452.24,2023-08-19
STU04378,Business Administration,Management,Spring 2023,Completed,Male,Junior,26,2.5,2,18144.26,10825.92,2023-01-19
STU04379,Physics,Optics,Spring 2025,Enrolled,Female,Junior,26,3.39,3,24380.04,7266.85,2025-01-16
STU04380,English,Poetry,Spring 2025,Enrolled,Female,Junior,26,2.97,4,20311.76,9980.57,2025-01-13
STU04381,Economics,Econometrics,Spring 2024,Completed,Non-binary,Freshman,21,2.28,1,16640.19,4192.67,2024-01-09
STU04382,Biology,Microbiology,Spring 2025,Dropped,Male,Junior,22,3.09,3,18277.8,777.68,2025-01-17
STU04383,Economics,International Economics,Spring 2025,Completed,Male,Freshman,25,2.82,1,24294.75,329.75,2025-01-21
STU04384,History,World History,Fall 2024,Waitlisted,Female,Graduate,31,3.19,4,21315.92,466.04,2024-08-22
STU04385,Computer Science,Data Structures,Spring 2025,Completed,Non-binary,Sophomore,25,2.67,1,18232.1,10429.34,2025-01-23
STU04386,Biology,Genetics,Spring 2024,Completed,Female,Freshman,22,3.94,1,20456.13,4957.14,2024-01-27
STU04387,Psychology,Cognitive Psychology,Fall 2023,Completed,Female,Sophomore,26,3.82,2,17208.22,5936.37,2023-08-26
STU04388,Computer Science,Networks,Fall 2023,Waitlisted,Female,Sophomore,26,3.2,4,16771.04,1378.32,2023-08-18
STU04389,Business Administration,Entrepreneurship,Spring 2023,Enrolled,Female,Junior,18,3.17,4,15603.28,4875.39,2023-01-18
STU04390,Computer Science,Machine Learning,Fall 2023,Completed,Female,Graduate,25,2.81,3,14194.63,3781.78,2023-09-03
STU04391,Physics,Optics,Spring 2024,Completed,Female,Graduate,29,2.84,4,11722.61,1573.59,2024-01-17
STU04392,Psychology,Intro to Psychology,Fall 2024,Dropped,Female,Graduate,30,3.41,4,12489.34,6447.25,2024-08-16
STU04393,History,US History,Spring 2023,Waitlisted,Female,Freshman,26,3.66,4,14810.53,6056.54,2023-01-14
STU04394,Biology,Microbiology,Fall 2024,Completed,Non-binary,Junior,24,3.16,3,13087.52,3885.73,2024-09-02
STU04395,English,Composition,Fall 2024,Completed,Male,Junior,21,3.07,3,17629.52,9765.91,2024-08-13
STU04396,Mathematics,Differential Equations,Spring 2025,Completed,Female,Sophomore,28,3.13,4,8913.62,814.44,2025-01-26
STU04397,Physics,Quantum Physics,Fall 2024,Waitlisted,Male,Sophomore,20,2.55,3,20956.28,4489.28,2024-09-02
STU04398,Economics,Econometrics,Spring 2025,Enrolled,Male,Junior,19,2.92,2,21849.82,11914.51,2025-01-06
STU04399,English,Poetry,Fall 2024,Completed,Female,Graduate,30,2.52,3,14971.96,7942.06,2024-08-15
STU04400,Business Administration,Business Ethics,Spring 2023,Dropped,Female,Graduate,31,1.81,4,12788.27,223.19,2023-01-17
STU04401,English,Poetry,Spring 2025,Completed,Female,Senior,21,3.54,3,17010.92,1371.45,2025-01-17
STU04402,History,Modern History,Spring 2023,Completed,Male,Sophomore,26,3.33,3,12022.76,6260.21,2023-01-29
STU04403,Computer Science,Networks,Spring 2025,Completed,Male,Senior,28,3.01,1,20308.09,993.2,2025-01-12
STU04404,Economics,International Economics,Spring 2025,Enrolled,Female,Sophomore,23,2.67,3,19598.51,6135.39,2025-01-21
STU04405,Computer Science,Intro to CS,Spring 2024,Completed,Male,Sophomore,26,3.44,2,21222.36,1764.87,2024-01-22
STU04406,Biology,Genetics,Fall 2024,Completed,Male,Sophomore,19,2.65,2,9974.31,1006.05,2024-08-20
STU04407,History,Modern History,Fall 2024,Enrolled,Female,Junior,29,3.16,1,24504.23,8666.14,2024-09-02
STU04408,Physics,Electromagnetism,Spring 2023,Waitlisted,Male,Senior,22,2.43,3,12535.35,584.49,2023-01-23
STU04409,Biology,Genetics,Spring 2024,Enrolled,Female,Junior,18,3.32,1,16924.16,658.55,2024-01-08
STU04410,Chemistry,Physical Chemistry,Spring 2024,Enrolled,Female,Sophomore,18,2.55,2,12818.83,1883.51,2024-01-15
STU04411,Physics,Electromagnetism,Fall 2023,Completed,Male,Graduate,23,4.0,3,24128.14,9562.79,2023-09-04
STU04412,Computer Science,Machine Learning,Fall 2024,Enrolled,Male,Senior,21,2.92,1,11323.56,5640.49,2024-08-15
STU04413,Physics,Mechanics,Spring 2023,Enrolled,Male,Sophomore,21,3.3,4,21902.25,12912.53,2023-01-20
STU04414,Chemistry,Biochemistry,Spring 2025,Dropped,Female,Senior,29,3.03,4,12564.46,2117.32,2025-01-11
STU04415,Mathematics,Differential Equations,Fall 2023,Completed,Male,Graduate,34,2.71,1,12010.2,5708.95,2023-08-19
STU04416,Physics,Quantum Physics,Fall 2024,Dropped,Male,Senior,25,2.86,3,17006.77,1383.99,2024-08-24
STU04417,Computer Science,Networks,Fall 2024,Enrolled,Male,Sophomore,24,3.85,2,23010.31,7616.14,2024-08-24
STU04418,Computer Science,Web Dev,Spring 2024,Enrolled,Female,Junior,23,1.85,2,15835.36,9058.48,2024-01-15
STU04419,Computer Science,Databases,Spring 2024,Enrolled,Female,Graduate,29,3.01,3,15306.33,12.54,2024-01-20
STU04420,Computer Science,Algorithms,Spring 2025,Enrolled,Male,Freshman,21,2.12,4,10840.16,4102.85,2025-01-10
STU04421,Economics,International Economics,Spring 2025,Completed,Female,Sophomore,20,2.55,2,15605.86,5092.86,2025-01-15
STU04422,Physics,Quantum Physics,Spring 2024,Waitlisted,Female,Graduate,33,4.0,1,20399.36,6798.73,2024-01-11
STU04423,Chemistry,Analytical Chemistry,Spring 2023,Completed,Female,Sophomore,28,2.11,4,15674.03,4256.01,2023-01-22
STU04424,Business Administration,Management,Fall 2024,Waitlisted,Female,Senior,24,2.8,1,11425.04,103.96,2024-08-16
STU04425,Physics,Relativity,Fall 2023,Enrolled,Male,Junior,23,3.58,1,22559.01,12199.02,2023-08-28
STU04426,History,World History,Spring 2024,Completed,Male,Senior,24,3.75,1,13066.2,3690.94,2024-01-24
STU04427,Mathematics,Linear Algebra,Fall 2024,Enrolled,Male,Graduate,24,3.55,2,8627.76,1825.52,2024-09-02
STU04428,Chemistry,Biochemistry,Fall 2024,Completed,Female,Sophomore,18,3.15,1,5837.72,977.3,2024-08-20
STU04429,History,US History,Fall 2024,Completed,Male,Sophomore,23,2.92,2,13944.33,3185.48,2024-08-13
STU04430,Business Administration,Business Ethics,Fall 2024,Dropped,Female,Sophomore,23,3.55,4,24807.14,12291.82,2024-08-22
STU04431,Business Administration,Finance,Spring 2023,Waitlisted,Male,Senior,29,3.22,1,7311.26,3696.4,2023-01-17
STU04432,Physics,Electromagnetism,Spring 2025,Enrolled,Male,Graduate,22,2.68,2,12326.96,3355.42,2025-01-14
STU04433,Physics,Optics,Fall 2023,Completed,Female,Sophomore,21,3.36,4,18777.86,1500.94,2023-09-02
STU04434,Computer Science,Web Dev,Fall 2023,Completed,Female,Graduate,32,2.76,4,20616.29,2706.27,2023-09-05
STU04435,Physics,Optics,Spring 2025,Enrolled,Male,Sophomore,22,2.73,1,16785.12,1762.75,2025-01-09
STU04436,Mathematics,Calculus II,Spring 2024,Completed,Male,Junior,23,2.83,3,23677.98,5224.9,2024-01-12
STU04437,History,Ancient Civilizations,Spring 2024,Completed,Male,Junior,19,2.62,4,19150.37,9349.09,2024-01-20
STU04438,History,World History,Spring 2025,Completed,Female,Freshman,18,2.93,4,23157.33,8997.94,2025-01-21
STU04439,Chemistry,Analytical Chemistry,Fall 2023,Completed,Female,Junior,18,3.0,2,16173.06,26.7,2023-09-03
STU04440,English,Composition,Fall 2023,Completed,Female,Senior,25,3.76,4,7775.81,3217.73,2023-08-24
STU04441,Psychology,Developmental Psychology,Fall 2023,Completed,Female,Graduate,25,2.95,3,9192.6,5102.37,2023-08-29
STU04442,History,European History,Spring 2024,Completed,Female,Senior,21,2.16,1,22308.34,6844.54,2024-01-22
STU04443,Physics,Optics,Spring 2024,Completed,Female,Sophomore,27,3.43,3,24868.33,13146.81,2024-01-26
STU04444,Physics,Quantum Physics,Spring 2024,Dropped,Male,Sophomore,25,2.3,4,24807.49,10439.54,2024-01-22
STU04445,Mathematics,Probability,Fall 2024,Enrolled,Male,Freshman,18,2.25,1,11880.27,5420.66,2024-08-20
STU04446,English,American Literature,Spring 2025,Enrolled,Female,Senior,19,2.61,1,5761.85,3033.44,2025-01-25
STU04447,English,Composition,Fall 2024,Enrolled,Female,Sophomore,23,3.49,1,23145.3,1882.41,2024-08-13
STU04448,History,Ancient Civilizations,Fall 2023,Completed,Female,Junior,18,3.22,1,24137.6,9652.82,2023-09-03
STU04449,Physics,Quantum Physics,Fall 2024,Enrolled,Male,Sophomore,20,3.25,3,14322.39,7581.13,2024-08-29
STU04450,Physics,Optics,Fall 2024,Enrolled,Male,Junior,29,1.92,1,10562.22,2831.78,2024-08-31
STU04451,History,World History,Spring 2023,Completed,Non-binary,Graduate,30,2.76,3,14484.4,7706.47,2023-01-28
STU04452,Psychology,Intro to Psychology,Spring 2024,Enrolled,Female,Senior,23,3.25,1,20767.26,8419.59,2024-01-12
STU04453,Psychology,Abnormal Psychology,Spring 2024,Waitlisted,Male,Freshman,29,2.82,4,7502.58,4111.58,2024-01-12
STU04454,Economics,Microeconomics,Fall 2024,Enrolled,Female,Freshman,27,2.26,3,12299.28,2211.4,2024-08-24
STU04455,Biology,Genetics,Spring 2024,Completed,Male,Senior,29,3.61,4,20232.54,6086.61,2024-01-27
STU04456,Economics,Macroeconomics,Fall 2024,Enrolled,Male,Freshman,24,2.37,3,5804.81,3211.9,2024-08-20
STU04457,Mathematics,Calculus I,Spring 2023,Dropped,Female,Freshman,25,2.98,4,21655.14,8727.01,2023-01-13
STU04458,Computer Science,Data Structures,Spring 2024,Completed,Male,Sophomore,24,3.57,1,9910.35,1451.71,2024-01-19
STU04459,English,Creative Writing,Spring 2023,Completed,Female,Sophomore,29,2.99,2,15073.55,7510.94,2023-01-25
STU04460,Business Administration,Finance,Spring 2023,Enrolled,Female,Graduate,28,2.94,4,22211.9,12468.41,2023-01-16
STU04461,English,Poetry,Spring 2025,Completed,Female,Junior,29,3.27,2,24854.75,10987.2,2025-01-15
STU04462,Business Administration,Management,Fall 2023,Waitlisted,Non-binary,Junior,24,2.79,3,20002.11,6417.15,2023-08-31
STU04463,Physics,Thermodynamics,Fall 2023,Completed,Female,Junior,28,3.04,2,7069.58,1966.48,2023-08-18
STU04464,Computer Science,Databases,Spring 2023,Enrolled,Male,Sophomore,24,3.33,4,23438.55,12480.82,2023-01-16
STU04465,Chemistry,General Chemistry,Spring 2025,Dropped,Female,Freshman,18,3.52,2,16683.89,6344.83,2025-01-07
STU04466,Biology,Microbiology,Spring 2025,Waitlisted,Female,Senior,26,2.39,4,5380.65,339.26,2025-01-16
STU04467,History,Modern History,Spring 2025,Completed,Male,Graduate,33,3.66,1,20052.53,9830.23,2025-01-08
STU04468,History,World History,Spring 2025,Enrolled,Female,Freshman,23,3.35,4,19706.91,3213.55,2025-01-23
STU04469,Chemistry,Physical Chemistry,Fall 2024,Dropped,Female,Graduate,27,3.1,4,21718.42,10602.37,2024-08-31
STU04470,Psychology,Developmental Psychology,Spring 2023,Enrolled,Female,Graduate,33,3.21,1,6740.14,2668.33,2023-01-27
STU04471,Biology,Ecology,Spring 2024,Enrolled,Female,Junior,29,2.64,4,12941.36,795.66,2024-01-14
STU04472,Chemistry,Biochemistry,Spring 2024,Completed,Female,Senior,21,3.3,2,6765.97,3940.14,2024-01-22
STU04473,Physics,Thermodynamics,Spring 2024,Enrolled,Male,Senior,18,2.99,1,19319.18,5597.25,2024-01-19
STU04474,Mathematics,Calculus I,Spring 2023,Waitlisted,Female,Graduate,29,3.38,3,22538.03,420.83,2023-01-22
STU04475,Mathematics,Discrete Math,Fall 2023,Completed,Female,Graduate,31,2.68,3,7827.51,3396.66,2023-08-24
STU04476,Business Administration,Finance,Spring 2025,Enrolled,Male,Graduate,27,3.99,4,10178.35,5620.05,2025-01-14
STU04477,Mathematics,Discrete Math,Fall 2024,Enrolled,Female,Sophomore,26,3.19,3,18383.95,5436.37,2024-08-25
STU04478,Psychology,Intro to Psychology,Spring 2025,Enrolled,Male,Senior,19,3.74,3,5681.96,2600.2,2025-01-09
STU04479,Physics,Thermodynamics,Fall 2024,Waitlisted,Female,Sophomore,22,3.25,1,11273.22,3071.46,2024-08-15
STU04480,English,British Literature,Fall 2023,Dropped,Female,Graduate,28,2.94,4,20450.04,5903.65,2023-08-18
STU04481,Psychology,Intro to Psychology,Fall 2024,Enrolled,Male,Junior,21,3.42,4,6495.16,167.9,2024-08-16
STU04482,Chemistry,Physical Chemistry,Fall 2024,Enrolled,Male,Freshman,29,3.14,3,17823.06,4266.76,2024-08-13
STU04483,Physics,Optics,Fall 2023,Completed,Male,Graduate,22,1.96,3,11092.24,5190.64,2023-08-20
STU04484,Economics,Macroeconomics,Spring 2023,Completed,Male,Senior,29,1.84,3,19263.38,6058.81,2023-01-12
STU04485,Psychology,Intro to Psychology,Spring 2025,Enrolled,Male,Sophomore,24,3.27,4,12921.44,4563.39,2025-01-16
STU04486,Economics,International Economics,Fall 2024,Completed,Female,Senior,26,3.28,4,18797.03,3485.27,2024-08-15
STU04487,Economics,Econometrics,Fall 2023,Enrolled,Male,Senior,22,3.41,3,11853.25,4703.44,2023-08-19
STU04488,Mathematics,Calculus II,Fall 2023,Enrolled,Female,Sophomore,24,3.43,2,20263.8,2934.65,2023-08-22
STU04489,History,World History,Fall 2024,Waitlisted,Male,Senior,26,3.22,3,24998.02,13041.86,2024-08-21
STU04490,Mathematics,Probability,Fall 2024,Enrolled,Female,Graduate,29,3.12,1,12729.13,5753.13,2024-09-02
STU04491,Mathematics,Calculus II,Spring 2025,Dropped,Female,Junior,23,2.36,4,16157.53,4521.98,2025-01-07
STU04492,Business Administration,Finance,Spring 2024,Dropped,Male,Freshman,29,3.2,1,16453.08,4284.49,2024-01-27
STU04493,English,Composition,Fall 2024,Completed,Female,Sophomore,28,2.72,1,6695.39,3918.08,2024-08-15
STU04494,Economics,Microeconomics,Fall 2024,Enrolled,Male,Freshman,21,2.67,3,5241.94,2215.18,2024-09-02
STU04495,Biology,Cell Biology,Spring 2024,Enrolled,Male,Junior,21,3.54,2,5241.0,2783.65,2024-01-28
STU04496,Biology,Cell Biology,Fall 2023,Completed,Female,Senior,21,3.82,1,20510.97,7764.56,2023-08-23
STU04497,Psychology,Abnormal Psychology,Fall 2024,Enrolled,Male,Junior,18,3.05,4,23262.18,11044.21,2024-08-22
STU04498,Biology,Cell Biology,Spring 2025,Enrolled,Female,Sophomore,25,2.76,1,23496.11,4647.25,2025-01-08
STU04499,Economics,Game Theory,Spring 2025,Completed,Female,Freshman,25,2.74,4,16594.59,1443.87,2025-01-19
STU04500,History,World History,Fall 2023,Waitlisted,Male,Graduate,33,3.16,3,7330.48,3409.15,2023-08-26
STU04501,Psychology,Abnormal Psychology,Spring 2024,Enrolled,Male,Junior,20,3.44,1,13160.91,4033.19,2024-01-21
STU04502,Psychology,Intro to Psychology,Fall 2023,Waitlisted,Female,Sophomore,25,2.69,3,14157.15,5320.54,2023-08-19
STU04503,Physics,Mechanics,Spring 2025,Waitlisted,Female,Graduate,32,4.0,4,9814.23,4339.39,2025-01-19
STU04504,History,Modern History,Spring 2023,Waitlisted,Female,Graduate,30,3.83,3,9271.13,74.2,2023-01-24
STU04505,History,Modern History,Spring 2025,Completed,Female,Sophomore,26,2.47,2,10671.31,3955.59,2025-01-12
STU04506,Psychology,Social Psychology,Spring 2024,Enrolled,Male,Sophomore,23,3.26,1,9686.64,2988.8,2024-01-14
STU04507,Biology,Evolution,Fall 2023,Completed,Female,Senior,20,2.21,1,12955.58,2129.66,2023-08-25
STU04508,Physics,Electromagnetism,Fall 2024,Waitlisted,Male,Senior,22,3.05,4,24297.88,3881.26,2024-08-14
STU04509,Psychology,Abnormal Psychology,Spring 2025,Enrolled,Male,Senior,20,2.98,4,21870.11,5276.68,2025-01-09
STU04510,Physics,Quantum Physics,Spring 2025,Completed,Female,Sophomore,25,2.07,4,7300.24,3919.82,2025-01-23
STU04511,Physics,Optics,Spring 2024,Enrolled,Male,Sophomore,20,4.0,2,18737.74,4424.14,2024-01-19
STU04512,Computer Science,Networks,Spring 2024,Enrolled,Male,Freshman,28,3.78,1,14954.13,2983.09,2024-01-14
STU04513,History,US History,Fall 2024,Enrolled,Male,Junior,22,3.75,3,18421.88,184.65,2024-08-28
STU04514,Economics,Macroeconomics,Spring 2024,Completed,Male,Sophomore,25,2.95,4,9534.63,2420.23,2024-01-22
STU04515,Economics,Microeconomics,Spring 2023,Enrolled,Male,Junior,22,3.26,4,11493.38,3153.69,2023-01-27
STU04516,Biology,Cell Biology,Spring 2025,Dropped,Male,Sophomore,26,2.61,2,22322.13,7850.47,2025-01-14
STU04517,Psychology,Social Psychology,Spring 2025,Dropped,Female,Freshman,25,2.59,3,8417.41,4995.26,2025-01-21
STU04518,Physics,Thermodynamics,Spring 2023,Completed,Male,Junior,21,3.2,3,22351.69,6776.71,2023-01-13
STU04519,Chemistry,Analytical Chemistry,Spring 2024,Completed,Female,Sophomore,21,3.22,4,6276.83,1091.55,2024-01-09
STU04520,Economics,Microeconomics,Fall 2023,Enrolled,Male,Graduate,32,2.98,1,15163.7,106.47,2023-08-16
STU04521,English,Poetry,Spring 2024,Dropped,Male,Senior,28,2.72,2,24474.81,10910.69,2024-01-28
STU04522,Psychology,Abnormal Psychology,Spring 2025,Waitlisted,Male,Graduate,33,3.55,1,23435.98,2280.53,2025-01-14
STU04523,Chemistry,Biochemistry,Spring 2024,Waitlisted,Male,Senior,21,2.77,4,18279.74,2640.41,2024-01-08
STU04524,Biology,Genetics,Fall 2023,Enrolled,Female,Sophomore,23,3.15,3,13189.92,3687.5,2023-09-02
STU04525,Psychology,Developmental Psychology,Spring 2024,Completed,Female,Senior,26,3.05,1,20190.53,10590.33,2024-01-15
STU04526,Computer Science,Operating Systems,Spring 2025,Enrolled,Female,Junior,24,2.84,3,15493.51,2448.62,2025-01-09
STU04527,Physics,Quantum Physics,Fall 2023,Completed,Male,Graduate,23,2.46,3,9187.92,5292.34,2023-08-18
STU04528,Biology,Cell Biology,Spring 2023,Waitlisted,Male,Sophomore,24,2.39,1,16407.84,4461.31,2023-01-19
STU04529,Mathematics,Calculus II,Fall 2024,Completed,Male,Senior,25,2.53,2,24076.68,6512.54,2024-08-25
STU04530,Psychology,Cognitive Psychology,Fall 2023,Completed,Female,Junior,22,3.51,1,18184.51,3405.65,2023-08-30
STU04531,Computer Science,Intro to CS,Spring 2025,Enrolled,Male,Senior,20,3.13,3,14320.68,4587.97,2025-01-07
STU04532,Biology,Ecology,Spring 2024,Enrolled,Female,Senior,21,3.14,4,12976.43,6503.11,2024-01-14
STU04533,Physics,Optics,Spring 2025,Enrolled,Male,Senior,26,3.43,3,23820.69,2585.13,2025-01-21
STU04534,Business Administration,Management,Fall 2024,Enrolled,Female,Graduate,31,3.1,3,22680.06,4599.39,2024-08-22
STU04535,English,Composition,Spring 2024,Enrolled,Female,Junior,22,3.3,1,8130.51,4834.4,2024-01-09
STU04536,English,British Literature,Spring 2025,Enrolled,Female,Sophomore,26,4.0,1,15222.09,8943.59,2025-01-19
STU04537,Economics,Microeconomics,Fall 2023,Enrolled,Female,Junior,29,3.41,1,22537.46,5331.52,2023-08-21
STU04538,Psychology,Cognitive Psychology,Fall 2024,Waitlisted,Female,Sophomore,28,3.01,3,6757.14,2888.84,2024-08-24
STU04539,Physics,Mechanics,Spring 2025,Waitlisted,Female,Graduate,25,3.04,2,8746.37,3326.01,2025-01-18
STU04540,Mathematics,Statistics,Fall 2024,Enrolled,Male,Sophomore,22,4.0,1,18038.66,282.3,2024-08-16
STU04541,Chemistry,Biochemistry,Spring 2024,Completed,Male,Freshman,23,2.44,2,9166.66,1519.2,2024-01-23
STU04542,Computer Science,Algorithms,Spring 2024,Enrolled,Female,Junior,27,3.32,4,17125.32,8690.37,2024-01-12
STU04543,Biology,Cell Biology,Spring 2024,Dropped,Male,Freshman,22,3.21,2,12900.23,737.34,2024-01-24
STU04544,English,Linguistics,Spring 2025,Enrolled,Female,Sophomore,20,3.28,3,11207.27,2218.37,2025-01-18
STU04545,Chemistry,General Chemistry,Fall 2024,Enrolled,Male,Senior,20,2.64,2,13286.96,3457.76,2024-09-01
STU04546,Chemistry,General Chemistry,Fall 2024,Enrolled,Female,Freshman,19,2.5,1,10750.4,831.12,2024-08-28
STU04547,English,Linguistics,Spring 2025,Enrolled,Male,Junior,21,3.16,1,5889.49,2779.05,2025-01-12
STU04548,Computer Science,Databases,Spring 2025,Completed,Female,Freshman,27,2.93,2,14736.86,7113.85,2025-01-26
STU04549,Biology,Genetics,Fall 2023,Completed,Male,Graduate,29,3.42,1,9107.36,2729.8,2023-08-18
STU04550,Mathematics,Calculus II,Spring 2025,Completed,Female,Sophomore,20,3.45,3,11297.55,2431.03,2025-01-10
STU04551,Psychology,Social Psychology,Spring 2024,Enrolled,Female,Graduate,25,3.63,4,12884.16,254.75,2024-01-14
STU04552,Physics,Quantum Physics,Spring 2024,Completed,Male,Sophomore,24,3.36,3,17499.73,1978.32,2024-01-13
STU04553,Physics,Mechanics,Spring 2025,Enrolled,Female,Graduate,26,3.74,1,5446.46,176.59,2025-01-21
STU04554,Biology,Anatomy,Spring 2023,Enrolled,Male,Graduate,29,3.65,3,20847.04,4155.35,2023-01-13
STU04555,Psychology,Intro to Psychology,Fall 2023,Completed,Female,Graduate,33,3.59,1,21589.85,12928.93,2023-08-21
STU04556,Business Administration,Management,Fall 2024,Enrolled,Male,Sophomore,27,2.4,1,8868.59,3626.08,2024-08-24
STU04557,Business Administration,Marketing,Fall 2024,Waitlisted,Male,Sophomore,22,2.76,1,7980.17,3527.5,2024-08-18
STU04558,Biology,Genetics,Fall 2023,Waitlisted,Female,Sophomore,27,2.7,1,16153.44,3208.99,2023-08-16
STU04559,Economics,Macroeconomics,Fall 2023,Completed,Female,Senior,21,2.91,4,11740.83,3860.01,2023-08-20
STU04560,Computer Science,Databases,Spring 2025,Completed,Female,Freshman,27,2.2,4,18489.23,3266.57,2025-01-14
STU04561,Mathematics,Calculus I,Spring 2025,Enrolled,Female,Graduate,30,3.15,1,17782.3,2255.65,2025-01-20
STU04562,Business Administration,Marketing,Spring 2025,Dropped,Male,Freshman,25,2.7,3,17925.27,9930.13,2025-01-12
STU04563,Computer Science,Data Structures,Fall 2023,Enrolled,Male,Sophomore,23,2.96,3,16305.85,5399.47,2023-08-27
STU04564,Chemistry,Physical Chemistry,Spring 2024,Enrolled,Female,Junior,19,3.19,4,5261.47,1500.21,2024-01-26
STU04565,History,European History,Spring 2023,Completed,Male,Sophomore,19,2.63,3,24109.6,7566.58,2023-01-14
STU04566,Economics,Macroeconomics,Fall 2023,Dropped,Female,Sophomore,21,3.01,1,5447.32,2084.1,2023-08-23
STU04567,History,World History,Spring 2025,Completed,Female,Graduate,28,3.22,1,19611.83,1109.92,2025-01-25
STU04568,Mathematics,Probability,Spring 2025,Completed,Non-binary,Freshman,22,3.98,3,24452.39,12575.15,2025-01-17
STU04569,Economics,Microeconomics,Spring 2025,Dropped,Female,Senior,24,3.0,2,23017.6,4491.72,2025-01-06
STU04570,Computer Science,Operating Systems,Spring 2024,Completed,Male,Graduate,27,3.37,3,20188.23,8803.07,2024-01-16
STU04571,History,Modern History,Spring 2025,Waitlisted,Male,Graduate,25,3.44,2,7950.69,1063.55,2025-01-22
STU04572,Physics,Electromagnetism,Fall 2023,Completed,Male,Freshman,22,2.69,3,17148.58,1648.37,2023-08-20
STU04573,Psychology,Intro to Psychology,Spring 2025,Completed,Female,Freshman,21,2.61,3,16165.77,3979.82,2025-01-09
STU04574,Computer Science,Operating Systems,Fall 2023,Enrolled,Male,Freshman,28,2.76,4,14667.01,3161.6,2023-09-02
STU04575,English,Poetry,Spring 2025,Enrolled,Female,Graduate,32,3.79,2,11215.13,1279.16,2025-01-21
STU04576,Business Administration,Business Ethics,Fall 2023,Completed,Female,Freshman,24,3.2,4,6380.69,2684.79,2023-08-15
STU04577,Physics,Electromagnetism,Spring 2024,Waitlisted,Female,Sophomore,22,3.16,3,9653.38,2282.32,2024-01-09
STU04578,Psychology,Social Psychology,Fall 2024,Enrolled,Non-binary,Freshman,20,1.95,2,8826.78,1359.44,2024-08-26
STU04579,Business Administration,Marketing,Spring 2025,Waitlisted,Female,Sophomore,21,3.81,3,19933.03,8614.0,2025-01-10
STU04580,Psychology,Cognitive Psychology,Spring 2025,Enrolled,Female,Graduate,23,3.69,2,14952.4,7627.07,2025-01-15
STU04581,Psychology,Abnormal Psychology,Fall 2023,Waitlisted,Female,Sophomore,21,3.26,2,9258.48,4145.18,2023-08-18
STU04582,Biology,Anatomy,Spring 2023,Enrolled,Male,Junior,29,2.95,4,6319.62,2459.49,2023-01-22
STU04583,English,Poetry,Fall 2023,Completed,Female,Graduate,23,3.14,4,22230.56,601.45,2023-08-31
STU04584,Economics,Econometrics,Spring 2023,Enrolled,Female,Sophomore,21,3.09,1,13982.21,1660.67,2023-01-30
STU04585,History,US History,Spring 2023,Enrolled,Female,Graduate,27,3.38,4,23735.44,8801.08,2023-01-30
STU04586,Economics,International Economics,Spring 2023,Enrolled,Female,Freshman,25,3.26,1,19817.25,1309.07,2023-01-21
STU04587,Mathematics,Probability,Spring 2025,Enrolled,Male,Senior,19,3.46,2,24037.68,10645.99,2025-01-09
STU04588,Psychology,Intro to Psychology,Fall 2024,Completed,Female,Freshman,25,3.55,1,10234.86,5678.93,2024-09-01
STU04589,History,Modern History,Spring 2024,Enrolled,Male,Freshman,22,2.96,2,7603.27,3771.3,2024-01-24
STU04590,History,World History,Spring 2023,Completed,Male,Freshman,19,3.41,3,21641.77,3406.14,2023-01-13
STU04591,English,British Literature,Fall 2024,Enrolled,Non-binary,Junior,26,2.84,2,20238.76,2332.27,2024-08-14
STU04592,History,Modern History,Spring 2025,Enrolled,Female,Sophomore,21,3.69,4,7869.59,4170.18,2025-01-17
STU04593,Economics,Microeconomics,Spring 2025,Dropped,Male,Junior,25,3.19,3,6599.72,2385.61,2025-01-20
STU04594,Chemistry,Biochemistry,Spring 2025,Enrolled,Male,Senior,23,2.63,1,5957.96,2859.35,2025-01-10
STU04595,Computer Science,Machine Learning,Spring 2025,Waitlisted,Male,Senior,29,2.93,2,23375.29,1551.26,2025-01-26
STU04596,Physics,Quantum Physics,Spring 2025,Waitlisted,Non-binary,Senior,18,2.92,4,15884.89,372.24,2025-01-20
STU04597,Chemistry,Organic Chemistry,Fall 2024,Completed,Female,Senior,18,2.4,2,16759.8,8240.79,2024-08-15
STU04598,History,Modern History,Fall 2023,Enrolled,Female,Freshman,25,3.32,3,21928.82,9319.01,2023-09-05
STU04599,Economics,Microeconomics,Spring 2025,Completed,Male,Graduate,29,4.0,1,16211.96,3457.32,2025-01-26
STU04600,History,European History,Spring 2023,Enrolled,Male,Junior,23,3.34,1,10149.31,2681.12,2023-01-29
STU04601,Biology,Ecology,Spring 2025,Completed,Female,Sophomore,21,2.62,4,11006.22,6249.25,2025-01-21
STU04602,Economics,Microeconomics,Spring 2023,Completed,Female,Graduate,29,3.46,3,7772.42,2879.38,2023-01-17
STU04603,Business Administration,Accounting,Spring 2025,Enrolled,Female,Graduate,28,3.03,3,22266.12,2327.28,2025-01-19
STU04604,Chemistry,Biochemistry,Fall 2024,Enrolled,Female,Junior,19,2.36,2,6069.96,3568.92,2024-08-18
STU04605,Mathematics,Probability,Spring 2025,Completed,Female,Junior,22,1.84,4,16461.41,895.08,2025-01-06
STU04606,Physics,Quantum Physics,Spring 2024,Completed,Non-binary,Freshman,26,2.57,4,17512.84,1933.19,2024-01-09
STU04607,Mathematics,Probability,Spring 2025,Enrolled,Male,Graduate,29,3.82,3,16673.93,1835.63,2025-01-17
STU04608,English,Poetry,Fall 2023,Enrolled,Male,Senior,29,3.74,2,6130.22,2240.86,2023-08-31
STU04609,Psychology,Cognitive Psychology,Spring 2025,Completed,Female,Graduate,23,3.48,4,22007.16,12948.85,2025-01-14
STU04610,Mathematics,Probability,Spring 2025,Waitlisted,Male,Senior,23,3.25,1,20446.39,11733.2,2025-01-15
STU04611,Economics,Game Theory,Spring 2025,Enrolled,Female,Graduate,32,2.93,3,5981.0,3005.81,2025-01-07
STU04612,English,Composition,Spring 2024,Enrolled,Female,Freshman,19,3.19,3,12808.3,2590.09,2024-01-20
STU04613,Business Administration,Accounting,Fall 2024,Enrolled,Female,Junior,22,3.27,2,11310.79,2410.67,2024-08-26
STU04614,Biology,Ecology,Fall 2024,Dropped,Female,Graduate,23,3.31,2,5314.81,1521.12,2024-08-19
STU04615,Biology,Microbiology,Fall 2023,Completed,Male,Junior,28,3.31,4,16420.57,6242.76,2023-08-28
STU04616,Economics,Game Theory,Spring 2025,Enrolled,Male,Sophomore,26,2.92,4,21573.24,11235.08,2025-01-20
STU04617,English,Composition,Fall 2023,Completed,Female,Freshman,27,3.56,1,7107.87,1155.04,2023-08-26
STU04618,English,Poetry,Fall 2024,Waitlisted,Female,Freshman,26,3.55,4,5173.62,491.42,2024-08-15
STU04619,Computer Science,Databases,Spring 2023,Completed,Male,Graduate,29,3.14,1,9745.17,2906.77,2023-01-14
STU04620,Mathematics,Statistics,Spring 2023,Enrolled,Male,Junior,23,3.3,4,12826.28,1182.69,2023-01-23
STU04621,Mathematics,Calculus I,Spring 2025,Waitlisted,Male,Graduate,25,2.47,4,14521.83,5428.05,2025-01-21
STU04622,English,British Literature,Fall 2023,Dropped,Female,Senior,18,4.0,2,12485.27,6623.04,2023-08-30
STU04623,Psychology,Developmental Psychology,Spring 2025,Dropped,Non-binary,Sophomore,25,2.77,2,11833.48,1140.01,2025-01-16
STU04624,Economics,International Economics,Spring 2025,Completed,Female,Senior,27,3.34,4,24729.13,13440.39,2025-01-17
STU04625,Computer Science,Intro to CS,Spring 2024,Completed,Male,Sophomore,29,3.3,3,15707.94,6671.41,2024-01-22
STU04626,Biology,Genetics,Spring 2024,Enrolled,Male,Graduate,33,2.92,1,12026.28,6428.65,2024-01-11
STU04627,Psychology,Cognitive Psychology,Spring 2025,Completed,Female,Graduate,34,3.86,1,6217.45,2631.23,2025-01-19
STU04628,Business Administration,Management,Fall 2024,Completed,Male,Graduate,33,3.01,4,14591.81,2526.53,2024-08-12
STU04629,English,Linguistics,Spring 2025,Completed,Male,Graduate,28,2.68,3,19619.61,2091.99,2025-01-14
STU04630,Economics,Microeconomics,Spring 2024,Completed,Female,Graduate,27,3.25,2,21473.45,4430.06,2024-01-28
STU04631,Mathematics,Differential Equations,Fall 2024,Dropped,Male,Senior,24,3.11,1,22921.13,4765.3,2024-08-24
STU04632,Business Administration,Marketing,Spring 2024,Dropped,Female,Freshman,23,3.34,4,6077.74,3581.33,2024-01-18
STU04633,History,Modern History,Fall 2023,Enrolled,Female,Freshman,27,3.73,2,20045.16,10839.48,2023-08-22
STU04634,Chemistry,Physical Chemistry,Fall 2023,Enrolled,Female,Senior,29,2.79,4,14310.4,7427.09,2023-08-26
STU04635,Chemistry,Physical Chemistry,Spring 2024,Completed,Female,Graduate,23,3.64,4,5939.08,2786.78,2024-01-22
STU04636,English,Creative Writing,Spring 2025,Dropped,Female,Junior,25,2.93,3,10722.42,3173.07,2025-01-14
STU04637,History,European History,Spring 2024,Completed,Male,Junior,21,2.11,1,8504.55,3921.35,2024-01-14
STU04638,Business Administration,Entrepreneurship,Fall 2023,Enrolled,Non-binary,Junior,22,3.36,4,15116.82,5847.46,2023-08-26
STU04639,Economics,Game Theory,Spring 2024,Waitlisted,Female,Sophomore,21,3.08,3,21771.21,12923.67,2024-01-11
STU04640,English,American Literature,Spring 2025,Enrolled,Male,Sophomore,18,3.11,4,24391.81,8010.2,2025-01-09
STU04641,Business Administration,Finance,Spring 2023,Enrolled,Female,Junior,24,2.51,3,7098.68,116.01,2023-01-24
STU04642,Physics,Thermodynamics,Spring 2025,Enrolled,Male,Freshman,22,3.45,4,12915.42,4278.18,2025-01-11
STU04643,Chemistry,General Chemistry,Fall 2024,Enrolled,Male,Graduate,22,2.64,3,10212.53,296.16,2024-09-02
STU04644,Physics,Relativity,Spring 2023,Completed,Female,Junior,26,3.03,1,20021.29,2351.02,2023-01-27
STU04645,Physics,Thermodynamics,Fall 2024,Enrolled,Female,Graduate,22,2.71,1,15875.54,8569.86,2024-08-28
STU04646,Computer Science,Web Dev,Spring 2025,Waitlisted,Male,Senior,26,2.56,2,5875.68,2443.21,2025-01-17
STU04647,Biology,Genetics,Spring 2024,Enrolled,Non-binary,Sophomore,25,4.0,2,8924.64,5255.66,2024-01-19
STU04648,Psychology,Social Psychology,Fall 2024,Enrolled,Female,Graduate,27,2.98,2,12313.12,4434.22,2024-09-01
STU04649,Economics,Macroeconomics,Spring 2025,Dropped,Female,Senior,29,2.97,2,11823.64,5303.02,2025-01-06
STU04650,Physics,Thermodynamics,Spring 2025,Enrolled,Male,Sophomore,23,3.14,4,15788.19,5006.37,2025-01-09
STU04651,Computer Science,Intro to CS,Fall 2024,Completed,Male,Sophomore,23,4.0,3,15779.84,6694.27,2024-09-02
STU04652,Computer Science,Machine Learning,Fall 2024,Enrolled,Male,Sophomore,18,3.77,2,7432.24,1184.83,2024-08-12
STU04653,Mathematics,Probability,Fall 2024,Waitlisted,Female,Graduate,24,3.56,3,17448.56,2669.65,2024-08-16
STU04654,English,Composition,Fall 2024,Waitlisted,Male,Senior,29,3.97,1,20225.06,4086.96,2024-09-01
STU04655,Chemistry,Analytical Chemistry,Fall 2023,Enrolled,Female,Junior,19,2.84,1,19367.57,4315.89,2023-08-24
STU04656,Economics,International Economics,Fall 2024,Enrolled,Male,Senior,22,3.64,3,17158.08,5855.71,2024-08-13
STU04657,English,Linguistics,Spring 2024,Enrolled,Female,Sophomore,25,2.94,1,5258.08,2086.34,2024-01-17
STU04658,English,Composition,Fall 2024,Completed,Male,Graduate,34,3.09,2,10919.66,2107.95,2024-08-26
STU04659,History,European History,Spring 2023,Enrolled,Male,Senior,24,3.71,2,9918.06,1914.8,2023-01-12
STU04660,Business Administration,Management,Spring 2024,Enrolled,Male,Sophomore,23,3.49,2,12254.74,7350.32,2024-01-26
STU04661,Business Administration,Marketing,Fall 2023,Completed,Female,Senior,24,2.25,2,14771.62,3694.71,2023-08-26
STU04662,Biology,Cell Biology,Fall 2024,Enrolled,Male,Graduate,33,2.38,3,19077.38,9061.83,2024-08-16
STU04663,Business Administration,Business Ethics,Spring 2024,Enrolled,Male,Freshman,21,2.88,1,15589.3,420.73,2024-01-23
STU04664,Physics,Thermodynamics,Spring 2023,Completed,Female,Graduate,32,3.19,4,17258.5,3141.07,2023-01-26
STU04665,Computer Science,Operating Systems,Fall 2024,Enrolled,Male,Senior,29,3.31,4,15290.4,1028.61,2024-08-22
STU04666,Mathematics,Differential Equations,Fall 2023,Completed,Female,Senior,25,2.76,2,17189.34,5318.13,2023-08-21
STU04667,Physics,Optics,Fall 2024,Completed,Male,Freshman,23,2.98,2,13536.57,2964.33,2024-08-12
STU04668,Psychology,Social Psychology,Fall 2023,Enrolled,Male,Sophomore,29,3.42,2,10183.86,4268.7,2023-09-03
STU04669,Mathematics,Linear Algebra,Spring 2024,Dropped,Male,Senior,23,2.85,3,20292.54,7764.03,2024-01-24
STU04670,Biology,Anatomy,Fall 2024,Completed,Female,Junior,18,3.61,3,13495.7,8035.15,2024-08-28
STU04671,Business Administration,Accounting,Spring 2023,Completed,Male,Junior,23,4.0,4,5812.0,1088.46,2023-01-18
STU04672,English,Composition,Spring 2025,Completed,Male,Senior,28,2.95,1,13522.23,1514.78,2025-01-26
STU04673,Psychology,Abnormal Psychology,Fall 2023,Enrolled,Female,Freshman,20,3.11,1,16885.37,3623.88,2023-08-29
STU04674,Physics,Relativity,Spring 2025,Completed,Male,Senior,22,2.84,2,7714.28,4064.73,2025-01-14
STU04675,Physics,Thermodynamics,Fall 2024,Completed,Male,Sophomore,26,1.52,2,9773.58,2623.18,2024-08-22
STU04676,Biology,Ecology,Spring 2025,Completed,Female,Graduate,29,3.35,1,9215.75,990.0,2025-01-21
STU04677,History,Ancient Civilizations,Spring 2023,Enrolled,Male,Graduate,32,3.48,1,16477.63,2407.21,2023-01-12
STU04678,Chemistry,Physical Chemistry,Spring 2024,Enrolled,Non-binary,Freshman,28,3.15,4,12808.0,357.88,2024-01-08
STU04679,Biology,Evolution,Fall 2023,Enrolled,Female,Senior,29,3.7,2,24120.89,13650.32,2023-08-29
STU04680,Economics,Game Theory,Spring 2024,Enrolled,Female,Freshman,24,3.18,4,23896.34,11409.27,2024-01-26
STU04681,History,World History,Spring 2025,Completed,Male,Sophomore,27,2.88,4,23267.12,6647.79,2025-01-11
STU04682,Mathematics,Statistics,Fall 2023,Waitlisted,Female,Junior,26,2.57,1,9530.57,2831.74,2023-08-19
STU04683,Computer Science,Databases,Spring 2024,Completed,Male,Junior,23,3.38,4,11938.27,4944.52,2024-01-11
STU04684,History,Modern History,Spring 2025,Enrolled,Female,Sophomore,18,3.42,2,23635.95,7805.3,2025-01-13
STU04685,Psychology,Abnormal Psychology,Spring 2025,Waitlisted,Female,Junior,26,2.81,2,13359.89,5361.2,2025-01-11
STU04686,Psychology,Developmental Psychology,Spring 2023,Enrolled,Male,Freshman,18,3.02,2,18761.78,7098.98,2023-01-23
STU04687,Economics,Game Theory,Spring 2025,Enrolled,Male,Freshman,25,3.19,2,18188.77,10497.58,2025-01-07
STU04688,Economics,Econometrics,Fall 2023,Enrolled,Male,Senior,24,2.49,3,20298.78,1419.14,2023-09-05
STU04689,Business Administration,Finance,Spring 2024,Enrolled,Female,Freshman,29,3.79,2,7848.85,186.41,2024-01-20
STU04690,Biology,Cell Biology,Spring 2024,Completed,Female,Senior,27,3.82,3,7539.4,848.18,2024-01-17
STU04691,History,Modern History,Spring 2025,Enrolled,Female,Junior,26,2.96,2,13410.97,4744.14,2025-01-17
STU04692,English,British Literature,Spring 2024,Completed,Male,Freshman,18,2.94,2,10839.52,5987.41,2024-01-08
STU04693,Mathematics,Probability,Spring 2024,Enrolled,Male,Senior,24,2.49,1,19049.94,7578.02,2024-01-26
STU04694,Computer Science,Intro to CS,Fall 2023,Waitlisted,Male,Junior,24,2.1,4,11960.78,1689.23,2023-09-05
STU04695,History,World History,Spring 2025,Completed,Male,Senior,29,3.66,4,20577.47,4626.62,2025-01-10
STU04696,Chemistry,Analytical Chemistry,Fall 2023,Completed,Female,Freshman,26,3.53,1,20878.09,7892.48,2023-09-02
STU04697,History,World History,Fall 2023,Enrolled,Male,Sophomore,29,3.46,4,16327.64,7835.17,2023-08-25
STU04698,English,British Literature,Fall 2024,Completed,Female,Freshman,24,3.23,1,19111.36,6574.22,2024-08-26
STU04699,Computer Science,Databases,Spring 2023,Completed,Male,Sophomore,26,3.08,3,15414.91,8895.12,2023-01-16
STU04700,Physics,Optics,Spring 2024,Completed,Male,Freshman,26,3.81,2,14719.77,7087.59,2024-01-14
STU04701,Psychology,Social Psychology,Fall 2023,Enrolled,Female,Sophomore,20,3.12,3,15575.89,7449.96,2023-08-23
STU04702,Economics,Macroeconomics,Spring 2025,Enrolled,Non-binary,Freshman,29,2.64,1,6106.01,2167.72,2025-01-10
STU04703,Physics,Thermodynamics,Spring 2025,Waitlisted,Male,Graduate,32,3.19,1,8230.48,1897.17,2025-01-21
STU04704,English,Poetry,Spring 2023,Completed,Female,Freshman,19,4.0,3,16515.62,9681.97,2023-01-11
STU04705,Business Administration,Entrepreneurship,Spring 2025,Enrolled,Female,Junior,22,2.75,1,8251.73,806.19,2025-01-07
STU04706,English,British Literature,Spring 2023,Enrolled,Female,Graduate,22,3.32,2,6520.68,3135.83,2023-01-18
STU04707,Business Administration,Management,Fall 2024,Enrolled,Male,Senior,28,3.52,1,16718.74,2107.74,2024-08-21
STU04708,Economics,Microeconomics,Fall 2024,Completed,Female,Sophomore,21,3.07,2,17091.26,1612.7,2024-08-17
STU04709,Physics,Optics,Spring 2025,Waitlisted,Female,Junior,23,2.0,1,7533.81,759.2,2025-01-23
STU04710,Economics,Microeconomics,Fall 2024,Enrolled,Non-binary,Sophomore,28,2.81,2,14132.34,6123.69,2024-08-31
STU04711,Physics,Mechanics,Spring 2025,Enrolled,Male,Sophomore,28,3.42,1,10999.27,3822.07,2025-01-07
STU04712,Business Administration,Accounting,Spring 2023,Enrolled,Non-binary,Sophomore,18,3.21,4,19386.45,724.96,2023-01-12
STU04713,Mathematics,Statistics,Spring 2024,Completed,Male,Sophomore,22,3.68,4,11757.84,6294.77,2024-01-11
STU04714,Chemistry,Physical Chemistry,Spring 2023,Enrolled,Male,Sophomore,20,3.01,4,15545.73,3037.15,2023-01-10
STU04715,Physics,Relativity,Spring 2023,Enrolled,Male,Senior,28,2.91,3,14473.3,8003.01,2023-01-19
STU04716,Mathematics,Statistics,Fall 2023,Completed,Male,Freshman,18,3.28,4,23711.36,3718.73,2023-08-18
STU04717,Computer Science,Data Structures,Fall 2024,Waitlisted,Female,Sophomore,27,3.96,2,19376.79,3639.75,2024-08-31
STU04718,Business Administration,Entrepreneurship,Spring 2025,Enrolled,Male,Junior,23,3.81,4,21211.86,1640.59,2025-01-20
STU04719,Business Administration,Business Ethics,Spring 2025,Enrolled,Female,Sophomore,28,2.99,1,6260.52,1961.6,2025-01-22
STU04720,Chemistry,Biochemistry,Fall 2024,Completed,Female,Graduate,26,2.75,1,8428.66,1879.39,2024-08-23
STU04721,Computer Science,Operating Systems,Fall 2024,Completed,Male,Graduate,29,3.78,1,23543.69,13763.82,2024-08-28
STU04722,Chemistry,Biochemistry,Spring 2023,Enrolled,Male,Freshman,19,2.97,2,11348.11,6554.03,2023-01-15
STU04723,History,World History,Spring 2024,Completed,Male,Freshman,18,3.03,1,9651.37,5572.29,2024-01-11
STU04724,Chemistry,Biochemistry,Fall 2024,Dropped,Female,Graduate,24,3.14,1,12957.16,6529.95,2024-09-02
STU04725,Business Administration,Management,Spring 2025,Enrolled,Female,Graduate,30,2.92,2,11097.36,5768.44,2025-01-07
STU04726,Chemistry,Analytical Chemistry,Fall 2024,Enrolled,Female,Junior,27,2.66,1,7480.87,46.06,2024-08-26
STU04727,History,World History,Fall 2024,Dropped,Female,Graduate,24,2.78,1,7526.16,1678.19,2024-08-18
STU04728,History,US History,Fall 2024,Completed,Male,Senior,26,3.92,2,6564.8,2191.23,2024-08-29
STU04729,Business Administration,Business Ethics,Fall 2024,Dropped,Female,Freshman,21,3.87,4,23212.07,5715.44,2024-08-31
STU04730,Chemistry,Organic Chemistry,Fall 2024,Enrolled,Male,Graduate,26,3.71,1,10364.3,1781.98,2024-09-01
STU04731,Chemistry,Physical Chemistry,Spring 2024,Waitlisted,Non-binary,Senior,20,2.95,4,24278.32,9093.64,2024-01-16
STU04732,Physics,Thermodynamics,Spring 2025,Completed,Female,Junior,29,3.03,4,7335.33,1628.98,2025-01-15
STU04733,History,Ancient Civilizations,Fall 2024,Waitlisted,Female,Sophomore,28,2.97,1,23257.48,7926.85,2024-08-14
STU04734,Mathematics,Statistics,Spring 2025,Waitlisted,Female,Graduate,29,2.21,4,21130.97,51.03,2025-01-15
STU04735,Mathematics,Statistics,Spring 2025,Completed,Male,Graduate,22,4.0,3,14700.56,1444.03,2025-01-06
STU04736,Business Administration,Marketing,Spring 2023,Dropped,Female,Sophomore,18,3.08,4,8395.9,4688.65,2023-01-24
STU04737,History,World History,Spring 2023,Enrolled,Male,Graduate,27,3.72,4,22536.79,5012.82,2023-01-25
STU04738,History,World History,Spring 2025,Enrolled,Female,Junior,27,2.69,4,20873.43,5456.29,2025-01-18
STU04739,Psychology,Developmental Psychology,Spring 2025,Waitlisted,Female,Senior,28,2.67,1,18170.13,1263.92,2025-01-21
STU04740,Mathematics,Statistics,Spring 2024,Enrolled,Female,Senior,29,2.72,3,17501.07,3054.22,2024-01-10
STU04741,Computer Science,Algorithms,Spring 2023,Enrolled,Female,Sophomore,22,3.11,2,20249.03,685.4,2023-01-28
STU04742,Mathematics,Probability,Spring 2025,Enrolled,Male,Sophomore,29,2.9,3,10571.7,3666.52,2025-01-10
STU04743,Physics,Thermodynamics,Spring 2025,Enrolled,Male,Graduate,25,2.76,3,13600.47,3912.71,2025-01-06
STU04744,Psychology,Developmental Psychology,Fall 2023,Enrolled,Male,Sophomore,18,3.64,1,6069.07,716.88,2023-08-25
STU04745,English,Creative Writing,Spring 2024,Enrolled,Female,Sophomore,27,2.33,3,10784.02,2376.64,2024-01-22
STU04746,Biology,Cell Biology,Fall 2023,Enrolled,Male,Senior,23,3.34,1,20378.19,10555.55,2023-08-20
STU04747,English,Poetry,Spring 2025,Completed,Male,Sophomore,21,2.59,2,13338.14,2887.44,2025-01-19
STU04748,Physics,Electromagnetism,Fall 2024,Completed,Male,Freshman,24,3.13,2,22889.57,2033.8,2024-08-26
STU04749,Business Administration,Accounting,Spring 2025,Waitlisted,Male,Freshman,25,2.83,3,21348.63,3542.57,2025-01-22
STU04750,Mathematics,Linear Algebra,Spring 2025,Dropped,Female,Senior,27,3.35,2,19181.73,9037.67,2025-01-18
STU04751,Chemistry,Organic Chemistry,Fall 2024,Completed,Female,Senior,21,4.0,2,17316.87,3720.87,2024-08-12
STU04752,Chemistry,General Chemistry,Spring 2025,Enrolled,Male,Graduate,26,2.97,2,17290.37,7193.36,2025-01-10
STU04753,Biology,Cell Biology,Fall 2023,Completed,Female,Graduate,26,2.78,1,10773.04,2882.61,2023-08-19
STU04754,Psychology,Intro to Psychology,Fall 2024,Waitlisted,Female,Graduate,33,3.11,4,16747.72,1620.21,2024-08-22
STU04755,Physics,Thermodynamics,Fall 2023,Completed,Non-binary,Graduate,31,2.82,4,20011.26,10549.36,2023-09-01
STU04756,Biology,Evolution,Spring 2024,Completed,Male,Junior,28,3.44,3,22670.4,9736.83,2024-01-19
STU04757,Physics,Quantum Physics,Fall 2023,Completed,Female,Graduate,34,2.23,2,24942.27,10188.67,2023-08-28
STU04758,Biology,Evolution,Spring 2025,Completed,Female,Junior,26,3.41,3,13316.68,7097.57,2025-01-26
STU04759,Chemistry,Organic Chemistry,Spring 2023,Enrolled,Male,Freshman,20,3.07,4,20079.15,10454.1,2023-01-29
STU04760,Psychology,Developmental Psychology,Spring 2025,Completed,Male,Sophomore,21,3.78,3,10098.53,5543.58,2025-01-16
STU04761,English,British Literature,Fall 2023,Completed,Male,Senior,27,2.67,2,19025.46,7377.49,2023-08-31
STU04762,Computer Science,Databases,Spring 2024,Completed,Male,Senior,22,3.69,1,24373.82,5177.37,2024-01-13
STU04763,Psychology,Cognitive Psychology,Fall 2024,Waitlisted,Male,Graduate,24,2.73,4,17499.27,2505.45,2024-08-12
STU04764,Mathematics,Probability,Fall 2024,Enrolled,Male,Sophomore,18,2.98,1,17928.44,8195.5,2024-08-31
STU04765,Biology,Evolution,Spring 2025,Completed,Female,Freshman,25,3.15,3,5112.77,1274.99,2025-01-26
STU04766,Physics,Quantum Physics,Spring 2023,Completed,Male,Junior,23,3.28,1,18049.16,2218.83,2023-01-10
STU04767,Chemistry,Biochemistry,Fall 2023,Completed,Male,Senior,29,3.53,1,6627.88,456.11,2023-08-25
STU04768,Chemistry,Biochemistry,Spring 2024,Completed,Female,Senior,21,3.8,3,19875.16,9932.63,2024-01-13
STU04769,English,Linguistics,Spring 2024,Enrolled,Male,Freshman,20,2.7,4,23222.66,6986.4,2024-01-28
STU04770,Mathematics,Differential Equations,Spring 2023,Waitlisted,Male,Sophomore,27,2.19,3,12800.94,3352.06,2023-01-27
STU04771,Business Administration,Management,Fall 2023,Completed,Female,Freshman,25,2.95,1,12890.45,3557.06,2023-09-05
STU04772,Computer Science,Intro to CS,Fall 2024,Dropped,Male,Junior,29,3.55,3,7824.59,2066.24,2024-09-02
STU04773,Business Administration,Entrepreneurship,Spring 2024,Completed,Female,Junior,27,2.91,4,23349.3,12543.16,2024-01-28
STU04774,Mathematics,Probability,Fall 2024,Completed,Female,Senior,18,3.23,4,17372.43,714.98,2024-09-02
STU04775,Computer Science,Algorithms,Spring 2023,Completed,Male,Graduate,23,4.0,3,15505.44,4293.39,2023-01-22
STU04776,Biology,Microbiology,Spring 2024,Waitlisted,Female,Senior,28,2.56,3,8700.46,824.77,2024-01-23
STU04777,Business Administration,Marketing,Spring 2025,Enrolled,Male,Sophomore,25,2.69,2,22678.45,7399.22,2025-01-14
STU04778,Biology,Anatomy,Fall 2023,Completed,Female,Senior,27,3.21,1,23398.04,6869.22,2023-08-28
STU04779,Chemistry,Analytical Chemistry,Fall 2023,Enrolled,Male,Graduate,33,3.81,2,19843.26,9684.53,2023-08-15
STU04780,History,Modern History,Spring 2024,Completed,Female,Senior,22,2.56,3,5712.65,3340.82,2024-01-22
STU04781,Computer Science,Networks,Spring 2023,Completed,Male,Junior,26,3.0,4,8944.04,3254.54,2023-01-10
STU04782,Computer Science,Intro to CS,Fall 2024,Completed,Non-binary,Sophomore,18,3.48,2,15097.54,4421.13,2024-08-23
STU04783,Psychology,Cognitive Psychology,Spring 2023,Waitlisted,Female,Graduate,24,1.79,2,22806.59,126.63,2023-01-12
STU04784,Mathematics,Discrete Math,Spring 2025,Enrolled,Female,Senior,23,3.02,2,9068.55,1557.25,2025-01-14
STU04785,Economics,Game Theory,Spring 2025,Dropped,Male,Junior,25,3.01,2,7564.18,1015.76,2025-01-10
STU04786,Business Administration,Finance,Fall 2023,Enrolled,Male,Junior,22,3.49,4,18548.51,10764.15,2023-08-21
STU04787,Business Administration,Finance,Fall 2024,Enrolled,Male,Senior,18,3.39,1,7962.82,4746.95,2024-08-15
STU04788,Chemistry,Physical Chemistry,Spring 2024,Enrolled,Male,Junior,20,3.15,3,15305.59,217.23,2024-01-09
STU04789,Biology,Ecology,Spring 2024,Completed,Female,Graduate,33,2.74,1,5419.04,165.12,2024-01-25
STU04790,Mathematics,Discrete Math,Fall 2024,Waitlisted,Female,Junior,23,3.23,1,23882.57,9440.56,2024-08-21
STU04791,Physics,Thermodynamics,Fall 2023,Enrolled,Male,Sophomore,27,2.9,4,10649.38,339.83,2023-08-22
STU04792,Psychology,Intro to Psychology,Spring 2024,Completed,Male,Sophomore,25,3.11,4,19504.46,11657.21,2024-01-27
STU04793,Chemistry,Physical Chemistry,Spring 2023,Completed,Female,Graduate,22,3.23,3,14062.51,1877.96,2023-01-10
STU04794,English,Linguistics,Spring 2025,Completed,Female,Junior,26,3.58,3,23082.81,3258.95,2025-01-12
STU04795,Physics,Mechanics,Fall 2024,Completed,Female,Freshman,26,2.68,2,13399.11,3089.71,2024-08-14
STU04796,History,US History,Spring 2025,Enrolled,Female,Sophomore,24,3.59,4,16779.51,2768.21,2025-01-13
STU04797,History,Ancient Civilizations,Spring 2024,Completed,Female,Graduate,28,3.19,2,7980.05,1329.24,2024-01-26
STU04798,English,Poetry,Spring 2024,Enrolled,Female,Freshman,29,2.56,4,5312.48,574.5,2024-01-25
STU04799,Chemistry,Physical Chemistry,Spring 2023,Enrolled,Female,Graduate,26,2.47,1,5906.07,2076.75,2023-01-30
STU04800,Psychology,Developmental Psychology,Spring 2025,Enrolled,Female,Sophomore,21,3.63,2,24203.51,9976.12,2025-01-22
STU04801,Biology,Anatomy,Fall 2024,Completed,Female,Senior,20,2.57,1,13613.35,5535.76,2024-08-20
STU04802,English,Creative Writing,Spring 2023,Enrolled,Male,Freshman,22,2.73,3,14408.93,1128.85,2023-01-17
STU04803,Chemistry,Physical Chemistry,Spring 2025,Enrolled,Male,Sophomore,19,2.78,4,11800.48,6492.8,2025-01-11
STU04804,Chemistry,Analytical Chemistry,Fall 2024,Dropped,Male,Graduate,26,3.52,1,22395.48,10045.42,2024-08-18
STU04805,Mathematics,Calculus I,Spring 2025,Completed,Male,Senior,22,3.04,3,13433.87,882.9,2025-01-18
STU04806,Economics,Game Theory,Spring 2023,Dropped,Non-binary,Graduate,26,3.26,1,17411.05,6957.1,2023-01-18
STU04807,English,Composition,Fall 2023,Completed,Male,Senior,29,2.77,4,7606.98,1462.87,2023-08-31
STU04808,Economics,Macroeconomics,Spring 2024,Enrolled,Male,Senior,20,3.83,1,17436.79,3733.45,2024-01-15
STU04809,Computer Science,Algorithms,Spring 2025,Completed,Male,Sophomore,27,2.77,2,20446.44,5599.71,2025-01-14
STU04810,Computer Science,Web Dev,Spring 2024,Enrolled,Female,Sophomore,19,3.44,3,10465.25,2525.94,2024-01-26
STU04811,English,Poetry,Spring 2025,Enrolled,Female,Junior,18,4.0,3,21869.8,5481.51,2025-01-23
STU04812,Economics,Game Theory,Fall 2023,Dropped,Female,Freshman,24,3.78,1,19728.79,3944.23,2023-08-23
STU04813,Mathematics,Probability,Spring 2024,Completed,Male,Senior,20,2.94,4,14118.47,7220.31,2024-01-24
STU04814,Biology,Evolution,Spring 2025,Completed,Female,Freshman,26,3.31,4,18096.98,3042.3,2025-01-17
STU04815,Psychology,Social Psychology,Spring 2024,Completed,Female,Graduate,26,2.66,4,19861.52,5975.63,2024-01-13
STU04816,Mathematics,Calculus I,Spring 2025,Completed,Female,Senior,20,2.14,2,19904.37,244.57,2025-01-25
STU04817,English,Poetry,Spring 2024,Waitlisted,Female,Graduate,33,3.76,3,15952.16,8476.55,2024-01-10
STU04818,Biology,Evolution,Spring 2025,Waitlisted,Male,Junior,18,3.01,4,16056.8,7269.28,2025-01-11
STU04819,Computer Science,Algorithms,Spring 2024,Enrolled,Male,Senior,21,2.35,4,20856.62,7549.9,2024-01-26
STU04820,English,Poetry,Spring 2024,Waitlisted,Male,Junior,24,3.52,4,18248.31,3052.8,2024-01-10
STU04821,History,Ancient Civilizations,Fall 2024,Dropped,Female,Senior,19,3.19,1,9693.04,4421.25,2024-08-23
STU04822,English,British Literature,Spring 2025,Dropped,Male,Senior,22,3.35,3,13809.63,2273.2,2025-01-15
STU04823,English,Linguistics,Spring 2023,Completed,Male,Junior,20,2.39,2,24586.0,7331.59,2023-01-24
STU04824,Economics,International Economics,Fall 2023,Completed,Female,Junior,23,2.86,4,14795.72,1950.83,2023-08-29
STU04825,English,American Literature,Fall 2024,Enrolled,Female,Sophomore,25,3.39,4,17196.53,5982.68,2024-08-16
STU04826,English,British Literature,Fall 2024,Waitlisted,Female,Senior,18,3.51,1,10559.95,4940.06,2024-08-28
STU04827,English,American Literature,Fall 2024,Enrolled,Female,Senior,21,3.03,2,5328.13,263.3,2024-08-13
STU04828,Physics,Relativity,Fall 2024,Enrolled,Female,Junior,29,1.9,1,19222.22,8930.96,2024-08-16
STU04829,Chemistry,General Chemistry,Spring 2024,Completed,Male,Junior,28,2.3,1,22498.24,2064.06,2024-01-22
STU04830,English,Creative Writing,Fall 2024,Enrolled,Male,Junior,29,3.12,1,18842.3,4504.86,2024-08-19
STU04831,English,Creative Writing,Spring 2023,Completed,Male,Junior,23,4.0,2,11545.87,4781.79,2023-01-16
STU04832,Psychology,Abnormal Psychology,Fall 2024,Completed,Male,Junior,25,3.14,4,22146.69,10850.56,2024-08-12
STU04833,Economics,Econometrics,Fall 2024,Enrolled,Non-binary,Senior,25,3.01,4,12985.51,5812.04,2024-08-27
STU04834,Computer Science,Machine Learning,Fall 2023,Waitlisted,Male,Senior,24,3.38,2,11280.29,802.31,2023-08-31
STU04835,Business Administration,Entrepreneurship,Spring 2024,Enrolled,Female,Freshman,20,2.38,3,5532.63,2387.96,2024-01-08
STU04836,Mathematics,Calculus I,Spring 2025,Enrolled,Female,Senior,22,3.23,1,24468.05,3253.38,2025-01-15
STU04837,Economics,Game Theory,Spring 2023,Waitlisted,Male,Senior,22,2.93,3,11999.52,1663.53,2023-01-28
STU04838,Psychology,Social Psychology,Fall 2024,Completed,Female,Senior,19,3.36,2,8053.24,1770.96,2024-08-21
STU04839,Psychology,Cognitive Psychology,Spring 2025,Waitlisted,Male,Freshman,22,2.74,3,17793.41,811.91,2025-01-26
STU04840,Chemistry,Organic Chemistry,Spring 2025,Completed,Female,Junior,21,2.7,4,21385.72,9835.6,2025-01-07
STU04841,Psychology,Developmental Psychology,Fall 2023,Enrolled,Female,Junior,25,3.16,2,5106.05,2259.04,2023-08-31
STU04842,History,World History,Fall 2023,Completed,Female,Graduate,28,3.18,4,16278.84,3949.18,2023-09-02
STU04843,English,Composition,Spring 2025,Enrolled,Male,Graduate,24,2.43,1,18495.26,8639.6,2025-01-09
STU04844,Physics,Optics,Fall 2023,Waitlisted,Male,Freshman,26,2.66,2,8106.6,4002.34,2023-08-21
STU04845,Business Administration,Marketing,Spring 2023,Completed,Male,Graduate,23,2.41,3,8197.37,2326.33,2023-01-22
STU04846,Mathematics,Probability,Fall 2024,Enrolled,Female,Senior,27,3.0,4,24944.1,11784.72,2024-08-13
STU04847,Psychology,Abnormal Psychology,Spring 2023,Waitlisted,Female,Freshman,22,3.02,4,23432.28,1064.76,2023-01-18
STU04848,Business Administration,Marketing,Spring 2025,Completed,Female,Junior,28,3.44,1,12233.56,4257.33,2025-01-20
STU04849,Computer Science,Operating Systems,Fall 2023,Completed,Non-binary,Graduate,32,3.52,2,7339.76,962.05,2023-09-05
STU04850,Psychology,Social Psychology,Spring 2024,Completed,Female,Sophomore,24,4.0,1,19121.53,6538.52,2024-01-14
STU04851,Biology,Ecology,Spring 2024,Dropped,Male,Senior,25,3.03,3,10101.19,575.1,2024-01-11
STU04852,Chemistry,General Chemistry,Spring 2025,Waitlisted,Female,Senior,23,2.99,2,16754.51,5812.09,2025-01-09
STU04853,Psychology,Intro to Psychology,Fall 2024,Enrolled,Female,Graduate,33,3.73,2,21529.68,4473.1,2024-08-13
STU04854,History,European History,Fall 2023,Waitlisted,Male,Graduate,30,2.61,3,10926.61,900.58,2023-08-17
STU04855,Business Administration,Entrepreneurship,Spring 2025,Waitlisted,Non-binary,Freshman,24,3.54,3,6784.86,2353.36,2025-01-13
STU04856,Business Administration,Finance,Spring 2023,Waitlisted,Non-binary,Freshman,25,3.44,4,8648.19,4128.29,2023-01-22
STU04857,English,Composition,Spring 2023,Completed,Male,Senior,25,3.24,1,17232.95,4894.4,2023-01-14
STU04858,Mathematics,Probability,Spring 2024,Enrolled,Female,Freshman,22,2.75,2,8120.97,1239.27,2024-01-10
STU04859,Business Administration,Entrepreneurship,Fall 2024,Completed,Male,Freshman,24,3.63,2,24656.05,103.42,2024-08-22
STU04860,Biology,Ecology,Spring 2025,Enrolled,Male,Freshman,29,3.51,2,22044.49,5467.43,2025-01-14
STU04861,Computer Science,Networks,Fall 2024,Completed,Female,Junior,27,3.67,1,15138.77,2520.78,2024-09-01
STU04862,Physics,Relativity,Spring 2024,Waitlisted,Male,Sophomore,29,3.69,3,14024.9,3369.38,2024-01-12
STU04863,Biology,Cell Biology,Fall 2024,Waitlisted,Male,Junior,28,3.58,2,23057.3,6910.3,2024-08-15
STU04864,Biology,Cell Biology,Fall 2024,Completed,Female,Senior,27,2.91,2,20220.41,8589.28,2024-09-01
STU04865,Computer Science,Databases,Spring 2024,Enrolled,Female,Graduate,31,2.96,2,7620.57,1347.62,2024-01-15
STU04866,Computer Science,Web Dev,Fall 2023,Enrolled,Male,Graduate,29,2.86,3,13674.39,2660.14,2023-08-15
STU04867,Economics,International Economics,Fall 2024,Waitlisted,Female,Graduate,24,3.42,2,22334.13,3232.34,2024-08-19
STU04868,Chemistry,Biochemistry,Fall 2024,Enrolled,Female,Freshman,20,2.62,3,14037.65,76.33,2024-08-22
STU04869,Mathematics,Discrete Math,Fall 2023,Enrolled,Female,Graduate,25,3.14,2,18704.21,10265.13,2023-08-31
STU04870,History,European History,Spring 2025,Completed,Female,Freshman,25,3.8,3,8292.32,2701.76,2025-01-21
STU04871,Physics,Thermodynamics,Spring 2024,Completed,Male,Graduate,33,2.61,1,8756.72,4911.44,2024-01-12
STU04872,English,British Literature,Fall 2024,Enrolled,Female,Freshman,28,2.9,4,18069.17,5107.08,2024-08-28
STU04873,Business Administration,Accounting,Spring 2025,Enrolled,Female,Senior,28,3.51,1,19971.71,1804.65,2025-01-22
STU04874,English,Creative Writing,Spring 2025,Dropped,Female,Junior,18,3.93,1,17419.33,8853.25,2025-01-14
STU04875,English,Linguistics,Spring 2023,Completed,Female,Junior,28,3.19,4,10737.09,668.5,2023-01-23
STU04876,Chemistry,General Chemistry,Fall 2023,Enrolled,Male,Senior,23,2.79,3,21472.06,1341.46,2023-08-23
STU04877,English,British Literature,Fall 2024,Dropped,Female,Junior,22,2.87,3,9114.24,2694.81,2024-08-28
STU04878,Psychology,Developmental Psychology,Spring 2023,Enrolled,Female,Sophomore,19,2.89,2,6934.66,3334.47,2023-01-24
STU04879,Economics,International Economics,Spring 2025,Enrolled,Female,Senior,28,2.92,4,13266.85,4443.81,2025-01-10
STU04880,Economics,Econometrics,Spring 2024,Waitlisted,Male,Freshman,21,3.31,2,5602.83,976.6,2024-01-25
STU04881,Biology,Anatomy,Spring 2024,Waitlisted,Female,Sophomore,22,4.0,4,6804.83,1161.52,2024-01-09
STU04882,Business Administration,Management,Fall 2024,Enrolled,Male,Junior,23,3.48,3,8724.43,1652.26,2024-08-23
STU04883,English,Poetry,Spring 2025,Completed,Male,Senior,27,2.4,4,18358.21,6295.21,2025-01-18
STU04884,Chemistry,General Chemistry,Spring 2024,Enrolled,Female,Junior,25,3.78,4,18520.03,7731.59,2024-01-09
STU04885,Economics,Microeconomics,Fall 2023,Enrolled,Male,Freshman,27,3.24,2,19495.65,11621.12,2023-09-01
STU04886,Economics,International Economics,Spring 2024,Completed,Female,Senior,19,2.81,3,9782.28,894.66,2024-01-20
STU04887,Mathematics,Differential Equations,Fall 2023,Dropped,Male,Sophomore,18,3.09,4,7304.33,2127.26,2023-08-16
STU04888,History,European History,Fall 2023,Enrolled,Male,Junior,24,3.45,1,22663.71,9629.59,2023-08-27
STU04889,Biology,Ecology,Spring 2023,Waitlisted,Female,Freshman,27,3.25,1,24065.27,14157.31,2023-01-28
STU04890,English,British Literature,Spring 2025,Enrolled,Male,Junior,25,3.52,3,7404.28,2429.74,2025-01-10
STU04891,English,Poetry,Spring 2025,Waitlisted,Male,Senior,20,3.11,2,8476.03,829.21,2025-01-22
STU04892,Mathematics,Statistics,Spring 2025,Waitlisted,Female,Sophomore,26,3.15,3,16838.75,5544.4,2025-01-20
STU04893,Economics,International Economics,Spring 2024,Enrolled,Female,Graduate,34,3.45,3,11059.16,1465.9,2024-01-17
STU04894,Computer Science,Databases,Spring 2025,Completed,Male,Graduate,32,3.32,4,23294.65,4866.12,2025-01-14
STU04895,Computer Science,Databases,Fall 2023,Completed,Male,Junior,21,2.73,4,7698.67,2756.64,2023-08-27
STU04896,Psychology,Social Psychology,Spring 2025,Enrolled,Female,Senior,24,2.69,2,17298.89,861.82,2025-01-20
STU04897,Biology,Microbiology,Fall 2024,Waitlisted,Female,Graduate,33,2.22,2,21542.62,2417.69,2024-08-21
STU04898,Mathematics,Probability,Fall 2024,Enrolled,Female,Graduate,33,3.14,3,16110.23,8382.58,2024-09-01
STU04899,Computer Science,Data Structures,Spring 2023,Enrolled,Female,Sophomore,20,3.82,1,11333.91,4822.62,2023-01-24
STU04900,Mathematics,Calculus I,Spring 2024,Enrolled,Male,Senior,25,2.18,3,13160.2,2556.91,2024-01-15
STU04901,Computer Science,Intro to CS,Fall 2024,Enrolled,Female,Sophomore,29,2.38,2,9523.27,4857.96,2024-09-01
STU04902,Business Administration,Management,Fall 2023,Completed,Male,Freshman,28,2.81,2,21948.42,5089.57,2023-08-29
STU04903,Psychology,Developmental Psychology,Fall 2024,Completed,Female,Freshman,25,2.44,2,10879.57,3102.34,2024-08-21
STU04904,Psychology,Social Psychology,Fall 2023,Waitlisted,Female,Senior,20,3.75,4,10684.21,397.96,2023-09-02
STU04905,History,Ancient Civilizations,Fall 2023,Waitlisted,Female,Sophomore,26,3.19,1,16794.58,7934.25,2023-08-28
STU04906,Psychology,Cognitive Psychology,Fall 2023,Completed,Male,Sophomore,25,3.07,4,7130.73,3484.95,2023-08-27
STU04907,History,European History,Spring 2024,Enrolled,Female,Junior,22,2.91,3,15773.45,7983.98,2024-01-13
STU04908,Computer Science,Databases,Spring 2024,Completed,Female,Sophomore,24,2.47,4,16934.45,7285.57,2024-01-11
STU04909,Business Administration,Management,Spring 2024,Completed,Female,Junior,22,2.99,1,9768.25,3209.13,2024-01-12
STU04910,Psychology,Abnormal Psychology,Spring 2024,Waitlisted,Male,Graduate,28,3.7,2,23074.6,1362.74,2024-01-22
STU04911,Chemistry,Analytical Chemistry,Spring 2024,Completed,Male,Junior,20,2.77,4,6170.83,1485.55,2024-01-20
STU04912,Business Administration,Finance,Spring 2025,Completed,Female,Sophomore,26,3.49,1,7531.3,3035.91,2025-01-10
STU04913,English,British Literature,Spring 2025,Completed,Female,Sophomore,27,2.85,3,9294.29,5101.57,2025-01-06
STU04914,Computer Science,Algorithms,Fall 2024,Dropped,Female,Freshman,23,3.48,4,9849.59,3092.26,2024-08-29
STU04915,Chemistry,Physical Chemistry,Spring 2024,Completed,Non-binary,Graduate,27,3.17,1,19700.28,1118.83,2024-01-20
STU04916,Mathematics,Probability,Spring 2025,Enrolled,Male,Sophomore,29,2.19,2,23532.43,6058.99,2025-01-18
STU04917,Physics,Thermodynamics,Spring 2024,Completed,Male,Freshman,20,3.11,2,10760.88,5105.67,2024-01-20
STU04918,Economics,Macroeconomics,Fall 2023,Completed,Female,Freshman,19,3.23,4,22094.4,2728.74,2023-08-30
STU04919,Mathematics,Calculus II,Spring 2024,Completed,Male,Graduate,32,3.74,3,7501.42,1246.65,2024-01-18
STU04920,Economics,Game Theory,Fall 2023,Waitlisted,Female,Junior,21,3.52,4,12597.09,5770.31,2023-08-23
STU04921,English,Linguistics,Spring 2025,Completed,Female,Junior,18,2.91,4,10439.12,917.14,2025-01-14
STU04922,Psychology,Abnormal Psychology,Fall 2024,Enrolled,Female,Junior,26,2.85,1,11205.87,2309.07,2024-08-15
STU04923,Physics,Quantum Physics,Fall 2024,Completed,Male,Junior,22,3.67,3,19952.09,55.07,2024-08-12
STU04924,Biology,Microbiology,Spring 2025,Enrolled,Male,Senior,28,2.79,1,17473.27,1260.86,2025-01-17
STU04925,Chemistry,Analytical Chemistry,Spring 2024,Waitlisted,Female,Sophomore,23,3.01,1,22113.75,10927.1,2024-01-25
STU04926,Computer Science,Databases,Fall 2023,Waitlisted,Female,Senior,25,3.73,3,16711.14,6905.27,2023-08-29
STU04927,Economics,Microeconomics,Spring 2025,Enrolled,Male,Freshman,20,3.47,1,16343.46,2127.9,2025-01-25
STU04928,Business Administration,Entrepreneurship,Spring 2024,Waitlisted,Male,Junior,20,2.97,4,15953.71,3201.09,2024-01-20
STU04929,English,Linguistics,Spring 2023,Enrolled,Female,Graduate,23,3.64,3,7440.2,4386.2,2023-01-28
STU04930,Computer Science,Data Structures,Fall 2024,Waitlisted,Female,Sophomore,27,3.15,4,12073.45,961.22,2024-08-20
STU04931,History,Ancient Civilizations,Fall 2024,Enrolled,Female,Graduate,32,3.99,1,15103.82,5373.08,2024-08-23
STU04932,Chemistry,Organic Chemistry,Fall 2023,Completed,Male,Freshman,18,3.1,1,17146.17,6333.26,2023-08-25
STU04933,Economics,Microeconomics,Spring 2023,Enrolled,Female,Graduate,33,3.03,3,16542.34,856.3,2023-01-11
STU04934,English,Composition,Spring 2025,Completed,Female,Junior,27,3.36,4,23460.64,69.54,2025-01-07
STU04935,English,Poetry,Fall 2024,Enrolled,Male,Freshman,26,2.88,2,20803.34,2802.47,2024-08-15
STU04936,English,Poetry,Fall 2024,Enrolled,Male,Junior,21,3.17,2,6870.31,2202.81,2024-08-16
STU04937,English,Poetry,Spring 2025,Enrolled,Female,Freshman,19,3.27,4,22527.57,7306.77,2025-01-08
STU04938,Economics,Econometrics,Spring 2023,Enrolled,Male,Graduate,25,2.94,2,6922.2,3607.34,2023-01-22
STU04939,Physics,Mechanics,Spring 2024,Completed,Male,Sophomore,24,2.67,4,9336.68,4844.81,2024-01-20
STU04940,Mathematics,Linear Algebra,Spring 2025,Enrolled,Female,Freshman,22,2.94,3,6519.77,2099.92,2025-01-09
STU04941,Biology,Cell Biology,Fall 2024,Completed,Male,Freshman,19,3.72,2,12189.43,1312.31,2024-08-13
STU04942,History,Ancient Civilizations,Spring 2024,Enrolled,Male,Sophomore,25,3.43,2,12006.44,660.91,2024-01-27
STU04943,History,World History,Spring 2025,Waitlisted,Male,Freshman,29,3.51,4,21792.11,3303.78,2025-01-18
STU04944,Physics,Thermodynamics,Spring 2024,Enrolled,Male,Senior,22,3.23,2,23575.82,4764.61,2024-01-12
STU04945,Computer Science,Machine Learning,Spring 2024,Waitlisted,Female,Sophomore,21,2.91,4,14607.36,1046.39,2024-01-09
STU04946,English,Creative Writing,Spring 2023,Waitlisted,Male,Senior,26,3.19,4,5976.66,1146.15,2023-01-30
STU04947,Computer Science,Operating Systems,Fall 2024,Enrolled,Female,Freshman,23,1.86,2,19058.42,9736.62,2024-08-23
STU04948,Mathematics,Probability,Spring 2024,Dropped,Male,Graduate,34,3.66,2,11805.73,1254.45,2024-01-13
STU04949,Physics,Electromagnetism,Spring 2024,Dropped,Female,Sophomore,22,3.6,2,19306.94,9162.12,2024-01-27
STU04950,Computer Science,Web Dev,Fall 2023,Enrolled,Female,Junior,28,2.79,1,17467.42,9410.93,2023-08-28
STU04951,History,European History,Spring 2024,Enrolled,Male,Junior,25,3.75,2,10432.82,4636.89,2024-01-12
STU04952,Physics,Mechanics,Fall 2024,Enrolled,Male,Sophomore,28,3.4,4,23444.35,6130.21,2024-08-29
STU04953,Chemistry,Analytical Chemistry,Fall 2024,Dropped,Female,Junior,29,2.34,1,8239.66,880.14,2024-08-21
STU04954,Business Administration,Marketing,Spring 2023,Enrolled,Male,Freshman,28,3.98,3,17361.45,8840.16,2023-01-12
STU04955,Chemistry,Physical Chemistry,Spring 2024,Dropped,Male,Graduate,30,2.05,2,7139.64,3261.97,2024-01-09
STU04956,Biology,Ecology,Spring 2024,Enrolled,Male,Senior,22,2.93,2,9359.1,5198.08,2024-01-17
STU04957,Biology,Cell Biology,Fall 2023,Completed,Male,Junior,25,2.05,2,7290.18,231.12,2023-08-31
STU04958,Economics,Microeconomics,Spring 2023,Dropped,Female,Freshman,20,3.3,4,5946.88,371.82,2023-01-28
STU04959,Chemistry,Organic Chemistry,Spring 2024,Completed,Female,Sophomore,20,2.66,1,23064.47,6797.33,2024-01-26
STU04960,Economics,Microeconomics,Spring 2025,Completed,Male,Freshman,24,3.46,2,7917.11,1224.64,2025-01-13
STU04961,English,Linguistics,Fall 2024,Completed,Female,Sophomore,26,2.92,2,7401.4,1098.39,2024-09-02
STU04962,Business Administration,Business Ethics,Spring 2024,Completed,Female,Graduate,25,2.86,3,7650.88,4563.75,2024-01-16
STU04963,History,Modern History,Spring 2023,Enrolled,Male,Freshman,21,3.24,3,6012.0,2889.38,2023-01-21
STU04964,Business Administration,Marketing,Spring 2024,Completed,Non-binary,Graduate,30,2.44,2,6580.65,2325.09,2024-01-25
STU04965,Computer Science,Data Structures,Spring 2025,Completed,Female,Graduate,27,1.94,1,21077.53,4053.08,2025-01-07
STU04966,History,Modern History,Spring 2025,Enrolled,Female,Freshman,21,3.09,4,19425.71,5050.89,2025-01-13
STU04967,Business Administration,Finance,Spring 2025,Enrolled,Female,Freshman,29,2.62,3,15079.64,8751.05,2025-01-25
STU04968,Chemistry,General Chemistry,Spring 2024,Completed,Female,Junior,28,3.97,3,23099.9,2477.58,2024-01-12
STU04969,Physics,Relativity,Spring 2024,Enrolled,Female,Senior,25,2.96,1,24353.28,1418.49,2024-01-14
STU04970,Economics,International Economics,Spring 2025,Enrolled,Male,Sophomore,25,3.41,1,15034.76,2692.76,2025-01-10
STU04971,Economics,Game Theory,Spring 2025,Enrolled,Male,Sophomore,28,2.95,4,8115.06,725.94,2025-01-14
STU04972,Mathematics,Discrete Math,Fall 2024,Enrolled,Male,Sophomore,27,3.38,4,7658.37,2175.01,2024-08-30
STU04973,Mathematics,Calculus I,Fall 2024,Completed,Female,Freshman,28,2.92,1,16213.05,7232.64,2024-08-26
STU04974,Business Administration,Finance,Spring 2024,Enrolled,Female,Graduate,24,3.43,3,15221.8,531.94,2024-01-23
STU04975,Business Administration,Marketing,Spring 2025,Enrolled,Male,Freshman,23,2.92,2,6454.22,727.29,2025-01-06
STU04976,Physics,Quantum Physics,Fall 2024,Completed,Female,Junior,24,3.25,4,16833.61,5460.1,2024-08-28
STU04977,Economics,International Economics,Spring 2025,Dropped,Male,Graduate,33,3.19,4,9812.5,5308.44,2025-01-17
STU04978,Physics,Relativity,Spring 2024,Enrolled,Female,Freshman,20,3.07,3,7465.93,2093.35,2024-01-16
STU04979,History,Modern History,Spring 2025,Enrolled,Male,Senior,20,2.65,4,20803.16,992.53,2025-01-24
STU04980,Biology,Evolution,Fall 2023,Completed,Male,Graduate,31,3.22,1,20393.16,6709.64,2023-08-28
STU04981,Business Administration,Finance,Spring 2023,Enrolled,Female,Freshman,25,2.86,2,10593.9,2041.16,2023-01-12
STU04982,English,Composition,Fall 2023,Waitlisted,Female,Senior,21,2.97,3,18372.05,4695.95,2023-09-02
STU04983,Psychology,Developmental Psychology,Fall 2023,Enrolled,Female,Freshman,29,3.06,4,17941.24,598.31,2023-08-18
STU04984,Economics,Econometrics,Spring 2025,Completed,Male,Senior,23,2.5,2,6997.35,588.96,2025-01-13
STU04985,English,Poetry,Spring 2023,Enrolled,Male,Senior,21,3.16,3,6335.52,54.39,2023-01-18
STU04986,Psychology,Abnormal Psychology,Spring 2025,Enrolled,Male,Sophomore,21,2.65,3,14798.32,4823.86,2025-01-15
STU04987,Business Administration,Entrepreneurship,Fall 2024,Waitlisted,Female,Junior,28,2.47,2,19912.92,9837.17,2024-08-18
STU04988,Psychology,Cognitive Psychology,Spring 2024,Completed,Female,Freshman,28,3.18,2,7133.05,2387.09,2024-01-11
STU04989,English,American Literature,Spring 2025,Dropped,Female,Freshman,19,3.36,4,13973.86,919.85,2025-01-18
STU04990,Chemistry,Analytical Chemistry,Fall 2024,Enrolled,Male,Senior,23,3.37,1,12896.06,4012.33,2024-08-30
STU04991,Business Administration,Marketing,Fall 2024,Waitlisted,Female,Sophomore,25,3.19,3,20726.34,1988.85,2024-08-27
STU04992,Biology,Evolution,Spring 2023,Completed,Male,Graduate,33,3.22,4,9664.1,1831.82,2023-01-15
STU04993,Psychology,Cognitive Psychology,Spring 2023,Completed,Female,Graduate,31,2.16,4,10732.31,614.34,2023-01-15
STU04994,English,American Literature,Fall 2023,Dropped,Male,Sophomore,25,4.0,1,11897.13,1455.94,2023-08-15
STU04995,Physics,Optics,Fall 2024,Dropped,Female,Junior,26,3.47,4,21852.81,2402.75,2024-09-01
STU04996,Psychology,Intro to Psychology,Spring 2023,Completed,Male,Graduate,25,4.0,2,16558.22,2644.91,2023-01-14
STU04997,Chemistry,Biochemistry,Spring 2023,Enrolled,Non-binary,Sophomore,20,2.69,2,6650.1,3359.63,2023-01-16
STU04998,Business Administration,Finance,Spring 2023,Completed,Female,Junior,19,1.97,1,14669.2,3370.7,2023-01-18
STU04999,Biology,Anatomy,Fall 2024,Completed,Female,Senior,22,3.14,3,16698.42,863.31,2024-08-31
STU05000,Computer Science,Web Dev,Fall 2023,Completed,Female,Senior,25,3.04,1,15940.37,8814.31,2023-09-03
